===============================================
       HEMULATOR DEBUG DUMP
===============================================

Timestamp: 2026-02-09 19:55:13
Cycle Count: 268026
Screenshot: screenshots\snes\20260209195513405.png

===============================================
       CPU STATE
===============================================

Program Counter: $15A7FA

Registers:
  PC = $0015A7FA
  C = $0001
  X = $00FF
  Y = $0035
  S = $1FF6
  D = $0000
  DBR = $00
  PBR = $15

Flags:
  N = 0
  V = 0
  m = 1
  x = 1
  D = 0
  I = 1
  Z = 0
  C = 1
  e = 0

===============================================
       DISASSEMBLY (±100 instructions from PC)
===============================================

  15A732  42 9C         WDM #$9C
  15A734  06 42         ASL $42
  15A736  9C 07 42      STZ $4207
  15A739  9C 08 42      STZ $4208
  15A73C  9C 09 42      STZ $4209
  15A73F  9C 0A 42      STZ $420A
  15A742  9C 0D 42      STZ $420D
  15A745  28            PLP
  15A746  60            RTS
  15A747  20 6C A7      JSR $A76C
  15A74A  A9 30         LDA #$30
  15A74C  8D 30 21      STA $2130
  15A74F  9C 31 21      STZ $2131
  15A752  A9 E0         LDA #$E0
  15A754  8D 32 21      STA $2132
  15A757  80 03         BRA $03
  15A759  20 6C A7      JSR $A76C
  15A75C  20 95 A7      JSR $A795
  15A75F  20 D1 A7      JSR $A7D1
  15A762  20 F1 C9      JSR $C9F1
  15A765  20 FB C9      JSR $C9FB
  15A768  20 B4 AB      JSR $ABB4
  15A76B  6B            RTL
  15A76C  9C 00 42      STZ $4200
  15A76F  A9 8F         LDA #$8F
  15A771  85 41         STA $41
  15A773  8D 00 21      STA $2100
  15A776  64 40         STZ $40
  15A778  9C 0C 42      STZ $420C
  15A77B  9C 0B 42      STZ $420B
  15A77E  9C 06 21      STZ $2106
  15A781  9C 21 21      STZ $2121
  15A784  9C 0C 42      STZ $420C
  15A787  A9 00         LDA #$00
  15A789  A2 07         LDX #$07
  15A78B  9D 0D 21      STA $210D,X
  15A78E  9D 0D 21      STA $210D,X
  15A791  CA            DEX
  15A792  10 F7         BPL $F7
  15A794  60            RTS
  15A795  9C 4C 02      STZ $024C
  15A798  64 DE         STZ $DE
  15A79A  64 E2         STZ $E2
  15A79C  64 E3         STZ $E3
  15A79E  64 E4         STZ $E4
  15A7A0  9C 4F 02      STZ $024F
  15A7A3  64 8F         STZ $8F
  15A7A5  64 D8         STZ $D8
  15A7A7  64 D9         STZ $D9
  15A7A9  64 27         STZ $27
  15A7AB  A9 0C         LDA #$0C
  15A7AD  8D 4D 02      STA $024D
  15A7B0  20 AD CF      JSR $CFAD
  15A7B3  60            RTS
  15A7B4  A0 00         LDY #$00
  15A7B6  02 9C         COP #$9C
  15A7B8  21 21         AND ($21,X)
  15A7BA  8E 02 43      STX $4302
  15A7BD  8D 04 43      STA $4304
  15A7C0  9C 00 43      STZ $4300
  15A7C3  8C 05 43      STY $4305
  15A7C6  A9 22         LDA #$22
  15A7C8  8D 01 43      STA $4301
  15A7CB  A9 01         LDA #$01
  15A7CD  8D 0B 42      STA $420B
  15A7D0  60            RTS
  15A7D1  A9 80         LDA #$80
  15A7D3  8D 15 21      STA $2115
  15A7D6  A9 09         LDA #$09
  15A7D8  8D 00 43      STA $4300
  15A7DB  A9 18         LDA #$18
  15A7DD  8D 01 43      STA $4301
  15A7E0  9C 04 43      STZ $4304
  15A7E3  C2 20         REP #$20
  15A7E5  9C 16 21      STZ $2116
  15A7E8  64 52         STZ $52
  15A7EA  A9 52 00      LDA #$0052
  15A7ED  8D 02 43      STA $4302
  15A7F0  9C 05 43      STZ $4305
  15A7F3  E2 20         SEP #$20
  15A7F5  A9 01         LDA #$01
  15A7F7  8D 0B 42      STA $420B
▶ 15A7FA  60            RTS
  15A7FB  AE 4F 02      LDX $024F
  15A7FE  E0 0C         CPX #$0C
  15A800  B0 15         BCS $15
  15A802  9D 50 02      STA $0250,X
  15A805  A9 FF         LDA #$FF
  15A807  FF 9D 5C 02   SBC $025C9D,X
  15A80B  E2 20         SEP #$20
  15A80D  98            TYA
  15A80E  9D 68 02      STA $0268,X
  15A811  E8            INX
  15A812  E8            INX
  15A813  8E 4F 02      STX $024F
  15A816  60            RTS
  15A817  E2 20         SEP #$20
  15A819  A2 00         LDX #$00
  15A81B  60            RTS
  15A81C  AE 4F 02      LDX $024F
  15A81F  F0 1A         BEQ $1A
  15A821  A0 80         LDY #$80
  15A823  8C 15 21      STY $2115
  15A826  C2 20         REP #$20
  15A828  BD 4E 02      LDA $024E,X
  15A82B  8D 16 21      STA $2116
  15A82E  AD 39 21      LDA $2139
  15A831  9D 5A 02      STA $025A,X
  15A834  CA            DEX
  15A835  CA            DEX
  15A836  D0 F0         BNE $F0
  15A838  8E 4F 02      STX $024F
  15A83B  60            RTS
  15A83C  A6 D8         LDX $D8
  15A83E  E4 D9         CPX $D9
  15A840  F0 58         BEQ $58
  15A842  BC BD 02      LDY $02BD,X
  15A845  8C 01 43      STY $4301
  15A848  BD BC 02      LDA $02BC,X
  15A84B  8D 04 43      STA $4304
  15A84E  BD D4 02      LDA $02D4,X
  15A851  8D 00 43      STA $4300
  15A854  C2 20         REP #$20
  15A856  BD 74 02      LDA $0274,X
  15A859  8D 02 43      STA $4302
  15A85C  BD 8C 02      LDA $028C,X
  15A85F  8D 05 43      STA $4305
  15A862  C0 22         CPY #$22
  15A864  F0 10         BEQ $10
  15A866  BD A4 02      LDA $02A4,X
  15A869  8D 16 21      STA $2116
  15A86C  E2 20         SEP #$20
  15A86E  BD D5 02      LDA $02D5,X
  15A871  8D 15 21      STA $2115
  15A874  80 0F         BRA $0F
  15A876  E2 20         SEP #$20
  15A878  A0 01         LDY #$01
  15A87A  BD A4 02      LDA $02A4,X
  15A87D  8D 21 21      STA $2121
  15A880  8C 0B 42      STY $420B
  15A883  80 05         BRA $05
  15A885  A9 01         LDA #$01
  15A887  8D 0B 42      STA $420B
  15A88A  9B            TXY
  15A88B  E8            INX
  15A88C  E8            INX
  15A88D  E0 18         CPX #$18
  15A88F  90 02         BCC $02
  15A891  A2 00         LDX #$00
  15A893  86 D8         STX $D8
  15A895  B9 EC 02      LDA $02EC,Y
  15A898  D0 A2         BNE $A2
  15A89A  60            RTS
  15A89B  A6 D9         LDX $D9
  15A89D  8A            TXA
  15A89E  18            CLC
  15A89F  69 02         ADC #$02
  15A8A1  C9 18         CMP #$18
  15A8A3  90 02         BCC $02
  15A8A5  A9 00         LDA #$00
  15A8A7  C5 D8         CMP $D8
  15A8A9  D0 03         BNE $03
  15A8AB  A2 FF         LDX #$FF
  15A8AD  60            RTS
  15A8AE  85 D9         STA $D9
  15A8B0  A9 00         LDA #$00
  15A8B2  9D EC 02      STA $02EC,X
  15A8B5  60            RTS
  15A8B6  9D A4 02      STA $02A4,X
  15A8B9  A9 01         LDA #$01
  15A8BB  80 9D         BRA $9D
  15A8BD  D4 02         PEI ($02)
  15A8BF  A9 00         LDA #$00
  15A8C1  18            CLC
  15A8C2  9D BC 02      STA $02BC,X
  15A8C5  E2 20         SEP #$20
  15A8C7  98            TYA
  15A8C8  9D 8C 02      STA $028C,X
  15A8CB  A9 00         LDA #$00
  15A8CD  9D 8D 02      STA $028D,X
  15A8D0  60            RTS
  15A8D1  AC 81 04      LDY $0481
  15A8D4  F0 28         BEQ $28
  15A8D6  A5 3F         LDA $3F
  15A8D8  2D 82 04      AND $0482
  15A8DB  D0 21         BNE $21
  15A8DD  A6 41         LDX $41
  15A8DF  98            TYA
  15A8E0  30 0F         BMI $0F
  15A8E2  E8            INX
  15A8E3  E0 0F         CPX #$0F
  15A8E5  90 05         BCC $05
  15A8E7  A2 0F         LDX #$0F
  15A8E9  9C 81 04      STZ $0481
  15A8EC  86 41         STX $41
  15A8EE  A9 00         LDA #$00
  15A8F0  60            RTS
  15A8F1  CA            DEX
  15A8F2  30 02         BMI $02
  15A8F4  D0 F6         BNE $F6

===============================================
       MEMORY REGIONS
===============================================

--- WRAM (Low) ($0000-$1FFF, 8192 bytes) ---
Description: 128KB work RAM (low bank mirror)
Access: R/W

0000:  00 00 00 00 00 00 00 00  00 00 00 00 00 00 00 00  |................|
0010:  00 00 00 00 00 00 00 00  00 00 00 FE 00 6F 00 00  |.............o..|
0020:  00 00 00 00 00 00 00 00  00 00 00 9F 00 00 7F CA  |................|
0030:  10 F9 4C 72 04 00 00 00  00 00 00 00 00 00 00 00  |..Lr............|
0040:  00 8F 00 00 00 00 00 00  00 00 00 00 00 00 00 00  |................|
0050:  00 00 00 00 00 00 00 00  00 00 00 00 00 00 00 00  |................|
0060:  00 00 00 00 00 00 00 00  00 00 00 00 00 00 00 00  |................|
0070:  00 00 00 00 00 00 00 00  00 00 00 00 00 00 00 00  |................|
0080:  00 00 00 00 00 00 00 00  00 00 00 00 00 00 00 00  |................|
0090:  00 00 00 00 00 00 00 00  00 00 00 00 00 00 00 00  |................|
00A0:  00 00 00 00 00 00 00 00  00 00 00 00 00 00 00 00  |................|
00B0:  00 00 00 00 00 00 00 00  00 00 00 00 00 00 00 00  |................|
00C0:  00 00 00 00 00 00 00 00  00 00 00 00 00 00 00 00  |................|
00D0:  00 00 00 00 00 00 00 00  00 00 00 00 00 00 00 00  |................|
00E0:  00 00 00 00 00 00 00 00  00 00 00 00 00 00 00 00  |................|
00F0:  00 00 00 00 00 00 00 00  00 00 00 00 00 00 00 00  |................|
0100:  00 00 00 00 00 00 00 00  00 00 00 00 00 00 00 00  |................|
0110:  00 00 00 00 00 00 00 00  00 00 00 00 00 00 00 00  |................|
0120:  00 00 00 00 00 00 00 00  00 00 00 00 00 00 00 00  |................|
0130:  00 00 00 00 00 00 00 00  00 00 00 00 00 00 00 00  |................|
0140:  00 00 00 00 00 00 00 00  00 00 00 00 00 00 00 00  |................|
0150:  00 00 00 00 00 00 00 00  00 00 00 00 00 00 00 00  |................|
0160:  00 00 00 00 00 00 00 00  00 00 00 00 00 00 00 00  |................|
0170:  00 00 00 00 00 00 00 00  00 00 00 00 00 00 00 00  |................|
0180:  00 00 00 00 00 00 00 00  00 00 00 00 00 00 00 00  |................|
0190:  00 00 00 00 00 00 00 00  00 00 00 00 00 00 00 00  |................|
01A0:  00 00 00 00 00 00 00 00  00 00 00 00 00 00 00 00  |................|
01B0:  00 00 00 00 00 00 00 00  00 00 00 00 00 00 00 00  |................|
01C0:  00 00 00 00 00 00 00 00  00 00 00 00 00 00 00 00  |................|
01D0:  00 00 00 00 00 00 00 00  00 00 00 00 00 00 00 00  |................|
01E0:  00 00 00 00 00 00 00 00  00 00 00 00 00 00 00 00  |................|
01F0:  00 00 00 00 00 00 00 00  00 00 00 00 00 00 00 00  |................|
0200:  00 00 00 00 00 00 00 00  00 00 00 00 00 00 00 00  |................|
0210:  00 00 00 00 00 00 00 00  00 00 00 00 00 00 00 00  |................|
0220:  00 00 00 00 00 00 00 00  00 00 00 00 00 00 00 00  |................|
0230:  00 00 00 00 00 00 00 00  00 00 00 00 00 00 00 00  |................|
0240:  00 00 00 00 00 00 00 00  00 00 00 00 00 0C 00 00  |................|
0250:  00 00 00 00 00 00 00 00  00 00 00 00 00 00 00 00  |................|
0260:  00 00 00 00 00 00 00 00  00 00 00 00 00 00 00 00  |................|
0270:  00 00 00 00 00 00 00 00  00 00 00 00 00 00 00 00  |................|
0280:  00 00 00 00 00 00 00 00  00 00 00 00 00 00 00 00  |................|
0290:  00 00 00 00 00 00 00 00  00 00 00 00 00 00 00 00  |................|
02A0:  00 00 00 00 00 00 00 00  00 00 00 00 00 00 00 00  |................|
02B0:  00 00 00 00 00 00 00 00  00 00 00 00 00 00 00 00  |................|
02C0:  00 00 00 00 00 00 00 00  00 00 00 00 00 00 00 00  |................|
02D0:  00 00 00 00 00 00 00 00  00 00 00 00 00 00 00 00  |................|
02E0:  00 00 00 00 00 00 00 00  00 00 00 00 00 00 00 00  |................|
02F0:  00 00 00 00 00 00 00 00  00 00 00 00 00 00 00 00  |................|
0300:  00 00 00 00 00 00 00 00  00 00 00 00 00 00 00 00  |................|
0310:  00 00 00 00 00 00 00 00  00 00 00 00 00 00 00 00  |................|
0320:  00 00 00 00 00 00 00 00  00 00 00 00 00 00 00 00  |................|
0330:  00 00 00 00 00 00 00 00  00 00 00 00 00 00 00 00  |................|
0340:  00 00 00 00 00 00 00 00  00 00 00 00 00 00 00 00  |................|
0350:  00 00 00 00 00 00 00 00  00 00 00 00 00 00 00 00  |................|
0360:  00 00 00 00 00 00 00 00  00 00 00 00 00 00 00 00  |................|
0370:  00 00 00 00 00 00 00 00  00 00 00 00 00 00 00 00  |................|
0380:  00 00 00 00 00 00 00 00  00 00 00 00 00 00 00 00  |................|
0390:  00 00 00 00 00 00 00 00  00 00 00 00 00 00 00 00  |................|
03A0:  00 00 00 00 00 00 00 00  00 00 00 00 00 00 00 00  |................|
03B0:  00 00 00 00 00 00 00 00  00 00 00 00 00 00 00 00  |................|
03C0:  00 00 00 00 00 00 00 00  00 00 00 00 00 00 00 00  |................|
03D0:  00 00 00 00 00 CE D3 03  D0 03 A9 FF 60 C2 20 A5  |............`. .|
03E0:  2C 38 E9 00 00 85 DC A9  00 10 85 2C E2 20 80 40  |,8.........,. .@|
03F0:  C2 30 A4 2C 98 18 65 3B  85 2C A6 38 8A 18 65 3B  |.0.,..e;.,.8..e;|
0400:  85 38 A5 3B E9 00 00 54  7F 00 E2 30 A0 00 5A AB  |.8.;...T...0..Z.|
0410:  AD 37 21 AD 3D 21 EB AD  3D 21 29 01 EB C2 20 C9  |.7!.=!..=!)... .|
0420:  E2 00 B0 0A C9 DC 00 90  05 E2 20 A9 01 60 E2 20  |.......... ..`. |
0430:  E6 35 D0 02 E6 36 B7 35  AA F0 9A 10 0E 29 1F 85  |.5...6.5.....)..|
0440:  3C E6 35 D0 02 E6 36 B7  35 80 04 64 3C 29 1F 85  |<.5...6.5..d<)..|
0450:  3B 8A 29 60 F0 9A C9 20  D0 0A B7 38 E6 38 D0 0A  |;.)`... ...8.8..|
0460:  E6 39 80 06 29 20 F0 02  A9 FF C2 10 A6 3B CA 4C  |.9..) .......;.L|
0470:  2B 00 C2 20 E2 10 A5 2C  18 65 3B 85 2C E2 30 80  |+.. ...,.e;.,.0.|
0480:  8F 00 00 00 00 00 00 00  00 00 00 00 00 00 00 00  |................|
0490:  00 00 00 00 00 00 00 00  00 00 00 00 00 00 00 00  |................|
04A0:  00 00 00 00 00 00 00 00  00 00 00 00 00 00 00 00  |................|
04B0:  00 00 00 00 00 00 00 00  00 00 00 00 00 00 00 00  |................|
04C0:  00 00 00 00 00 00 00 00  00 00 00 00 00 00 00 00  |................|
04D0:  00 00 00 00 00 00 00 00  00 00 00 00 00 00 00 00  |................|
04E0:  00 00 00 00 00 00 00 00  00 00 00 00 00 00 00 00  |................|
04F0:  00 00 00 00 00 00 00 00  00 00 00 00 00 00 00 00  |................|
0500:  00 00 00 00 00 00 00 00  00 00 00 00 00 00 00 00  |................|
0510:  00 00 00 00 00 00 00 00  00 00 00 00 00 00 00 00  |................|
0520:  00 00 00 00 00 00 00 00  00 00 00 00 00 00 00 00  |................|
0530:  00 00 00 00 00 00 00 00  00 00 00 00 00 00 00 00  |................|
0540:  00 00 00 00 00 00 00 00  00 00 00 00 00 00 00 00  |................|
0550:  00 00 00 00 00 00 00 00  00 00 00 00 00 00 00 00  |................|
0560:  00 00 00 00 00 00 00 00  00 00 00 00 00 00 00 00  |................|
0570:  00 00 00 00 00 00 00 00  00 00 00 00 00 00 00 00  |................|
0580:  00 00 00 00 00 00 00 00  00 00 00 00 00 00 00 00  |................|
0590:  00 00 00 00 00 00 00 00  00 00 00 00 00 00 00 00  |................|
05A0:  00 00 00 00 00 00 00 00  00 00 00 00 00 00 00 00  |................|
05B0:  00 00 00 00 00 00 00 00  00 00 00 00 00 00 00 00  |................|
05C0:  00 00 00 00 00 00 00 00  00 00 00 00 00 00 00 00  |................|
05D0:  00 00 00 00 00 00 00 00  00 00 00 00 00 00 00 00  |................|
05E0:  00 00 00 00 00 00 00 00  00 00 00 00 00 00 00 00  |................|
05F0:  00 00 00 00 00 00 00 00  00 00 00 00 00 00 00 00  |................|
0600:  00 00 00 00 00 00 00 00  00 00 00 00 00 00 00 00  |................|
0610:  00 00 00 00 00 00 00 00  00 00 00 00 00 00 00 00  |................|
0620:  00 00 00 00 00 00 00 00  00 00 00 00 00 00 00 00  |................|
0630:  00 00 00 00 00 00 00 00  00 00 00 00 00 00 00 00  |................|
0640:  00 00 00 00 00 00 00 00  00 00 00 00 00 00 00 00  |................|
0650:  00 00 00 00 00 00 00 00  00 00 00 00 00 00 00 00  |................|
0660:  00 00 00 00 00 00 00 00  00 00 00 00 00 00 00 00  |................|
0670:  00 00 00 00 00 00 00 00  00 00 00 00 00 00 00 00  |................|
0680:  00 00 00 00 00 00 00 00  00 00 00 00 00 00 00 00  |................|
0690:  00 00 00 00 00 00 00 00  00 00 00 00 00 00 00 00  |................|
06A0:  00 00 00 00 00 00 00 00  00 00 00 00 00 00 00 00  |................|
06B0:  00 00 00 00 00 00 00 00  00 00 00 00 00 00 00 00  |................|
06C0:  00 00 00 00 00 00 00 00  00 00 00 00 00 00 00 00  |................|
06D0:  00 00 00 00 00 00 00 00  00 00 00 00 00 00 00 00  |................|
06E0:  00 00 00 00 00 00 00 00  00 00 00 00 00 00 00 00  |................|
06F0:  00 00 00 00 00 00 00 00  00 00 00 00 00 00 00 00  |................|
0700:  00 00 00 00 00 00 00 00  00 00 00 00 00 00 00 00  |................|
0710:  00 00 00 00 00 00 00 00  00 00 00 00 00 00 00 00  |................|
0720:  00 00 00 00 00 00 00 00  00 00 00 00 00 00 00 00  |................|
0730:  00 00 00 00 00 00 00 00  00 00 00 00 00 00 00 00  |................|
0740:  00 00 00 00 00 00 00 00  00 00 00 00 00 00 00 00  |................|
0750:  00 00 00 00 00 00 00 00  00 00 00 00 00 00 00 00  |................|
0760:  00 00 00 00 00 00 00 00  00 00 00 00 00 00 00 00  |................|
0770:  00 00 00 00 00 00 00 00  00 00 00 00 00 00 00 00  |................|
0780:  00 00 00 00 00 00 00 00  00 00 00 00 00 00 00 00  |................|
0790:  00 00 00 00 00 00 00 00  00 00 00 00 00 00 00 00  |................|
07A0:  00 00 00 00 00 00 00 00  00 00 00 00 00 00 00 00  |................|
07B0:  00 00 00 00 00 00 00 00  00 00 00 00 00 00 00 00  |................|
07C0:  00 00 00 00 00 00 00 00  00 00 00 00 00 00 00 00  |................|
07D0:  00 00 00 00 00 00 00 00  00 00 00 00 00 00 00 00  |................|
07E0:  00 00 00 00 00 00 00 00  00 00 00 00 00 00 00 00  |................|
07F0:  00 00 00 00 00 00 00 00  00 00 00 00 00 00 00 00  |................|
0800:  00 00 00 00 00 00 00 00  00 00 00 00 00 00 00 00  |................|
0810:  00 00 00 00 00 00 00 00  00 00 00 00 00 00 00 00  |................|
0820:  00 00 00 00 00 00 00 00  00 00 00 00 00 00 00 00  |................|
0830:  00 00 00 00 00 00 00 00  00 00 00 00 00 00 00 00  |................|
0840:  00 00 00 00 00 00 00 00  00 00 00 00 00 00 00 00  |................|
0850:  00 00 00 00 00 00 00 00  00 00 00 00 00 00 00 00  |................|
0860:  00 00 00 00 00 00 00 00  00 00 00 00 00 00 00 00  |................|
0870:  00 00 00 00 00 00 00 00  00 00 00 00 00 00 00 00  |................|
0880:  00 00 00 00 00 00 00 00  00 00 00 00 00 00 00 00  |................|
0890:  00 00 00 00 00 00 00 00  00 00 00 00 00 00 00 00  |................|
08A0:  00 00 00 00 00 00 00 00  00 00 00 00 00 00 00 00  |................|
08B0:  00 00 00 00 00 00 00 00  00 00 00 00 00 00 00 00  |................|
08C0:  00 00 00 00 00 00 00 00  00 00 00 00 00 00 00 00  |................|
08D0:  00 00 00 00 00 00 00 00  00 00 00 00 00 00 00 00  |................|
08E0:  00 00 00 00 00 00 00 00  00 00 00 00 00 00 00 00  |................|
08F0:  00 00 00 00 00 00 00 00  00 00 00 00 00 00 00 00  |................|
0900:  00 00 00 00 00 00 00 00  00 00 00 00 00 00 00 00  |................|
0910:  00 00 00 00 00 00 00 00  00 00 00 00 00 00 00 00  |................|
0920:  00 00 00 00 00 00 00 00  00 00 00 00 00 00 00 00  |................|
0930:  00 00 00 00 00 00 00 00  00 00 00 00 00 00 00 00  |................|
0940:  00 00 00 00 00 00 00 00  00 00 00 00 00 00 00 00  |................|
0950:  00 00 00 00 00 00 00 00  00 00 00 00 00 00 00 00  |................|
0960:  00 00 00 00 00 00 00 00  00 00 00 00 00 00 00 00  |................|
0970:  00 00 00 00 00 00 00 00  00 00 00 00 00 00 00 00  |................|
0980:  00 00 00 00 00 00 00 00  00 00 00 00 00 00 00 00  |................|
0990:  00 00 00 00 00 00 00 00  00 00 00 00 00 00 00 00  |................|
09A0:  00 00 00 00 00 00 00 00  00 00 00 00 00 00 00 00  |................|
09B0:  00 00 00 00 00 00 00 00  00 00 00 00 00 00 00 00  |................|
09C0:  00 00 00 00 00 00 00 00  00 00 00 00 00 00 00 00  |................|
09D0:  00 00 00 00 00 00 00 00  00 00 00 00 00 00 00 00  |................|
09E0:  00 00 00 00 00 00 00 00  00 00 00 00 00 00 00 00  |................|
09F0:  00 00 00 00 00 00 00 00  00 00 00 00 00 00 00 00  |................|
0A00:  00 00 00 00 00 00 00 00  00 00 00 00 00 00 00 00  |................|
0A10:  00 00 00 00 00 00 00 00  00 00 00 00 00 00 00 00  |................|
0A20:  00 00 00 00 00 00 00 00  00 00 00 00 00 00 00 00  |................|
0A30:  00 00 00 00 00 00 00 00  00 00 00 00 00 00 00 00  |................|
0A40:  00 00 00 00 00 00 00 00  00 00 00 00 00 00 00 00  |................|
0A50:  00 00 00 00 00 00 00 00  00 00 00 00 00 00 00 00  |................|
0A60:  00 00 00 00 00 00 00 00  00 00 00 00 00 00 00 00  |................|
0A70:  00 00 00 00 00 00 00 00  00 00 00 00 00 00 00 00  |................|
0A80:  00 00 00 00 00 00 00 00  00 00 00 00 00 00 00 00  |................|
0A90:  00 00 00 00 00 00 00 00  00 00 00 00 00 00 00 00  |................|
0AA0:  00 00 00 00 00 00 00 00  00 00 00 00 00 00 00 00  |................|
0AB0:  00 00 00 00 00 00 00 00  00 00 00 00 00 00 00 00  |................|
0AC0:  00 00 00 00 00 00 00 00  00 00 00 00 00 00 00 00  |................|
0AD0:  00 00 00 00 00 00 00 00  00 00 00 00 00 00 00 00  |................|
0AE0:  00 00 00 00 00 00 00 00  00 00 00 00 00 00 00 00  |................|
0AF0:  00 00 00 00 00 00 00 00  00 00 00 00 00 00 00 00  |................|
0B00:  00 00 00 00 00 00 00 00  00 00 00 00 00 00 00 00  |................|
0B10:  00 00 00 00 00 00 00 00  00 00 00 00 00 00 00 00  |................|
0B20:  00 00 00 00 00 00 00 00  00 00 00 00 00 00 00 00  |................|
0B30:  00 00 00 00 00 00 00 00  00 00 00 00 00 00 00 00  |................|
0B40:  00 00 00 00 00 00 00 00  00 00 00 00 00 00 00 00  |................|
0B50:  00 00 00 00 00 00 00 00  00 00 00 00 00 00 00 00  |................|
0B60:  00 00 00 00 00 00 00 00  00 00 00 00 00 00 00 00  |................|
0B70:  00 00 00 00 00 00 00 00  00 00 00 00 00 00 00 00  |................|
0B80:  00 00 00 00 00 00 00 00  00 00 00 00 00 00 00 00  |................|
0B90:  00 00 00 00 00 00 00 00  00 00 00 00 00 00 00 00  |................|
0BA0:  00 00 00 00 00 00 00 00  00 00 00 00 00 00 00 00  |................|
0BB0:  00 00 00 00 00 00 00 00  00 00 00 00 00 00 00 00  |................|
0BC0:  00 00 00 00 00 00 00 00  00 00 00 00 00 00 00 00  |................|
0BD0:  00 00 00 00 00 00 00 00  00 00 00 00 00 00 00 00  |................|
0BE0:  00 00 00 00 00 00 00 00  00 00 00 00 00 00 00 00  |................|
0BF0:  00 00 00 00 00 00 00 00  00 00 00 00 00 00 00 00  |................|
0C00:  00 00 00 00 00 00 00 00  00 00 00 00 00 00 00 00  |................|
0C10:  00 00 00 00 00 00 00 00  00 00 00 00 00 00 00 00  |................|
0C20:  00 00 00 00 00 00 00 00  00 00 00 00 00 00 00 00  |................|
0C30:  00 00 00 00 00 00 00 00  00 00 00 00 00 00 00 00  |................|
0C40:  00 00 00 00 00 00 00 00  00 00 00 00 00 00 00 00  |................|
0C50:  00 00 00 00 00 00 00 00  00 00 00 00 00 00 00 00  |................|
0C60:  00 00 00 00 00 00 00 00  00 00 00 00 00 00 00 00  |................|
0C70:  00 00 00 00 00 00 00 00  00 00 00 00 00 00 00 00  |................|
0C80:  00 00 00 00 00 00 00 00  00 00 00 00 00 00 00 00  |................|
0C90:  00 00 00 00 00 00 00 00  00 00 00 00 00 00 00 00  |................|
0CA0:  00 00 00 00 00 00 00 00  00 00 00 00 00 00 00 00  |................|
0CB0:  00 00 00 00 00 00 00 00  00 00 00 00 00 00 00 00  |................|
0CC0:  00 00 00 00 00 00 00 00  00 00 00 00 00 00 00 00  |................|
0CD0:  00 00 00 00 00 00 00 00  00 00 00 00 00 00 00 00  |................|
0CE0:  00 00 00 00 00 00 00 00  00 00 00 00 00 00 00 00  |................|
0CF0:  00 00 00 00 00 00 00 00  00 00 00 00 00 00 00 00  |................|
0D00:  00 00 00 00 00 00 00 00  00 00 00 00 00 00 00 00  |................|
0D10:  00 00 00 00 00 00 00 00  00 00 00 00 00 00 00 00  |................|
0D20:  00 00 00 00 00 00 00 00  00 00 00 00 00 00 00 00  |................|
0D30:  00 00 00 00 00 00 00 00  00 00 00 00 00 00 00 00  |................|
0D40:  00 00 00 00 00 00 00 00  00 00 00 00 00 00 00 00  |................|
0D50:  00 00 00 00 00 00 00 00  00 00 00 00 00 00 00 00  |................|
0D60:  00 00 00 00 00 00 00 00  00 00 00 00 00 00 00 00  |................|
0D70:  00 00 00 00 00 00 00 00  00 00 00 00 00 00 00 00  |................|
0D80:  00 00 00 00 00 00 00 00  00 00 00 00 00 00 00 00  |................|
0D90:  00 00 00 00 00 00 00 00  00 00 00 00 00 00 00 00  |................|
0DA0:  00 00 00 00 00 00 00 00  00 00 00 00 00 00 00 00  |................|
0DB0:  00 00 00 00 00 00 00 00  00 00 00 00 00 00 00 00  |................|
0DC0:  00 00 00 00 00 00 00 00  00 00 00 00 00 00 00 00  |................|
0DD0:  00 00 00 00 00 00 00 00  00 00 00 00 00 00 00 00  |................|
0DE0:  00 00 00 00 00 00 00 00  00 00 00 01 00 00 00 00  |................|
0DF0:  00 00 00 00 00 00 00 00  00 00 00 00 00 00 00 00  |................|
0E00:  00 00 00 00 00 00 00 00  00 00 00 00 00 00 00 00  |................|
0E10:  00 00 00 00 00 00 00 00  00 00 00 00 00 00 00 00  |................|
0E20:  00 00 00 00 00 00 00 00  00 00 00 00 00 00 00 00  |................|
0E30:  00 00 00 00 00 00 00 00  00 00 00 00 00 00 00 00  |................|
0E40:  00 00 00 00 00 00 00 00  00 00 00 00 00 00 00 00  |................|
0E50:  00 00 00 00 00 00 00 00  00 00 00 00 00 00 00 00  |................|
0E60:  00 00 00 00 00 00 00 00  00 00 00 00 00 00 00 00  |................|
0E70:  00 00 00 00 00 00 00 00  00 00 00 00 00 00 00 00  |................|
0E80:  00 00 00 00 00 00 00 00  00 00 00 00 00 00 00 00  |................|
0E90:  00 00 00 00 00 00 00 00  00 00 00 00 00 00 00 00  |................|
0EA0:  00 00 00 00 00 00 00 00  00 00 00 00 00 00 00 00  |................|
0EB0:  00 00 00 00 00 00 00 00  00 00 00 00 00 00 00 00  |................|
0EC0:  00 00 00 00 00 00 00 00  00 00 00 00 00 00 00 00  |................|
0ED0:  00 00 00 00 00 00 00 00  00 00 00 00 00 00 00 00  |................|
0EE0:  00 00 00 00 00 00 00 00  00 00 00 00 00 00 00 00  |................|
0EF0:  00 00 00 00 00 00 00 00  00 00 00 00 00 00 00 00  |................|
0F00:  00 00 00 00 00 00 00 00  00 00 00 00 00 00 00 00  |................|
0F10:  00 00 00 00 00 00 00 00  00 00 00 00 00 00 00 00  |................|
0F20:  00 00 00 00 00 00 00 00  00 00 00 00 00 00 00 00  |................|
0F30:  00 00 00 00 00 00 00 00  00 00 00 00 00 00 00 00  |................|
0F40:  00 00 00 00 00 00 00 00  00 00 00 00 00 00 00 00  |................|
0F50:  00 00 00 00 00 00 00 00  00 00 00 00 00 00 00 00  |................|
0F60:  00 00 00 00 00 00 00 00  00 00 00 00 00 00 00 00  |................|
0F70:  00 00 00 00 00 00 00 00  00 00 00 00 00 00 00 00  |................|
0F80:  00 00 00 00 00 00 00 00  00 00 00 00 00 00 00 00  |................|
0F90:  00 00 00 00 00 00 00 00  00 00 00 00 00 00 00 00  |................|
0FA0:  00 00 00 00 00 00 00 00  00 00 00 00 00 00 00 00  |................|
0FB0:  00 00 00 00 00 00 00 00  00 00 00 00 00 00 00 00  |................|
0FC0:  00 00 00 00 00 00 00 00  00 00 00 00 00 00 00 00  |................|
0FD0:  00 00 00 00 00 00 00 00  00 00 00 00 00 00 00 00  |................|
0FE0:  00 00 00 00 00 00 00 00  00 00 00 00 00 00 00 00  |................|
0FF0:  00 00 00 00 00 00 00 00  00 00 00 00 00 00 00 00  |................|
1000:  00 00 00 00 00 00 00 00  00 00 00 00 00 00 00 00  |................|
1010:  00 00 00 00 00 00 00 00  00 00 00 00 00 00 00 00  |................|
1020:  00 00 00 00 00 00 00 00  00 00 00 00 00 00 00 00  |................|
1030:  00 00 00 00 00 00 00 00  00 00 00 00 00 00 00 00  |................|
1040:  00 00 00 00 00 00 00 00  00 00 00 00 00 00 00 00  |................|
1050:  00 00 00 00 00 00 00 00  00 00 00 00 00 00 00 00  |................|
1060:  00 00 00 00 00 00 00 00  00 00 00 00 00 00 00 00  |................|
1070:  00 00 00 00 00 00 00 00  00 00 00 00 00 00 00 00  |................|
1080:  00 00 00 00 00 00 00 00  00 00 00 00 00 00 00 00  |................|
1090:  00 00 00 00 00 00 00 00  00 00 00 00 00 00 00 00  |................|
10A0:  00 00 00 00 00 00 00 00  00 00 00 00 00 00 00 00  |................|
10B0:  00 00 00 00 00 00 00 00  00 00 00 00 00 00 00 00  |................|
10C0:  00 00 00 00 00 00 00 00  00 00 00 00 00 00 00 00  |................|
10D0:  00 00 00 00 00 00 00 00  00 00 00 00 00 00 00 00  |................|
10E0:  00 00 00 00 00 00 00 00  00 00 00 00 00 00 00 00  |................|
10F0:  00 00 00 00 00 00 00 00  00 00 00 00 00 00 00 00  |................|
1100:  00 00 00 00 00 00 00 00  00 00 00 00 00 00 00 00  |................|
1110:  00 00 00 00 00 00 00 00  00 00 00 00 00 00 00 00  |................|
1120:  00 00 00 00 00 00 00 00  00 00 00 00 00 00 00 00  |................|
1130:  00 00 00 00 00 00 00 00  00 00 00 00 00 00 00 00  |................|
1140:  00 00 00 00 00 00 00 00  00 00 00 00 00 00 00 00  |................|
1150:  00 00 00 00 00 00 00 00  00 00 00 00 00 00 00 00  |................|
1160:  00 00 00 00 00 00 00 00  00 00 00 00 00 00 00 00  |................|
1170:  00 00 00 00 00 00 00 00  00 00 00 00 00 00 00 00  |................|
1180:  00 00 00 00 00 00 00 00  00 00 00 00 00 00 00 00  |................|
1190:  00 00 00 00 00 00 00 00  00 00 00 00 00 00 00 00  |................|
11A0:  00 00 00 00 00 00 00 00  00 00 00 00 00 00 00 00  |................|
11B0:  00 00 00 00 00 00 00 00  00 00 00 00 00 00 00 00  |................|
11C0:  00 00 00 00 00 00 00 00  00 00 00 00 00 00 00 00  |................|
11D0:  00 00 00 00 00 00 00 00  00 00 00 00 00 00 00 00  |................|
11E0:  00 00 00 00 00 00 00 00  00 00 00 00 00 00 00 00  |................|
11F0:  00 00 00 00 00 00 00 00  00 00 00 00 00 00 00 00  |................|
1200:  00 00 00 00 00 00 00 00  00 00 00 00 00 00 00 00  |................|
1210:  00 00 00 00 00 00 00 00  00 00 00 00 00 00 00 00  |................|
1220:  00 00 00 00 00 00 00 00  00 00 00 00 00 00 00 00  |................|
1230:  00 00 00 00 00 00 00 00  00 00 00 00 00 00 00 00  |................|
1240:  00 00 00 00 00 00 00 00  00 00 00 00 00 00 00 00  |................|
1250:  00 00 00 00 00 00 00 00  00 00 00 00 00 00 00 00  |................|
1260:  00 00 00 00 00 00 00 00  00 00 00 00 00 00 00 00  |................|
1270:  00 00 00 00 00 00 00 00  00 00 00 00 00 00 00 00  |................|
1280:  00 00 00 00 00 00 00 00  00 00 00 00 00 00 00 00  |................|
1290:  00 00 00 00 00 00 00 00  00 00 00 00 00 00 00 00  |................|
12A0:  00 00 00 00 00 00 00 00  00 00 00 00 00 00 00 00  |................|
12B0:  00 00 00 00 00 00 00 00  00 00 00 00 00 00 00 00  |................|
12C0:  00 00 00 00 00 00 00 00  00 00 00 00 00 00 00 00  |................|
12D0:  00 00 00 00 00 00 00 00  00 00 00 00 00 00 00 00  |................|
12E0:  00 00 00 00 00 00 00 00  00 00 00 00 00 00 00 00  |................|
12F0:  00 00 00 00 00 00 00 00  00 00 00 00 00 00 00 00  |................|
1300:  00 00 00 00 00 00 00 00  00 00 00 00 00 00 00 00  |................|
1310:  00 00 00 00 00 00 00 00  00 00 00 00 00 00 00 00  |................|
1320:  00 00 00 00 00 00 00 00  00 00 00 00 00 00 00 00  |................|
1330:  00 00 00 00 00 00 00 00  00 00 00 00 00 00 00 00  |................|
1340:  00 00 00 00 00 00 00 00  00 00 00 00 00 00 00 00  |................|
1350:  00 00 00 00 00 00 00 00  00 00 00 00 00 00 00 00  |................|
1360:  00 00 00 00 00 00 00 00  00 00 00 00 00 00 00 00  |................|
1370:  00 00 00 00 00 00 00 00  00 00 00 00 00 00 00 00  |................|
1380:  00 00 00 00 00 00 00 00  00 00 00 00 00 00 00 00  |................|
1390:  00 00 00 00 00 00 00 00  00 00 00 00 00 00 00 00  |................|
13A0:  00 00 00 00 00 00 00 00  00 00 00 00 00 00 00 00  |................|
13B0:  00 00 00 00 00 00 00 00  00 00 00 00 00 00 00 00  |................|
13C0:  00 00 00 00 00 00 00 00  00 00 00 00 00 00 00 00  |................|
13D0:  00 00 00 00 00 00 00 00  00 00 00 00 00 00 00 00  |................|
13E0:  00 00 00 00 00 00 00 00  00 00 00 00 00 00 00 00  |................|
13F0:  00 00 00 00 00 00 00 00  00 00 00 00 00 00 00 00  |................|
1400:  00 00 00 00 00 00 00 00  00 00 00 00 00 00 00 00  |................|
1410:  00 00 00 00 00 00 00 00  00 00 00 00 00 00 00 00  |................|
1420:  00 00 00 00 00 00 00 00  00 00 00 00 00 00 00 00  |................|
1430:  00 00 00 00 00 00 00 00  00 00 00 00 00 00 00 00  |................|
1440:  00 00 00 00 00 00 00 00  00 00 00 00 00 00 00 00  |................|
1450:  00 00 00 00 00 00 00 00  00 00 00 00 00 00 00 00  |................|
1460:  00 00 00 00 00 00 00 00  00 00 00 00 00 00 00 00  |................|
1470:  00 00 00 00 00 00 00 00  00 00 00 00 00 00 00 00  |................|
1480:  00 00 00 00 00 00 00 00  00 00 00 00 00 00 00 00  |................|
1490:  00 00 00 00 00 00 00 00  00 00 00 00 00 00 00 00  |................|
14A0:  00 00 00 00 00 00 00 00  00 00 00 00 00 00 00 00  |................|
14B0:  00 00 00 00 00 00 00 00  00 00 00 00 00 00 00 00  |................|
14C0:  00 00 00 00 00 00 00 00  00 00 00 00 00 00 00 00  |................|
14D0:  00 00 00 00 00 00 00 00  00 00 00 00 00 00 00 00  |................|
14E0:  00 00 00 00 00 00 00 00  00 00 00 00 00 00 00 00  |................|
14F0:  00 00 00 00 00 00 00 00  00 00 00 00 00 00 00 00  |................|
1500:  00 00 00 00 00 00 00 00  00 00 00 00 00 00 00 00  |................|
1510:  00 00 00 00 00 00 00 00  00 00 00 00 00 00 00 00  |................|
1520:  00 00 00 00 00 00 00 00  00 00 00 00 00 00 00 00  |................|
1530:  00 00 00 00 00 00 00 00  00 00 00 00 00 00 00 00  |................|
1540:  00 00 00 00 00 00 00 00  00 00 00 00 00 00 00 00  |................|
1550:  00 00 00 00 00 00 00 00  00 00 00 00 00 00 00 00  |................|
1560:  00 00 00 00 00 00 00 00  00 00 00 00 00 00 00 00  |................|
1570:  00 00 00 00 00 00 00 00  00 00 00 00 00 00 00 00  |................|
1580:  00 00 00 00 00 00 00 00  00 00 00 00 00 00 00 00  |................|
1590:  00 00 00 00 00 00 00 00  00 00 00 00 00 00 00 00  |................|
15A0:  00 00 00 00 00 00 00 00  00 00 00 00 00 00 00 00  |................|
15B0:  00 00 00 00 00 00 00 00  00 00 00 00 00 00 00 00  |................|
15C0:  00 00 00 00 00 00 00 00  00 00 00 00 00 00 00 00  |................|
15D0:  00 00 00 00 00 00 00 00  00 00 00 00 00 00 00 00  |................|
15E0:  00 00 00 00 00 00 00 00  00 00 00 00 00 00 00 00  |................|
15F0:  00 00 00 00 00 00 00 00  00 00 00 00 00 00 00 00  |................|
1600:  00 00 00 00 00 00 00 00  00 00 00 00 00 00 00 00  |................|
1610:  00 00 00 00 00 00 00 00  00 00 00 00 00 00 00 00  |................|
1620:  00 00 00 00 00 00 00 00  00 00 00 00 00 00 00 00  |................|
1630:  00 00 00 00 00 00 00 00  00 00 00 00 00 00 00 00  |................|
1640:  00 00 00 00 00 00 00 00  00 00 00 00 00 00 00 00  |................|
1650:  00 00 00 00 00 00 00 00  00 00 00 00 00 00 00 00  |................|
1660:  00 00 00 00 00 00 00 00  00 00 00 00 00 00 00 00  |................|
1670:  00 00 00 00 00 00 00 00  00 00 00 00 00 00 00 00  |................|
1680:  00 00 00 00 00 00 00 00  00 00 00 00 00 00 00 00  |................|
1690:  00 00 00 00 00 00 00 00  00 00 00 00 00 00 00 00  |................|
16A0:  00 00 00 00 00 00 00 00  00 00 00 00 00 00 00 00  |................|
16B0:  00 00 00 00 00 00 00 00  00 00 00 00 00 00 00 00  |................|
16C0:  00 00 00 00 00 00 00 00  00 00 00 00 00 00 00 00  |................|
16D0:  00 00 00 00 00 00 00 00  00 00 00 00 00 00 00 00  |................|
16E0:  00 00 00 00 00 00 00 00  00 00 00 00 00 00 00 00  |................|
16F0:  00 00 00 00 00 00 00 00  00 00 00 00 00 00 00 00  |................|
1700:  00 00 00 00 00 00 00 00  00 00 00 00 00 00 00 00  |................|
1710:  00 00 00 00 00 00 00 00  00 00 00 00 00 00 00 00  |................|
1720:  00 00 00 00 00 00 00 00  00 00 00 00 00 00 00 00  |................|
1730:  00 00 00 00 00 00 00 00  00 00 00 00 00 00 00 00  |................|
1740:  00 00 00 00 00 00 00 00  00 00 00 00 00 00 00 00  |................|
1750:  00 00 00 00 00 00 00 00  00 00 00 00 00 00 00 00  |................|
1760:  00 00 00 00 00 00 00 00  00 00 00 00 00 00 00 00  |................|
1770:  00 00 00 00 00 00 00 00  00 00 00 00 00 00 00 00  |................|
1780:  00 00 00 00 00 00 00 00  00 00 00 00 00 00 00 00  |................|
1790:  00 00 00 00 00 00 00 00  00 00 00 00 00 00 00 00  |................|
17A0:  00 00 00 00 00 00 00 00  00 00 00 00 00 00 00 00  |................|
17B0:  00 00 00 00 00 00 00 00  00 00 00 00 00 00 00 00  |................|
17C0:  00 00 00 00 00 00 00 00  00 00 00 00 00 00 00 00  |................|
17D0:  00 00 00 00 00 00 00 00  00 00 00 00 00 00 00 00  |................|
17E0:  00 00 00 00 00 00 00 00  00 00 00 00 00 00 00 00  |................|
17F0:  00 00 00 00 00 00 00 00  00 00 00 00 00 00 00 00  |................|
1800:  00 00 00 00 00 00 00 00  00 00 00 00 00 00 00 00  |................|
1810:  00 00 00 00 00 00 00 00  00 00 00 00 00 00 00 00  |................|
1820:  00 00 00 00 00 00 00 00  00 00 00 00 00 00 00 00  |................|
1830:  00 00 00 00 00 00 00 00  00 00 00 00 00 00 00 00  |................|
1840:  00 00 00 00 00 00 00 00  00 00 00 00 00 00 00 00  |................|
1850:  00 00 00 00 00 00 00 00  00 00 00 00 00 00 00 00  |................|
1860:  00 00 00 00 00 00 00 00  00 00 00 00 00 00 00 00  |................|
1870:  00 00 00 00 00 00 00 00  00 00 00 00 00 00 00 00  |................|
1880:  00 00 00 00 00 00 00 00  00 00 00 00 00 00 00 00  |................|
1890:  00 00 00 00 00 00 00 00  00 00 00 00 00 00 00 00  |................|
18A0:  00 00 00 00 00 00 00 00  00 00 00 00 00 00 00 00  |................|
18B0:  00 00 00 00 00 00 00 00  00 00 00 00 00 00 00 00  |................|
18C0:  00 00 00 00 00 00 00 00  00 00 00 00 00 00 00 00  |................|
18D0:  00 00 00 00 00 00 00 00  00 00 00 00 00 00 00 00  |................|
18E0:  00 00 00 00 00 00 00 00  00 00 00 00 00 00 00 00  |................|
18F0:  00 00 00 00 00 00 00 00  00 00 00 00 00 00 00 00  |................|
1900:  00 00 00 00 00 00 00 00  00 00 00 00 00 00 00 00  |................|
1910:  00 00 00 00 00 00 00 00  00 00 00 00 00 00 00 00  |................|
1920:  00 00 00 00 00 00 00 00  00 00 00 00 00 00 00 00  |................|
1930:  00 00 00 00 00 00 00 00  00 00 00 00 00 00 00 00  |................|
1940:  00 00 00 00 00 00 00 00  00 00 00 00 00 00 00 00  |................|
1950:  00 00 00 00 00 00 00 00  00 00 00 00 00 00 00 00  |................|
1960:  00 00 00 00 00 00 00 00  00 00 00 00 00 00 00 00  |................|
1970:  00 00 00 00 00 00 00 00  00 00 00 00 00 00 00 00  |................|
1980:  00 00 00 00 00 00 00 00  00 00 00 00 00 00 00 00  |................|
1990:  00 00 00 00 00 00 00 00  00 00 00 00 00 00 00 00  |................|
19A0:  00 00 00 00 00 00 00 00  00 00 00 00 00 00 00 00  |................|
19B0:  00 00 00 00 00 00 00 00  00 00 00 00 00 00 00 00  |................|
19C0:  00 00 00 00 00 00 00 00  00 00 00 00 00 00 00 00  |................|
19D0:  00 00 00 00 00 00 00 00  00 00 00 00 00 00 00 00  |................|
19E0:  00 00 00 00 00 00 00 00  00 00 00 00 00 00 00 00  |................|
19F0:  00 00 00 00 00 00 00 00  00 00 00 00 00 00 00 00  |................|
1A00:  00 00 00 00 00 00 00 00  00 00 00 00 00 00 00 00  |................|
1A10:  00 00 00 00 00 00 00 00  00 00 00 00 00 00 00 00  |................|
1A20:  00 00 00 00 00 00 00 00  00 00 00 00 00 00 00 00  |................|
1A30:  00 00 00 00 00 00 00 00  00 00 00 00 00 00 00 00  |................|
1A40:  00 00 00 00 00 00 00 00  00 00 00 00 00 00 00 00  |................|
1A50:  00 00 00 00 00 00 00 00  00 00 00 00 00 00 00 00  |................|
1A60:  00 00 00 00 00 00 00 00  00 00 00 00 00 00 00 00  |................|
1A70:  00 00 00 00 00 00 00 00  00 00 00 00 00 00 00 00  |................|
1A80:  00 00 00 00 00 00 00 00  00 00 00 00 00 00 00 00  |................|
1A90:  00 00 00 00 00 00 00 00  00 00 00 00 00 00 00 00  |................|
1AA0:  00 00 00 00 00 00 00 00  00 00 00 00 00 00 00 00  |................|
1AB0:  00 00 00 00 00 00 00 00  00 00 00 00 00 00 00 00  |................|
1AC0:  00 00 00 00 00 00 00 00  00 00 00 00 00 00 00 00  |................|
1AD0:  00 00 00 00 00 00 00 00  00 00 00 00 00 00 00 00  |................|
1AE0:  00 00 00 00 00 00 00 00  00 00 00 00 00 00 00 00  |................|
1AF0:  00 00 00 00 00 00 00 00  00 00 00 00 00 00 00 00  |................|
1B00:  00 00 00 00 00 00 00 00  00 00 00 00 00 00 00 00  |................|
1B10:  00 00 00 00 00 00 00 00  00 00 00 00 00 00 00 00  |................|
1B20:  00 00 00 00 00 00 00 00  00 00 00 00 00 00 00 00  |................|
1B30:  00 00 00 00 00 00 00 00  00 00 00 00 00 00 00 00  |................|
1B40:  00 00 00 00 00 00 00 00  00 00 00 00 00 00 00 00  |................|
1B50:  00 00 00 00 00 00 00 00  00 00 00 00 00 00 00 00  |................|
1B60:  00 00 00 00 00 00 00 00  00 00 00 00 00 00 00 00  |................|
1B70:  00 00 00 00 00 00 00 00  00 00 00 00 00 00 00 00  |................|
1B80:  00 00 00 00 00 00 00 00  00 00 00 00 00 00 00 00  |................|
1B90:  00 00 00 00 00 00 00 00  00 00 00 00 00 00 00 00  |................|
1BA0:  00 00 00 00 00 00 00 00  00 00 00 00 00 00 00 00  |................|
1BB0:  00 00 00 00 00 00 00 00  00 00 00 00 00 00 00 00  |................|
1BC0:  00 00 00 00 00 00 00 00  00 00 00 00 00 00 00 00  |................|
1BD0:  00 00 00 00 00 00 00 00  00 00 00 00 00 00 00 00  |................|
1BE0:  00 00 00 00 00 00 00 00  00 00 00 00 00 00 00 00  |................|
1BF0:  00 00 00 00 00 00 00 00  00 00 00 00 00 00 00 00  |................|
1C00:  00 00 00 00 00 00 00 00  00 00 00 00 00 00 00 00  |................|
1C10:  00 00 00 00 00 00 00 00  00 00 00 00 00 00 00 00  |................|
1C20:  00 00 00 00 00 00 00 00  00 00 00 00 00 00 00 00  |................|
1C30:  00 00 00 00 00 00 00 00  00 00 00 00 00 00 00 00  |................|
1C40:  00 00 00 00 00 00 00 00  00 00 00 00 00 00 00 00  |................|
1C50:  00 00 00 00 00 00 00 00  00 00 00 00 00 00 00 00  |................|
1C60:  00 00 00 00 00 00 00 00  00 00 00 00 00 00 00 00  |................|
1C70:  00 00 00 00 00 00 00 00  00 00 00 00 00 00 00 00  |................|
1C80:  00 00 00 00 00 00 00 00  00 00 00 00 00 00 00 00  |................|
1C90:  00 00 00 00 00 00 00 00  00 00 00 00 00 00 00 00  |................|
1CA0:  00 00 00 00 00 00 00 00  00 00 00 00 00 00 00 00  |................|
1CB0:  00 00 00 00 00 00 00 00  00 00 00 00 00 00 00 00  |................|
1CC0:  00 00 00 00 00 00 00 00  00 00 00 00 00 00 00 00  |................|
1CD0:  00 00 00 00 00 00 00 00  00 00 00 00 00 00 00 00  |................|
1CE0:  00 00 00 00 00 00 00 00  00 00 00 00 00 00 00 00  |................|
1CF0:  00 00 00 00 00 00 00 00  00 00 00 00 00 00 00 00  |................|
1D00:  00 00 00 00 00 00 00 00  00 00 00 00 00 00 00 00  |................|
1D10:  00 00 00 00 00 00 00 00  00 00 00 00 00 00 00 00  |................|
1D20:  00 00 00 00 00 00 00 00  00 00 00 00 00 00 00 00  |................|
1D30:  00 00 00 00 00 00 00 00  00 00 00 00 00 00 00 00  |................|
1D40:  00 00 00 00 00 00 00 00  00 00 00 00 00 00 00 00  |................|
1D50:  00 00 00 00 00 00 00 00  00 00 00 00 00 00 00 00  |................|
1D60:  00 00 00 00 00 00 00 00  00 00 00 00 00 00 00 00  |................|
1D70:  00 00 00 00 00 00 00 00  00 00 00 00 00 00 00 00  |................|
1D80:  00 00 00 00 00 00 00 00  00 00 00 00 00 00 00 00  |................|
1D90:  00 00 00 00 00 00 00 00  00 00 00 00 00 00 00 00  |................|
1DA0:  00 00 00 00 00 00 00 00  00 00 00 00 00 00 00 00  |................|
1DB0:  00 00 00 00 00 00 00 00  00 00 00 00 00 00 00 00  |................|
1DC0:  00 00 00 00 00 00 00 00  00 00 00 00 00 00 00 00  |................|
1DD0:  00 00 00 00 00 00 00 00  00 00 00 00 00 00 00 00  |................|
1DE0:  00 00 00 00 00 00 00 00  00 00 00 00 00 00 00 00  |................|
1DF0:  00 00 00 00 00 00 00 00  00 00 00 00 00 00 00 00  |................|
1E00:  00 00 00 00 00 00 00 00  00 00 00 00 00 00 00 00  |................|
1E10:  00 00 00 00 00 00 00 00  00 00 00 00 00 00 00 00  |................|
1E20:  00 00 00 00 00 00 00 00  00 00 00 00 00 00 00 00  |................|
1E30:  00 00 00 00 00 00 00 00  00 00 00 00 00 00 00 00  |................|
1E40:  00 00 00 00 00 00 00 00  00 00 00 00 00 00 00 00  |................|
1E50:  00 00 00 00 00 00 00 00  00 00 00 00 00 00 00 00  |................|
1E60:  00 00 00 00 00 00 00 00  00 00 00 00 00 00 00 00  |................|
1E70:  00 00 00 00 00 00 00 00  00 00 00 00 00 00 00 00  |................|
1E80:  00 00 00 00 00 00 00 00  00 00 00 00 00 00 00 00  |................|
1E90:  00 00 00 00 00 00 00 00  00 00 00 00 00 00 00 00  |................|
1EA0:  00 00 00 00 00 00 00 00  00 00 00 00 00 00 00 00  |................|
1EB0:  00 00 00 00 00 00 00 00  00 00 00 00 00 00 00 00  |................|
1EC0:  00 00 00 00 00 00 00 00  00 00 00 00 00 00 00 00  |................|
1ED0:  00 00 00 00 00 00 00 00  00 00 00 00 00 00 00 00  |................|
1EE0:  00 00 00 00 00 00 00 00  00 00 00 00 00 00 00 00  |................|
1EF0:  00 00 00 00 00 00 00 00  00 00 00 00 00 00 00 00  |................|
1F00:  00 00 00 00 00 00 00 00  00 00 00 00 00 00 00 00  |................|
1F10:  00 00 00 00 00 00 00 00  00 00 00 00 00 00 00 00  |................|
1F20:  00 00 00 00 00 00 00 00  00 00 00 00 00 00 00 00  |................|
1F30:  00 00 00 00 00 00 00 00  00 00 00 00 00 00 00 00  |................|
1F40:  00 00 00 00 00 00 00 00  00 00 00 00 00 00 00 00  |................|
1F50:  00 00 00 00 00 00 00 00  00 00 00 00 00 00 00 00  |................|
1F60:  00 00 00 00 00 00 00 00  00 00 00 00 00 00 00 00  |................|
1F70:  00 00 00 00 00 00 00 00  00 00 00 00 00 00 00 00  |................|
1F80:  00 00 00 00 00 00 00 00  00 00 00 00 00 00 00 00  |................|
1F90:  00 00 00 00 00 00 00 00  00 00 00 00 00 00 00 00  |................|
1FA0:  00 00 00 00 00 00 00 00  00 00 00 00 00 00 00 00  |................|
1FB0:  00 00 00 00 00 00 00 00  00 00 00 00 00 00 00 00  |................|
1FC0:  00 00 00 00 00 00 00 00  00 00 00 00 00 00 00 00  |................|
1FD0:  00 00 00 00 00 00 00 00  00 00 00 00 00 00 00 00  |................|
1FE0:  00 00 00 00 00 00 00 00  00 00 00 00 00 00 00 00  |................|
1FF0:  00 00 00 00 35 B2 A7 61  A7 DF E0 15 AF E0 D5 87  |....5..a........|

--- PPU/CPU Registers ($2000-$21FF, 512 bytes) ---
Description: PPU, CPU, and hardware registers
Access: R/W

2000:  01 01 01 01 01 01 01 01  01 01 01 01 01 01 01 01  |................|
2010:  01 01 01 01 01 01 01 01  01 01 01 01 01 01 01 01  |................|
2020:  01 01 01 01 01 01 01 01  01 01 01 01 01 01 01 01  |................|
2030:  01 01 01 01 01 01 01 01  01 01 01 01 01 01 01 01  |................|
2040:  01 01 01 01 01 01 01 01  01 01 01 01 01 01 01 01  |................|
2050:  01 01 01 01 01 01 01 01  01 01 01 01 01 01 01 01  |................|
2060:  01 01 01 01 01 01 01 01  01 01 01 01 01 01 01 01  |................|
2070:  01 01 01 01 01 01 01 01  01 01 01 01 01 01 01 01  |................|
2080:  01 01 01 01 01 01 01 01  01 01 01 01 01 01 01 01  |................|
2090:  01 01 01 01 01 01 01 01  01 01 01 01 01 01 01 01  |................|
20A0:  01 01 01 01 01 01 01 01  01 01 01 01 01 01 01 01  |................|
20B0:  01 01 01 01 01 01 01 01  01 01 01 01 01 01 01 01  |................|
20C0:  01 01 01 01 01 01 01 01  01 01 01 01 01 01 01 01  |................|
20D0:  01 01 01 01 01 01 01 01  01 01 01 01 01 01 01 01  |................|
20E0:  01 01 01 01 01 01 01 01  01 01 01 01 01 01 01 01  |................|
20F0:  01 01 01 01 01 01 01 01  01 01 01 01 01 01 01 01  |................|
2100:  00 00 00 00 00 00 00 00  00 00 00 00 00 00 00 00  |................|
2110:  00 00 00 00 00 00 00 00  00 00 00 00 00 00 00 00  |................|
2120:  00 00 00 00 00 00 00 00  00 00 00 00 00 00 00 00  |................|
2130:  00 00 00 00 00 00 00 00  00 00 00 00 00 00 01 01  |................|
2140:  AA BB 00 00 01 01 01 01  01 01 01 01 01 01 01 01  |................|
2150:  01 01 01 01 01 01 01 01  01 01 01 01 01 01 01 01  |................|
2160:  01 01 01 01 01 01 01 01  01 01 01 01 01 01 01 01  |................|
2170:  01 01 01 01 01 01 01 01  01 01 01 01 01 01 01 01  |................|
2180:  00 01 00 00 00 00 00 00  00 00 00 00 00 00 00 00  |................|
2190:  00 00 00 00 00 00 00 00  00 00 00 00 00 00 00 00  |................|
21A0:  00 00 00 00 00 00 00 00  00 00 00 00 00 00 00 00  |................|
21B0:  00 00 00 00 00 00 00 00  00 00 00 00 00 00 00 00  |................|
21C0:  00 00 00 00 00 00 00 00  00 00 00 00 00 00 00 00  |................|
21D0:  00 00 00 00 00 00 00 00  00 00 00 00 00 00 00 00  |................|
21E0:  00 00 00 00 00 00 00 00  00 00 00 00 00 00 00 00  |................|
21F0:  00 00 00 00 00 00 00 00  00 00 00 00 00 00 00 00  |................|

--- APU Registers ($2140-$217F, 64 bytes) ---
Description: SPC700 communication ports
Access: R/W

2140:  AA BB 00 00 00 00 00 00  00 00 00 00 00 00 00 00  |................|
2150:  00 00 00 00 00 00 00 00  00 00 00 00 00 00 00 00  |................|
2160:  00 00 00 00 00 00 00 00  00 00 00 00 00 00 00 00  |................|
2170:  00 00 00 00 00 00 00 00  00 00 00 00 00 00 00 00  |................|

--- WRAM (Full) ($7E0000-$7FFFFF, 131072 bytes) ---
Description: 128KB work RAM (full 64KB + 64KB banks)
Access: R/W

7E0000:  00 00 00 00 00 00 00 00  00 00 00 00 00 00 00 00  |................|
7E0010:  00 00 00 00 00 00 00 00  00 00 00 FE 00 6F 00 00  |.............o..|
7E0020:  00 00 00 00 00 00 00 00  00 00 00 9F 00 00 7F CA  |................|
7E0030:  10 F9 4C 72 04 00 00 00  00 00 00 00 00 00 00 00  |..Lr............|
7E0040:  00 8F 00 00 00 00 00 00  00 00 00 00 00 00 00 00  |................|
7E0050:  00 00 00 00 00 00 00 00  00 00 00 00 00 00 00 00  |................|
7E0060:  00 00 00 00 00 00 00 00  00 00 00 00 00 00 00 00  |................|
7E0070:  00 00 00 00 00 00 00 00  00 00 00 00 00 00 00 00  |................|
7E0080:  00 00 00 00 00 00 00 00  00 00 00 00 00 00 00 00  |................|
7E0090:  00 00 00 00 00 00 00 00  00 00 00 00 00 00 00 00  |................|
7E00A0:  00 00 00 00 00 00 00 00  00 00 00 00 00 00 00 00  |................|
7E00B0:  00 00 00 00 00 00 00 00  00 00 00 00 00 00 00 00  |................|
7E00C0:  00 00 00 00 00 00 00 00  00 00 00 00 00 00 00 00  |................|
7E00D0:  00 00 00 00 00 00 00 00  00 00 00 00 00 00 00 00  |................|
7E00E0:  00 00 00 00 00 00 00 00  00 00 00 00 00 00 00 00  |................|
7E00F0:  00 00 00 00 00 00 00 00  00 00 00 00 00 00 00 00  |................|
7E0100:  00 00 00 00 00 00 00 00  00 00 00 00 00 00 00 00  |................|
7E0110:  00 00 00 00 00 00 00 00  00 00 00 00 00 00 00 00  |................|
7E0120:  00 00 00 00 00 00 00 00  00 00 00 00 00 00 00 00  |................|
7E0130:  00 00 00 00 00 00 00 00  00 00 00 00 00 00 00 00  |................|
7E0140:  00 00 00 00 00 00 00 00  00 00 00 00 00 00 00 00  |................|
7E0150:  00 00 00 00 00 00 00 00  00 00 00 00 00 00 00 00  |................|
7E0160:  00 00 00 00 00 00 00 00  00 00 00 00 00 00 00 00  |................|
7E0170:  00 00 00 00 00 00 00 00  00 00 00 00 00 00 00 00  |................|
7E0180:  00 00 00 00 00 00 00 00  00 00 00 00 00 00 00 00  |................|
7E0190:  00 00 00 00 00 00 00 00  00 00 00 00 00 00 00 00  |................|
7E01A0:  00 00 00 00 00 00 00 00  00 00 00 00 00 00 00 00  |................|
7E01B0:  00 00 00 00 00 00 00 00  00 00 00 00 00 00 00 00  |................|
7E01C0:  00 00 00 00 00 00 00 00  00 00 00 00 00 00 00 00  |................|
7E01D0:  00 00 00 00 00 00 00 00  00 00 00 00 00 00 00 00  |................|
7E01E0:  00 00 00 00 00 00 00 00  00 00 00 00 00 00 00 00  |................|
7E01F0:  00 00 00 00 00 00 00 00  00 00 00 00 00 00 00 00  |................|
7E0200:  00 00 00 00 00 00 00 00  00 00 00 00 00 00 00 00  |................|
7E0210:  00 00 00 00 00 00 00 00  00 00 00 00 00 00 00 00  |................|
7E0220:  00 00 00 00 00 00 00 00  00 00 00 00 00 00 00 00  |................|
7E0230:  00 00 00 00 00 00 00 00  00 00 00 00 00 00 00 00  |................|
7E0240:  00 00 00 00 00 00 00 00  00 00 00 00 00 0C 00 00  |................|
7E0250:  00 00 00 00 00 00 00 00  00 00 00 00 00 00 00 00  |................|
7E0260:  00 00 00 00 00 00 00 00  00 00 00 00 00 00 00 00  |................|
7E0270:  00 00 00 00 00 00 00 00  00 00 00 00 00 00 00 00  |................|
7E0280:  00 00 00 00 00 00 00 00  00 00 00 00 00 00 00 00  |................|
7E0290:  00 00 00 00 00 00 00 00  00 00 00 00 00 00 00 00  |................|
7E02A0:  00 00 00 00 00 00 00 00  00 00 00 00 00 00 00 00  |................|
7E02B0:  00 00 00 00 00 00 00 00  00 00 00 00 00 00 00 00  |................|
7E02C0:  00 00 00 00 00 00 00 00  00 00 00 00 00 00 00 00  |................|
7E02D0:  00 00 00 00 00 00 00 00  00 00 00 00 00 00 00 00  |................|
7E02E0:  00 00 00 00 00 00 00 00  00 00 00 00 00 00 00 00  |................|
7E02F0:  00 00 00 00 00 00 00 00  00 00 00 00 00 00 00 00  |................|
7E0300:  00 00 00 00 00 00 00 00  00 00 00 00 00 00 00 00  |................|
7E0310:  00 00 00 00 00 00 00 00  00 00 00 00 00 00 00 00  |................|
7E0320:  00 00 00 00 00 00 00 00  00 00 00 00 00 00 00 00  |................|
7E0330:  00 00 00 00 00 00 00 00  00 00 00 00 00 00 00 00  |................|
7E0340:  00 00 00 00 00 00 00 00  00 00 00 00 00 00 00 00  |................|
7E0350:  00 00 00 00 00 00 00 00  00 00 00 00 00 00 00 00  |................|
7E0360:  00 00 00 00 00 00 00 00  00 00 00 00 00 00 00 00  |................|
7E0370:  00 00 00 00 00 00 00 00  00 00 00 00 00 00 00 00  |................|
7E0380:  00 00 00 00 00 00 00 00  00 00 00 00 00 00 00 00  |................|
7E0390:  00 00 00 00 00 00 00 00  00 00 00 00 00 00 00 00  |................|
7E03A0:  00 00 00 00 00 00 00 00  00 00 00 00 00 00 00 00  |................|
7E03B0:  00 00 00 00 00 00 00 00  00 00 00 00 00 00 00 00  |................|
7E03C0:  00 00 00 00 00 00 00 00  00 00 00 00 00 00 00 00  |................|
7E03D0:  00 00 00 00 00 CE D3 03  D0 03 A9 FF 60 C2 20 A5  |............`. .|
7E03E0:  2C 38 E9 00 00 85 DC A9  00 10 85 2C E2 20 80 40  |,8.........,. .@|
7E03F0:  C2 30 A4 2C 98 18 65 3B  85 2C A6 38 8A 18 65 3B  |.0.,..e;.,.8..e;|
7E0400:  85 38 A5 3B E9 00 00 54  7F 00 E2 30 A0 00 5A AB  |.8.;...T...0..Z.|
7E0410:  AD 37 21 AD 3D 21 EB AD  3D 21 29 01 EB C2 20 C9  |.7!.=!..=!)... .|
7E0420:  E2 00 B0 0A C9 DC 00 90  05 E2 20 A9 01 60 E2 20  |.......... ..`. |
7E0430:  E6 35 D0 02 E6 36 B7 35  AA F0 9A 10 0E 29 1F 85  |.5...6.5.....)..|
7E0440:  3C E6 35 D0 02 E6 36 B7  35 80 04 64 3C 29 1F 85  |<.5...6.5..d<)..|
7E0450:  3B 8A 29 60 F0 9A C9 20  D0 0A B7 38 E6 38 D0 0A  |;.)`... ...8.8..|
7E0460:  E6 39 80 06 29 20 F0 02  A9 FF C2 10 A6 3B CA 4C  |.9..) .......;.L|
7E0470:  2B 00 C2 20 E2 10 A5 2C  18 65 3B 85 2C E2 30 80  |+.. ...,.e;.,.0.|
7E0480:  8F 00 00 00 00 00 00 00  00 00 00 00 00 00 00 00  |................|
7E0490:  00 00 00 00 00 00 00 00  00 00 00 00 00 00 00 00  |................|
7E04A0:  00 00 00 00 00 00 00 00  00 00 00 00 00 00 00 00  |................|
7E04B0:  00 00 00 00 00 00 00 00  00 00 00 00 00 00 00 00  |................|
7E04C0:  00 00 00 00 00 00 00 00  00 00 00 00 00 00 00 00  |................|
7E04D0:  00 00 00 00 00 00 00 00  00 00 00 00 00 00 00 00  |................|
7E04E0:  00 00 00 00 00 00 00 00  00 00 00 00 00 00 00 00  |................|
7E04F0:  00 00 00 00 00 00 00 00  00 00 00 00 00 00 00 00  |................|
7E0500:  00 00 00 00 00 00 00 00  00 00 00 00 00 00 00 00  |................|
7E0510:  00 00 00 00 00 00 00 00  00 00 00 00 00 00 00 00  |................|
7E0520:  00 00 00 00 00 00 00 00  00 00 00 00 00 00 00 00  |................|
7E0530:  00 00 00 00 00 00 00 00  00 00 00 00 00 00 00 00  |................|
7E0540:  00 00 00 00 00 00 00 00  00 00 00 00 00 00 00 00  |................|
7E0550:  00 00 00 00 00 00 00 00  00 00 00 00 00 00 00 00  |................|
7E0560:  00 00 00 00 00 00 00 00  00 00 00 00 00 00 00 00  |................|
7E0570:  00 00 00 00 00 00 00 00  00 00 00 00 00 00 00 00  |................|
7E0580:  00 00 00 00 00 00 00 00  00 00 00 00 00 00 00 00  |................|
7E0590:  00 00 00 00 00 00 00 00  00 00 00 00 00 00 00 00  |................|
7E05A0:  00 00 00 00 00 00 00 00  00 00 00 00 00 00 00 00  |................|
7E05B0:  00 00 00 00 00 00 00 00  00 00 00 00 00 00 00 00  |................|
7E05C0:  00 00 00 00 00 00 00 00  00 00 00 00 00 00 00 00  |................|
7E05D0:  00 00 00 00 00 00 00 00  00 00 00 00 00 00 00 00  |................|
7E05E0:  00 00 00 00 00 00 00 00  00 00 00 00 00 00 00 00  |................|
7E05F0:  00 00 00 00 00 00 00 00  00 00 00 00 00 00 00 00  |................|
7E0600:  00 00 00 00 00 00 00 00  00 00 00 00 00 00 00 00  |................|
7E0610:  00 00 00 00 00 00 00 00  00 00 00 00 00 00 00 00  |................|
7E0620:  00 00 00 00 00 00 00 00  00 00 00 00 00 00 00 00  |................|
7E0630:  00 00 00 00 00 00 00 00  00 00 00 00 00 00 00 00  |................|
7E0640:  00 00 00 00 00 00 00 00  00 00 00 00 00 00 00 00  |................|
7E0650:  00 00 00 00 00 00 00 00  00 00 00 00 00 00 00 00  |................|
7E0660:  00 00 00 00 00 00 00 00  00 00 00 00 00 00 00 00  |................|
7E0670:  00 00 00 00 00 00 00 00  00 00 00 00 00 00 00 00  |................|
7E0680:  00 00 00 00 00 00 00 00  00 00 00 00 00 00 00 00  |................|
7E0690:  00 00 00 00 00 00 00 00  00 00 00 00 00 00 00 00  |................|
7E06A0:  00 00 00 00 00 00 00 00  00 00 00 00 00 00 00 00  |................|
7E06B0:  00 00 00 00 00 00 00 00  00 00 00 00 00 00 00 00  |................|
7E06C0:  00 00 00 00 00 00 00 00  00 00 00 00 00 00 00 00  |................|
7E06D0:  00 00 00 00 00 00 00 00  00 00 00 00 00 00 00 00  |................|
7E06E0:  00 00 00 00 00 00 00 00  00 00 00 00 00 00 00 00  |................|
7E06F0:  00 00 00 00 00 00 00 00  00 00 00 00 00 00 00 00  |................|
7E0700:  00 00 00 00 00 00 00 00  00 00 00 00 00 00 00 00  |................|
7E0710:  00 00 00 00 00 00 00 00  00 00 00 00 00 00 00 00  |................|
7E0720:  00 00 00 00 00 00 00 00  00 00 00 00 00 00 00 00  |................|
7E0730:  00 00 00 00 00 00 00 00  00 00 00 00 00 00 00 00  |................|
7E0740:  00 00 00 00 00 00 00 00  00 00 00 00 00 00 00 00  |................|
7E0750:  00 00 00 00 00 00 00 00  00 00 00 00 00 00 00 00  |................|
7E0760:  00 00 00 00 00 00 00 00  00 00 00 00 00 00 00 00  |................|
7E0770:  00 00 00 00 00 00 00 00  00 00 00 00 00 00 00 00  |................|
7E0780:  00 00 00 00 00 00 00 00  00 00 00 00 00 00 00 00  |................|
7E0790:  00 00 00 00 00 00 00 00  00 00 00 00 00 00 00 00  |................|
7E07A0:  00 00 00 00 00 00 00 00  00 00 00 00 00 00 00 00  |................|
7E07B0:  00 00 00 00 00 00 00 00  00 00 00 00 00 00 00 00  |................|
7E07C0:  00 00 00 00 00 00 00 00  00 00 00 00 00 00 00 00  |................|
7E07D0:  00 00 00 00 00 00 00 00  00 00 00 00 00 00 00 00  |................|
7E07E0:  00 00 00 00 00 00 00 00  00 00 00 00 00 00 00 00  |................|
7E07F0:  00 00 00 00 00 00 00 00  00 00 00 00 00 00 00 00  |................|
7E0800:  00 00 00 00 00 00 00 00  00 00 00 00 00 00 00 00  |................|
7E0810:  00 00 00 00 00 00 00 00  00 00 00 00 00 00 00 00  |................|
7E0820:  00 00 00 00 00 00 00 00  00 00 00 00 00 00 00 00  |................|
7E0830:  00 00 00 00 00 00 00 00  00 00 00 00 00 00 00 00  |................|
7E0840:  00 00 00 00 00 00 00 00  00 00 00 00 00 00 00 00  |................|
7E0850:  00 00 00 00 00 00 00 00  00 00 00 00 00 00 00 00  |................|
7E0860:  00 00 00 00 00 00 00 00  00 00 00 00 00 00 00 00  |................|
7E0870:  00 00 00 00 00 00 00 00  00 00 00 00 00 00 00 00  |................|
7E0880:  00 00 00 00 00 00 00 00  00 00 00 00 00 00 00 00  |................|
7E0890:  00 00 00 00 00 00 00 00  00 00 00 00 00 00 00 00  |................|
7E08A0:  00 00 00 00 00 00 00 00  00 00 00 00 00 00 00 00  |................|
7E08B0:  00 00 00 00 00 00 00 00  00 00 00 00 00 00 00 00  |................|
7E08C0:  00 00 00 00 00 00 00 00  00 00 00 00 00 00 00 00  |................|
7E08D0:  00 00 00 00 00 00 00 00  00 00 00 00 00 00 00 00  |................|
7E08E0:  00 00 00 00 00 00 00 00  00 00 00 00 00 00 00 00  |................|
7E08F0:  00 00 00 00 00 00 00 00  00 00 00 00 00 00 00 00  |................|
7E0900:  00 00 00 00 00 00 00 00  00 00 00 00 00 00 00 00  |................|
7E0910:  00 00 00 00 00 00 00 00  00 00 00 00 00 00 00 00  |................|
7E0920:  00 00 00 00 00 00 00 00  00 00 00 00 00 00 00 00  |................|
7E0930:  00 00 00 00 00 00 00 00  00 00 00 00 00 00 00 00  |................|
7E0940:  00 00 00 00 00 00 00 00  00 00 00 00 00 00 00 00  |................|
7E0950:  00 00 00 00 00 00 00 00  00 00 00 00 00 00 00 00  |................|
7E0960:  00 00 00 00 00 00 00 00  00 00 00 00 00 00 00 00  |................|
7E0970:  00 00 00 00 00 00 00 00  00 00 00 00 00 00 00 00  |................|
7E0980:  00 00 00 00 00 00 00 00  00 00 00 00 00 00 00 00  |................|
7E0990:  00 00 00 00 00 00 00 00  00 00 00 00 00 00 00 00  |................|
7E09A0:  00 00 00 00 00 00 00 00  00 00 00 00 00 00 00 00  |................|
7E09B0:  00 00 00 00 00 00 00 00  00 00 00 00 00 00 00 00  |................|
7E09C0:  00 00 00 00 00 00 00 00  00 00 00 00 00 00 00 00  |................|
7E09D0:  00 00 00 00 00 00 00 00  00 00 00 00 00 00 00 00  |................|
7E09E0:  00 00 00 00 00 00 00 00  00 00 00 00 00 00 00 00  |................|
7E09F0:  00 00 00 00 00 00 00 00  00 00 00 00 00 00 00 00  |................|
7E0A00:  00 00 00 00 00 00 00 00  00 00 00 00 00 00 00 00  |................|
7E0A10:  00 00 00 00 00 00 00 00  00 00 00 00 00 00 00 00  |................|
7E0A20:  00 00 00 00 00 00 00 00  00 00 00 00 00 00 00 00  |................|
7E0A30:  00 00 00 00 00 00 00 00  00 00 00 00 00 00 00 00  |................|
7E0A40:  00 00 00 00 00 00 00 00  00 00 00 00 00 00 00 00  |................|
7E0A50:  00 00 00 00 00 00 00 00  00 00 00 00 00 00 00 00  |................|
7E0A60:  00 00 00 00 00 00 00 00  00 00 00 00 00 00 00 00  |................|
7E0A70:  00 00 00 00 00 00 00 00  00 00 00 00 00 00 00 00  |................|
7E0A80:  00 00 00 00 00 00 00 00  00 00 00 00 00 00 00 00  |................|
7E0A90:  00 00 00 00 00 00 00 00  00 00 00 00 00 00 00 00  |................|
7E0AA0:  00 00 00 00 00 00 00 00  00 00 00 00 00 00 00 00  |................|
7E0AB0:  00 00 00 00 00 00 00 00  00 00 00 00 00 00 00 00  |................|
7E0AC0:  00 00 00 00 00 00 00 00  00 00 00 00 00 00 00 00  |................|
7E0AD0:  00 00 00 00 00 00 00 00  00 00 00 00 00 00 00 00  |................|
7E0AE0:  00 00 00 00 00 00 00 00  00 00 00 00 00 00 00 00  |................|
7E0AF0:  00 00 00 00 00 00 00 00  00 00 00 00 00 00 00 00  |................|
7E0B00:  00 00 00 00 00 00 00 00  00 00 00 00 00 00 00 00  |................|
7E0B10:  00 00 00 00 00 00 00 00  00 00 00 00 00 00 00 00  |................|
7E0B20:  00 00 00 00 00 00 00 00  00 00 00 00 00 00 00 00  |................|
7E0B30:  00 00 00 00 00 00 00 00  00 00 00 00 00 00 00 00  |................|
7E0B40:  00 00 00 00 00 00 00 00  00 00 00 00 00 00 00 00  |................|
7E0B50:  00 00 00 00 00 00 00 00  00 00 00 00 00 00 00 00  |................|
7E0B60:  00 00 00 00 00 00 00 00  00 00 00 00 00 00 00 00  |................|
7E0B70:  00 00 00 00 00 00 00 00  00 00 00 00 00 00 00 00  |................|
7E0B80:  00 00 00 00 00 00 00 00  00 00 00 00 00 00 00 00  |................|
7E0B90:  00 00 00 00 00 00 00 00  00 00 00 00 00 00 00 00  |................|
7E0BA0:  00 00 00 00 00 00 00 00  00 00 00 00 00 00 00 00  |................|
7E0BB0:  00 00 00 00 00 00 00 00  00 00 00 00 00 00 00 00  |................|
7E0BC0:  00 00 00 00 00 00 00 00  00 00 00 00 00 00 00 00  |................|
7E0BD0:  00 00 00 00 00 00 00 00  00 00 00 00 00 00 00 00  |................|
7E0BE0:  00 00 00 00 00 00 00 00  00 00 00 00 00 00 00 00  |................|
7E0BF0:  00 00 00 00 00 00 00 00  00 00 00 00 00 00 00 00  |................|
7E0C00:  00 00 00 00 00 00 00 00  00 00 00 00 00 00 00 00  |................|
7E0C10:  00 00 00 00 00 00 00 00  00 00 00 00 00 00 00 00  |................|
7E0C20:  00 00 00 00 00 00 00 00  00 00 00 00 00 00 00 00  |................|
7E0C30:  00 00 00 00 00 00 00 00  00 00 00 00 00 00 00 00  |................|
7E0C40:  00 00 00 00 00 00 00 00  00 00 00 00 00 00 00 00  |................|
7E0C50:  00 00 00 00 00 00 00 00  00 00 00 00 00 00 00 00  |................|
7E0C60:  00 00 00 00 00 00 00 00  00 00 00 00 00 00 00 00  |................|
7E0C70:  00 00 00 00 00 00 00 00  00 00 00 00 00 00 00 00  |................|
7E0C80:  00 00 00 00 00 00 00 00  00 00 00 00 00 00 00 00  |................|
7E0C90:  00 00 00 00 00 00 00 00  00 00 00 00 00 00 00 00  |................|
7E0CA0:  00 00 00 00 00 00 00 00  00 00 00 00 00 00 00 00  |................|
7E0CB0:  00 00 00 00 00 00 00 00  00 00 00 00 00 00 00 00  |................|
7E0CC0:  00 00 00 00 00 00 00 00  00 00 00 00 00 00 00 00  |................|
7E0CD0:  00 00 00 00 00 00 00 00  00 00 00 00 00 00 00 00  |................|
7E0CE0:  00 00 00 00 00 00 00 00  00 00 00 00 00 00 00 00  |................|
7E0CF0:  00 00 00 00 00 00 00 00  00 00 00 00 00 00 00 00  |................|
7E0D00:  00 00 00 00 00 00 00 00  00 00 00 00 00 00 00 00  |................|
7E0D10:  00 00 00 00 00 00 00 00  00 00 00 00 00 00 00 00  |................|
7E0D20:  00 00 00 00 00 00 00 00  00 00 00 00 00 00 00 00  |................|
7E0D30:  00 00 00 00 00 00 00 00  00 00 00 00 00 00 00 00  |................|
7E0D40:  00 00 00 00 00 00 00 00  00 00 00 00 00 00 00 00  |................|
7E0D50:  00 00 00 00 00 00 00 00  00 00 00 00 00 00 00 00  |................|
7E0D60:  00 00 00 00 00 00 00 00  00 00 00 00 00 00 00 00  |................|
7E0D70:  00 00 00 00 00 00 00 00  00 00 00 00 00 00 00 00  |................|
7E0D80:  00 00 00 00 00 00 00 00  00 00 00 00 00 00 00 00  |................|
7E0D90:  00 00 00 00 00 00 00 00  00 00 00 00 00 00 00 00  |................|
7E0DA0:  00 00 00 00 00 00 00 00  00 00 00 00 00 00 00 00  |................|
7E0DB0:  00 00 00 00 00 00 00 00  00 00 00 00 00 00 00 00  |................|
7E0DC0:  00 00 00 00 00 00 00 00  00 00 00 00 00 00 00 00  |................|
7E0DD0:  00 00 00 00 00 00 00 00  00 00 00 00 00 00 00 00  |................|
7E0DE0:  00 00 00 00 00 00 00 00  00 00 00 01 00 00 00 00  |................|
7E0DF0:  00 00 00 00 00 00 00 00  00 00 00 00 00 00 00 00  |................|
7E0E00:  00 00 00 00 00 00 00 00  00 00 00 00 00 00 00 00  |................|
7E0E10:  00 00 00 00 00 00 00 00  00 00 00 00 00 00 00 00  |................|
7E0E20:  00 00 00 00 00 00 00 00  00 00 00 00 00 00 00 00  |................|
7E0E30:  00 00 00 00 00 00 00 00  00 00 00 00 00 00 00 00  |................|
7E0E40:  00 00 00 00 00 00 00 00  00 00 00 00 00 00 00 00  |................|
7E0E50:  00 00 00 00 00 00 00 00  00 00 00 00 00 00 00 00  |................|
7E0E60:  00 00 00 00 00 00 00 00  00 00 00 00 00 00 00 00  |................|
7E0E70:  00 00 00 00 00 00 00 00  00 00 00 00 00 00 00 00  |................|
7E0E80:  00 00 00 00 00 00 00 00  00 00 00 00 00 00 00 00  |................|
7E0E90:  00 00 00 00 00 00 00 00  00 00 00 00 00 00 00 00  |................|
7E0EA0:  00 00 00 00 00 00 00 00  00 00 00 00 00 00 00 00  |................|
7E0EB0:  00 00 00 00 00 00 00 00  00 00 00 00 00 00 00 00  |................|
7E0EC0:  00 00 00 00 00 00 00 00  00 00 00 00 00 00 00 00  |................|
7E0ED0:  00 00 00 00 00 00 00 00  00 00 00 00 00 00 00 00  |................|
7E0EE0:  00 00 00 00 00 00 00 00  00 00 00 00 00 00 00 00  |................|
7E0EF0:  00 00 00 00 00 00 00 00  00 00 00 00 00 00 00 00  |................|
7E0F00:  00 00 00 00 00 00 00 00  00 00 00 00 00 00 00 00  |................|
7E0F10:  00 00 00 00 00 00 00 00  00 00 00 00 00 00 00 00  |................|
7E0F20:  00 00 00 00 00 00 00 00  00 00 00 00 00 00 00 00  |................|
7E0F30:  00 00 00 00 00 00 00 00  00 00 00 00 00 00 00 00  |................|
7E0F40:  00 00 00 00 00 00 00 00  00 00 00 00 00 00 00 00  |................|
7E0F50:  00 00 00 00 00 00 00 00  00 00 00 00 00 00 00 00  |................|
7E0F60:  00 00 00 00 00 00 00 00  00 00 00 00 00 00 00 00  |................|
7E0F70:  00 00 00 00 00 00 00 00  00 00 00 00 00 00 00 00  |................|
7E0F80:  00 00 00 00 00 00 00 00  00 00 00 00 00 00 00 00  |................|
7E0F90:  00 00 00 00 00 00 00 00  00 00 00 00 00 00 00 00  |................|
7E0FA0:  00 00 00 00 00 00 00 00  00 00 00 00 00 00 00 00  |................|
7E0FB0:  00 00 00 00 00 00 00 00  00 00 00 00 00 00 00 00  |................|
7E0FC0:  00 00 00 00 00 00 00 00  00 00 00 00 00 00 00 00  |................|
7E0FD0:  00 00 00 00 00 00 00 00  00 00 00 00 00 00 00 00  |................|
7E0FE0:  00 00 00 00 00 00 00 00  00 00 00 00 00 00 00 00  |................|
7E0FF0:  00 00 00 00 00 00 00 00  00 00 00 00 00 00 00 00  |................|
7E1000:  00 00 00 00 00 00 00 00  00 00 00 00 00 00 00 00  |................|
7E1010:  00 00 00 00 00 00 00 00  00 00 00 00 00 00 00 00  |................|
7E1020:  00 00 00 00 00 00 00 00  00 00 00 00 00 00 00 00  |................|
7E1030:  00 00 00 00 00 00 00 00  00 00 00 00 00 00 00 00  |................|
7E1040:  00 00 00 00 00 00 00 00  00 00 00 00 00 00 00 00  |................|
7E1050:  00 00 00 00 00 00 00 00  00 00 00 00 00 00 00 00  |................|
7E1060:  00 00 00 00 00 00 00 00  00 00 00 00 00 00 00 00  |................|
7E1070:  00 00 00 00 00 00 00 00  00 00 00 00 00 00 00 00  |................|
7E1080:  00 00 00 00 00 00 00 00  00 00 00 00 00 00 00 00  |................|
7E1090:  00 00 00 00 00 00 00 00  00 00 00 00 00 00 00 00  |................|
7E10A0:  00 00 00 00 00 00 00 00  00 00 00 00 00 00 00 00  |................|
7E10B0:  00 00 00 00 00 00 00 00  00 00 00 00 00 00 00 00  |................|
7E10C0:  00 00 00 00 00 00 00 00  00 00 00 00 00 00 00 00  |................|
7E10D0:  00 00 00 00 00 00 00 00  00 00 00 00 00 00 00 00  |................|
7E10E0:  00 00 00 00 00 00 00 00  00 00 00 00 00 00 00 00  |................|
7E10F0:  00 00 00 00 00 00 00 00  00 00 00 00 00 00 00 00  |................|
7E1100:  00 00 00 00 00 00 00 00  00 00 00 00 00 00 00 00  |................|
7E1110:  00 00 00 00 00 00 00 00  00 00 00 00 00 00 00 00  |................|
7E1120:  00 00 00 00 00 00 00 00  00 00 00 00 00 00 00 00  |................|
7E1130:  00 00 00 00 00 00 00 00  00 00 00 00 00 00 00 00  |................|
7E1140:  00 00 00 00 00 00 00 00  00 00 00 00 00 00 00 00  |................|
7E1150:  00 00 00 00 00 00 00 00  00 00 00 00 00 00 00 00  |................|
7E1160:  00 00 00 00 00 00 00 00  00 00 00 00 00 00 00 00  |................|
7E1170:  00 00 00 00 00 00 00 00  00 00 00 00 00 00 00 00  |................|
7E1180:  00 00 00 00 00 00 00 00  00 00 00 00 00 00 00 00  |................|
7E1190:  00 00 00 00 00 00 00 00  00 00 00 00 00 00 00 00  |................|
7E11A0:  00 00 00 00 00 00 00 00  00 00 00 00 00 00 00 00  |................|
7E11B0:  00 00 00 00 00 00 00 00  00 00 00 00 00 00 00 00  |................|
7E11C0:  00 00 00 00 00 00 00 00  00 00 00 00 00 00 00 00  |................|
7E11D0:  00 00 00 00 00 00 00 00  00 00 00 00 00 00 00 00  |................|
7E11E0:  00 00 00 00 00 00 00 00  00 00 00 00 00 00 00 00  |................|
7E11F0:  00 00 00 00 00 00 00 00  00 00 00 00 00 00 00 00  |................|
7E1200:  00 00 00 00 00 00 00 00  00 00 00 00 00 00 00 00  |................|
7E1210:  00 00 00 00 00 00 00 00  00 00 00 00 00 00 00 00  |................|
7E1220:  00 00 00 00 00 00 00 00  00 00 00 00 00 00 00 00  |................|
7E1230:  00 00 00 00 00 00 00 00  00 00 00 00 00 00 00 00  |................|
7E1240:  00 00 00 00 00 00 00 00  00 00 00 00 00 00 00 00  |................|
7E1250:  00 00 00 00 00 00 00 00  00 00 00 00 00 00 00 00  |................|
7E1260:  00 00 00 00 00 00 00 00  00 00 00 00 00 00 00 00  |................|
7E1270:  00 00 00 00 00 00 00 00  00 00 00 00 00 00 00 00  |................|
7E1280:  00 00 00 00 00 00 00 00  00 00 00 00 00 00 00 00  |................|
7E1290:  00 00 00 00 00 00 00 00  00 00 00 00 00 00 00 00  |................|
7E12A0:  00 00 00 00 00 00 00 00  00 00 00 00 00 00 00 00  |................|
7E12B0:  00 00 00 00 00 00 00 00  00 00 00 00 00 00 00 00  |................|
7E12C0:  00 00 00 00 00 00 00 00  00 00 00 00 00 00 00 00  |................|
7E12D0:  00 00 00 00 00 00 00 00  00 00 00 00 00 00 00 00  |................|
7E12E0:  00 00 00 00 00 00 00 00  00 00 00 00 00 00 00 00  |................|
7E12F0:  00 00 00 00 00 00 00 00  00 00 00 00 00 00 00 00  |................|
7E1300:  00 00 00 00 00 00 00 00  00 00 00 00 00 00 00 00  |................|
7E1310:  00 00 00 00 00 00 00 00  00 00 00 00 00 00 00 00  |................|
7E1320:  00 00 00 00 00 00 00 00  00 00 00 00 00 00 00 00  |................|
7E1330:  00 00 00 00 00 00 00 00  00 00 00 00 00 00 00 00  |................|
7E1340:  00 00 00 00 00 00 00 00  00 00 00 00 00 00 00 00  |................|
7E1350:  00 00 00 00 00 00 00 00  00 00 00 00 00 00 00 00  |................|
7E1360:  00 00 00 00 00 00 00 00  00 00 00 00 00 00 00 00  |................|
7E1370:  00 00 00 00 00 00 00 00  00 00 00 00 00 00 00 00  |................|
7E1380:  00 00 00 00 00 00 00 00  00 00 00 00 00 00 00 00  |................|
7E1390:  00 00 00 00 00 00 00 00  00 00 00 00 00 00 00 00  |................|
7E13A0:  00 00 00 00 00 00 00 00  00 00 00 00 00 00 00 00  |................|
7E13B0:  00 00 00 00 00 00 00 00  00 00 00 00 00 00 00 00  |................|
7E13C0:  00 00 00 00 00 00 00 00  00 00 00 00 00 00 00 00  |................|
7E13D0:  00 00 00 00 00 00 00 00  00 00 00 00 00 00 00 00  |................|
7E13E0:  00 00 00 00 00 00 00 00  00 00 00 00 00 00 00 00  |................|
7E13F0:  00 00 00 00 00 00 00 00  00 00 00 00 00 00 00 00  |................|
7E1400:  00 00 00 00 00 00 00 00  00 00 00 00 00 00 00 00  |................|
7E1410:  00 00 00 00 00 00 00 00  00 00 00 00 00 00 00 00  |................|
7E1420:  00 00 00 00 00 00 00 00  00 00 00 00 00 00 00 00  |................|
7E1430:  00 00 00 00 00 00 00 00  00 00 00 00 00 00 00 00  |................|
7E1440:  00 00 00 00 00 00 00 00  00 00 00 00 00 00 00 00  |................|
7E1450:  00 00 00 00 00 00 00 00  00 00 00 00 00 00 00 00  |................|
7E1460:  00 00 00 00 00 00 00 00  00 00 00 00 00 00 00 00  |................|
7E1470:  00 00 00 00 00 00 00 00  00 00 00 00 00 00 00 00  |................|
7E1480:  00 00 00 00 00 00 00 00  00 00 00 00 00 00 00 00  |................|
7E1490:  00 00 00 00 00 00 00 00  00 00 00 00 00 00 00 00  |................|
7E14A0:  00 00 00 00 00 00 00 00  00 00 00 00 00 00 00 00  |................|
7E14B0:  00 00 00 00 00 00 00 00  00 00 00 00 00 00 00 00  |................|
7E14C0:  00 00 00 00 00 00 00 00  00 00 00 00 00 00 00 00  |................|
7E14D0:  00 00 00 00 00 00 00 00  00 00 00 00 00 00 00 00  |................|
7E14E0:  00 00 00 00 00 00 00 00  00 00 00 00 00 00 00 00  |................|
7E14F0:  00 00 00 00 00 00 00 00  00 00 00 00 00 00 00 00  |................|
7E1500:  00 00 00 00 00 00 00 00  00 00 00 00 00 00 00 00  |................|
7E1510:  00 00 00 00 00 00 00 00  00 00 00 00 00 00 00 00  |................|
7E1520:  00 00 00 00 00 00 00 00  00 00 00 00 00 00 00 00  |................|
7E1530:  00 00 00 00 00 00 00 00  00 00 00 00 00 00 00 00  |................|
7E1540:  00 00 00 00 00 00 00 00  00 00 00 00 00 00 00 00  |................|
7E1550:  00 00 00 00 00 00 00 00  00 00 00 00 00 00 00 00  |................|
7E1560:  00 00 00 00 00 00 00 00  00 00 00 00 00 00 00 00  |................|
7E1570:  00 00 00 00 00 00 00 00  00 00 00 00 00 00 00 00  |................|
7E1580:  00 00 00 00 00 00 00 00  00 00 00 00 00 00 00 00  |................|
7E1590:  00 00 00 00 00 00 00 00  00 00 00 00 00 00 00 00  |................|
7E15A0:  00 00 00 00 00 00 00 00  00 00 00 00 00 00 00 00  |................|
7E15B0:  00 00 00 00 00 00 00 00  00 00 00 00 00 00 00 00  |................|
7E15C0:  00 00 00 00 00 00 00 00  00 00 00 00 00 00 00 00  |................|
7E15D0:  00 00 00 00 00 00 00 00  00 00 00 00 00 00 00 00  |................|
7E15E0:  00 00 00 00 00 00 00 00  00 00 00 00 00 00 00 00  |................|
7E15F0:  00 00 00 00 00 00 00 00  00 00 00 00 00 00 00 00  |................|
7E1600:  00 00 00 00 00 00 00 00  00 00 00 00 00 00 00 00  |................|
7E1610:  00 00 00 00 00 00 00 00  00 00 00 00 00 00 00 00  |................|
7E1620:  00 00 00 00 00 00 00 00  00 00 00 00 00 00 00 00  |................|
7E1630:  00 00 00 00 00 00 00 00  00 00 00 00 00 00 00 00  |................|
7E1640:  00 00 00 00 00 00 00 00  00 00 00 00 00 00 00 00  |................|
7E1650:  00 00 00 00 00 00 00 00  00 00 00 00 00 00 00 00  |................|
7E1660:  00 00 00 00 00 00 00 00  00 00 00 00 00 00 00 00  |................|
7E1670:  00 00 00 00 00 00 00 00  00 00 00 00 00 00 00 00  |................|
7E1680:  00 00 00 00 00 00 00 00  00 00 00 00 00 00 00 00  |................|
7E1690:  00 00 00 00 00 00 00 00  00 00 00 00 00 00 00 00  |................|
7E16A0:  00 00 00 00 00 00 00 00  00 00 00 00 00 00 00 00  |................|
7E16B0:  00 00 00 00 00 00 00 00  00 00 00 00 00 00 00 00  |................|
7E16C0:  00 00 00 00 00 00 00 00  00 00 00 00 00 00 00 00  |................|
7E16D0:  00 00 00 00 00 00 00 00  00 00 00 00 00 00 00 00  |................|
7E16E0:  00 00 00 00 00 00 00 00  00 00 00 00 00 00 00 00  |................|
7E16F0:  00 00 00 00 00 00 00 00  00 00 00 00 00 00 00 00  |................|
7E1700:  00 00 00 00 00 00 00 00  00 00 00 00 00 00 00 00  |................|
7E1710:  00 00 00 00 00 00 00 00  00 00 00 00 00 00 00 00  |................|
7E1720:  00 00 00 00 00 00 00 00  00 00 00 00 00 00 00 00  |................|
7E1730:  00 00 00 00 00 00 00 00  00 00 00 00 00 00 00 00  |................|
7E1740:  00 00 00 00 00 00 00 00  00 00 00 00 00 00 00 00  |................|
7E1750:  00 00 00 00 00 00 00 00  00 00 00 00 00 00 00 00  |................|
7E1760:  00 00 00 00 00 00 00 00  00 00 00 00 00 00 00 00  |................|
7E1770:  00 00 00 00 00 00 00 00  00 00 00 00 00 00 00 00  |................|
7E1780:  00 00 00 00 00 00 00 00  00 00 00 00 00 00 00 00  |................|
7E1790:  00 00 00 00 00 00 00 00  00 00 00 00 00 00 00 00  |................|
7E17A0:  00 00 00 00 00 00 00 00  00 00 00 00 00 00 00 00  |................|
7E17B0:  00 00 00 00 00 00 00 00  00 00 00 00 00 00 00 00  |................|
7E17C0:  00 00 00 00 00 00 00 00  00 00 00 00 00 00 00 00  |................|
7E17D0:  00 00 00 00 00 00 00 00  00 00 00 00 00 00 00 00  |................|
7E17E0:  00 00 00 00 00 00 00 00  00 00 00 00 00 00 00 00  |................|
7E17F0:  00 00 00 00 00 00 00 00  00 00 00 00 00 00 00 00  |................|
7E1800:  00 00 00 00 00 00 00 00  00 00 00 00 00 00 00 00  |................|
7E1810:  00 00 00 00 00 00 00 00  00 00 00 00 00 00 00 00  |................|
7E1820:  00 00 00 00 00 00 00 00  00 00 00 00 00 00 00 00  |................|
7E1830:  00 00 00 00 00 00 00 00  00 00 00 00 00 00 00 00  |................|
7E1840:  00 00 00 00 00 00 00 00  00 00 00 00 00 00 00 00  |................|
7E1850:  00 00 00 00 00 00 00 00  00 00 00 00 00 00 00 00  |................|
7E1860:  00 00 00 00 00 00 00 00  00 00 00 00 00 00 00 00  |................|
7E1870:  00 00 00 00 00 00 00 00  00 00 00 00 00 00 00 00  |................|
7E1880:  00 00 00 00 00 00 00 00  00 00 00 00 00 00 00 00  |................|
7E1890:  00 00 00 00 00 00 00 00  00 00 00 00 00 00 00 00  |................|
7E18A0:  00 00 00 00 00 00 00 00  00 00 00 00 00 00 00 00  |................|
7E18B0:  00 00 00 00 00 00 00 00  00 00 00 00 00 00 00 00  |................|
7E18C0:  00 00 00 00 00 00 00 00  00 00 00 00 00 00 00 00  |................|
7E18D0:  00 00 00 00 00 00 00 00  00 00 00 00 00 00 00 00  |................|
7E18E0:  00 00 00 00 00 00 00 00  00 00 00 00 00 00 00 00  |................|
7E18F0:  00 00 00 00 00 00 00 00  00 00 00 00 00 00 00 00  |................|
7E1900:  00 00 00 00 00 00 00 00  00 00 00 00 00 00 00 00  |................|
7E1910:  00 00 00 00 00 00 00 00  00 00 00 00 00 00 00 00  |................|
7E1920:  00 00 00 00 00 00 00 00  00 00 00 00 00 00 00 00  |................|
7E1930:  00 00 00 00 00 00 00 00  00 00 00 00 00 00 00 00  |................|
7E1940:  00 00 00 00 00 00 00 00  00 00 00 00 00 00 00 00  |................|
7E1950:  00 00 00 00 00 00 00 00  00 00 00 00 00 00 00 00  |................|
7E1960:  00 00 00 00 00 00 00 00  00 00 00 00 00 00 00 00  |................|
7E1970:  00 00 00 00 00 00 00 00  00 00 00 00 00 00 00 00  |................|
7E1980:  00 00 00 00 00 00 00 00  00 00 00 00 00 00 00 00  |................|
7E1990:  00 00 00 00 00 00 00 00  00 00 00 00 00 00 00 00  |................|
7E19A0:  00 00 00 00 00 00 00 00  00 00 00 00 00 00 00 00  |................|
7E19B0:  00 00 00 00 00 00 00 00  00 00 00 00 00 00 00 00  |................|
7E19C0:  00 00 00 00 00 00 00 00  00 00 00 00 00 00 00 00  |................|
7E19D0:  00 00 00 00 00 00 00 00  00 00 00 00 00 00 00 00  |................|
7E19E0:  00 00 00 00 00 00 00 00  00 00 00 00 00 00 00 00  |................|
7E19F0:  00 00 00 00 00 00 00 00  00 00 00 00 00 00 00 00  |................|
7E1A00:  00 00 00 00 00 00 00 00  00 00 00 00 00 00 00 00  |................|
7E1A10:  00 00 00 00 00 00 00 00  00 00 00 00 00 00 00 00  |................|
7E1A20:  00 00 00 00 00 00 00 00  00 00 00 00 00 00 00 00  |................|
7E1A30:  00 00 00 00 00 00 00 00  00 00 00 00 00 00 00 00  |................|
7E1A40:  00 00 00 00 00 00 00 00  00 00 00 00 00 00 00 00  |................|
7E1A50:  00 00 00 00 00 00 00 00  00 00 00 00 00 00 00 00  |................|
7E1A60:  00 00 00 00 00 00 00 00  00 00 00 00 00 00 00 00  |................|
7E1A70:  00 00 00 00 00 00 00 00  00 00 00 00 00 00 00 00  |................|
7E1A80:  00 00 00 00 00 00 00 00  00 00 00 00 00 00 00 00  |................|
7E1A90:  00 00 00 00 00 00 00 00  00 00 00 00 00 00 00 00  |................|
7E1AA0:  00 00 00 00 00 00 00 00  00 00 00 00 00 00 00 00  |................|
7E1AB0:  00 00 00 00 00 00 00 00  00 00 00 00 00 00 00 00  |................|
7E1AC0:  00 00 00 00 00 00 00 00  00 00 00 00 00 00 00 00  |................|
7E1AD0:  00 00 00 00 00 00 00 00  00 00 00 00 00 00 00 00  |................|
7E1AE0:  00 00 00 00 00 00 00 00  00 00 00 00 00 00 00 00  |................|
7E1AF0:  00 00 00 00 00 00 00 00  00 00 00 00 00 00 00 00  |................|
7E1B00:  00 00 00 00 00 00 00 00  00 00 00 00 00 00 00 00  |................|
7E1B10:  00 00 00 00 00 00 00 00  00 00 00 00 00 00 00 00  |................|
7E1B20:  00 00 00 00 00 00 00 00  00 00 00 00 00 00 00 00  |................|
7E1B30:  00 00 00 00 00 00 00 00  00 00 00 00 00 00 00 00  |................|
7E1B40:  00 00 00 00 00 00 00 00  00 00 00 00 00 00 00 00  |................|
7E1B50:  00 00 00 00 00 00 00 00  00 00 00 00 00 00 00 00  |................|
7E1B60:  00 00 00 00 00 00 00 00  00 00 00 00 00 00 00 00  |................|
7E1B70:  00 00 00 00 00 00 00 00  00 00 00 00 00 00 00 00  |................|
7E1B80:  00 00 00 00 00 00 00 00  00 00 00 00 00 00 00 00  |................|
7E1B90:  00 00 00 00 00 00 00 00  00 00 00 00 00 00 00 00  |................|
7E1BA0:  00 00 00 00 00 00 00 00  00 00 00 00 00 00 00 00  |................|
7E1BB0:  00 00 00 00 00 00 00 00  00 00 00 00 00 00 00 00  |................|
7E1BC0:  00 00 00 00 00 00 00 00  00 00 00 00 00 00 00 00  |................|
7E1BD0:  00 00 00 00 00 00 00 00  00 00 00 00 00 00 00 00  |................|
7E1BE0:  00 00 00 00 00 00 00 00  00 00 00 00 00 00 00 00  |................|
7E1BF0:  00 00 00 00 00 00 00 00  00 00 00 00 00 00 00 00  |................|
7E1C00:  00 00 00 00 00 00 00 00  00 00 00 00 00 00 00 00  |................|
7E1C10:  00 00 00 00 00 00 00 00  00 00 00 00 00 00 00 00  |................|
7E1C20:  00 00 00 00 00 00 00 00  00 00 00 00 00 00 00 00  |................|
7E1C30:  00 00 00 00 00 00 00 00  00 00 00 00 00 00 00 00  |................|
7E1C40:  00 00 00 00 00 00 00 00  00 00 00 00 00 00 00 00  |................|
7E1C50:  00 00 00 00 00 00 00 00  00 00 00 00 00 00 00 00  |................|
7E1C60:  00 00 00 00 00 00 00 00  00 00 00 00 00 00 00 00  |................|
7E1C70:  00 00 00 00 00 00 00 00  00 00 00 00 00 00 00 00  |................|
7E1C80:  00 00 00 00 00 00 00 00  00 00 00 00 00 00 00 00  |................|
7E1C90:  00 00 00 00 00 00 00 00  00 00 00 00 00 00 00 00  |................|
7E1CA0:  00 00 00 00 00 00 00 00  00 00 00 00 00 00 00 00  |................|
7E1CB0:  00 00 00 00 00 00 00 00  00 00 00 00 00 00 00 00  |................|
7E1CC0:  00 00 00 00 00 00 00 00  00 00 00 00 00 00 00 00  |................|
7E1CD0:  00 00 00 00 00 00 00 00  00 00 00 00 00 00 00 00  |................|
7E1CE0:  00 00 00 00 00 00 00 00  00 00 00 00 00 00 00 00  |................|
7E1CF0:  00 00 00 00 00 00 00 00  00 00 00 00 00 00 00 00  |................|
7E1D00:  00 00 00 00 00 00 00 00  00 00 00 00 00 00 00 00  |................|
7E1D10:  00 00 00 00 00 00 00 00  00 00 00 00 00 00 00 00  |................|
7E1D20:  00 00 00 00 00 00 00 00  00 00 00 00 00 00 00 00  |................|
7E1D30:  00 00 00 00 00 00 00 00  00 00 00 00 00 00 00 00  |................|
7E1D40:  00 00 00 00 00 00 00 00  00 00 00 00 00 00 00 00  |................|
7E1D50:  00 00 00 00 00 00 00 00  00 00 00 00 00 00 00 00  |................|
7E1D60:  00 00 00 00 00 00 00 00  00 00 00 00 00 00 00 00  |................|
7E1D70:  00 00 00 00 00 00 00 00  00 00 00 00 00 00 00 00  |................|
7E1D80:  00 00 00 00 00 00 00 00  00 00 00 00 00 00 00 00  |................|
7E1D90:  00 00 00 00 00 00 00 00  00 00 00 00 00 00 00 00  |................|
7E1DA0:  00 00 00 00 00 00 00 00  00 00 00 00 00 00 00 00  |................|
7E1DB0:  00 00 00 00 00 00 00 00  00 00 00 00 00 00 00 00  |................|
7E1DC0:  00 00 00 00 00 00 00 00  00 00 00 00 00 00 00 00  |................|
7E1DD0:  00 00 00 00 00 00 00 00  00 00 00 00 00 00 00 00  |................|
7E1DE0:  00 00 00 00 00 00 00 00  00 00 00 00 00 00 00 00  |................|
7E1DF0:  00 00 00 00 00 00 00 00  00 00 00 00 00 00 00 00  |................|
7E1E00:  00 00 00 00 00 00 00 00  00 00 00 00 00 00 00 00  |................|
7E1E10:  00 00 00 00 00 00 00 00  00 00 00 00 00 00 00 00  |................|
7E1E20:  00 00 00 00 00 00 00 00  00 00 00 00 00 00 00 00  |................|
7E1E30:  00 00 00 00 00 00 00 00  00 00 00 00 00 00 00 00  |................|
7E1E40:  00 00 00 00 00 00 00 00  00 00 00 00 00 00 00 00  |................|
7E1E50:  00 00 00 00 00 00 00 00  00 00 00 00 00 00 00 00  |................|
7E1E60:  00 00 00 00 00 00 00 00  00 00 00 00 00 00 00 00  |................|
7E1E70:  00 00 00 00 00 00 00 00  00 00 00 00 00 00 00 00  |................|
7E1E80:  00 00 00 00 00 00 00 00  00 00 00 00 00 00 00 00  |................|
7E1E90:  00 00 00 00 00 00 00 00  00 00 00 00 00 00 00 00  |................|
7E1EA0:  00 00 00 00 00 00 00 00  00 00 00 00 00 00 00 00  |................|
7E1EB0:  00 00 00 00 00 00 00 00  00 00 00 00 00 00 00 00  |................|
7E1EC0:  00 00 00 00 00 00 00 00  00 00 00 00 00 00 00 00  |................|
7E1ED0:  00 00 00 00 00 00 00 00  00 00 00 00 00 00 00 00  |................|
7E1EE0:  00 00 00 00 00 00 00 00  00 00 00 00 00 00 00 00  |................|
7E1EF0:  00 00 00 00 00 00 00 00  00 00 00 00 00 00 00 00  |................|
7E1F00:  00 00 00 00 00 00 00 00  00 00 00 00 00 00 00 00  |................|
7E1F10:  00 00 00 00 00 00 00 00  00 00 00 00 00 00 00 00  |................|
7E1F20:  00 00 00 00 00 00 00 00  00 00 00 00 00 00 00 00  |................|
7E1F30:  00 00 00 00 00 00 00 00  00 00 00 00 00 00 00 00  |................|
7E1F40:  00 00 00 00 00 00 00 00  00 00 00 00 00 00 00 00  |................|
7E1F50:  00 00 00 00 00 00 00 00  00 00 00 00 00 00 00 00  |................|
7E1F60:  00 00 00 00 00 00 00 00  00 00 00 00 00 00 00 00  |................|
7E1F70:  00 00 00 00 00 00 00 00  00 00 00 00 00 00 00 00  |................|
7E1F80:  00 00 00 00 00 00 00 00  00 00 00 00 00 00 00 00  |................|
7E1F90:  00 00 00 00 00 00 00 00  00 00 00 00 00 00 00 00  |................|
7E1FA0:  00 00 00 00 00 00 00 00  00 00 00 00 00 00 00 00  |................|
7E1FB0:  00 00 00 00 00 00 00 00  00 00 00 00 00 00 00 00  |................|
7E1FC0:  00 00 00 00 00 00 00 00  00 00 00 00 00 00 00 00  |................|
7E1FD0:  00 00 00 00 00 00 00 00  00 00 00 00 00 00 00 00  |................|
7E1FE0:  00 00 00 00 00 00 00 00  00 00 00 00 00 00 00 00  |................|
7E1FF0:  00 00 00 00 35 B2 A7 61  A7 DF E0 15 AF E0 D5 87  |....5..a........|
7E2000:  00 00 00 00 00 00 00 00  00 00 00 00 00 00 00 00  |................|
7E2010:  00 00 00 00 00 00 00 00  00 00 00 00 00 00 00 00  |................|
7E2020:  00 00 00 00 00 00 00 00  00 00 00 00 00 00 00 00  |................|
7E2030:  00 00 00 00 00 00 00 00  00 00 00 00 00 00 00 00  |................|
7E2040:  00 00 00 00 00 00 00 00  00 00 00 00 00 00 00 00  |................|
7E2050:  00 00 00 00 00 00 00 00  00 00 00 00 00 00 00 00  |................|
7E2060:  00 00 00 00 00 00 00 00  00 00 00 00 00 00 00 00  |................|
7E2070:  00 00 00 00 00 00 00 00  00 00 00 00 00 00 00 00  |................|
7E2080:  00 00 00 00 00 00 00 00  00 00 00 00 00 00 00 00  |................|
7E2090:  00 00 00 00 00 00 00 00  00 00 00 00 00 00 00 00  |................|
7E20A0:  00 00 00 00 00 00 00 00  00 00 00 00 00 00 00 00  |................|
7E20B0:  00 00 00 00 00 00 00 00  00 00 00 00 00 00 00 00  |................|
7E20C0:  00 00 00 00 00 00 00 00  00 00 00 00 00 00 00 00  |................|
7E20D0:  00 00 00 00 00 00 00 00  00 00 00 00 00 00 00 00  |................|
7E20E0:  00 00 00 00 00 00 00 00  00 00 00 00 00 00 00 00  |................|
7E20F0:  00 00 00 00 00 00 00 00  00 00 00 00 00 00 00 00  |................|
7E2100:  00 00 00 00 00 00 00 00  00 00 00 00 00 00 00 00  |................|
7E2110:  00 00 00 00 00 00 00 00  00 00 00 00 00 00 00 00  |................|
7E2120:  00 00 00 00 00 00 00 00  00 00 00 00 00 00 00 00  |................|
7E2130:  00 00 00 00 00 00 00 00  00 00 00 00 00 00 00 00  |................|
7E2140:  00 00 00 00 00 00 00 00  00 00 00 00 00 00 00 00  |................|
7E2150:  00 00 00 00 00 00 00 00  00 00 00 00 00 00 00 00  |................|
7E2160:  00 00 00 00 00 00 00 00  00 00 00 00 00 00 00 00  |................|
7E2170:  00 00 00 00 00 00 00 00  00 00 00 00 00 00 00 00  |................|
7E2180:  00 00 00 00 00 00 00 00  00 00 00 00 00 00 00 00  |................|
7E2190:  00 00 00 00 00 00 00 00  00 00 00 00 00 00 00 00  |................|
7E21A0:  00 00 00 00 00 00 00 00  00 00 00 00 00 00 00 00  |................|
7E21B0:  00 00 00 00 00 00 00 00  00 00 00 00 00 00 00 00  |................|
7E21C0:  00 00 00 00 00 00 00 00  00 00 00 00 00 00 00 00  |................|
7E21D0:  00 00 00 00 00 00 00 00  00 00 00 00 00 00 00 00  |................|
7E21E0:  00 00 00 00 00 00 00 00  00 00 00 00 00 00 00 00  |................|
7E21F0:  00 00 00 00 00 00 00 00  00 00 00 00 00 00 00 00  |................|
7E2200:  00 00 00 00 00 00 00 00  00 00 00 00 00 00 00 00  |................|
7E2210:  00 00 00 00 00 00 00 00  00 00 00 00 00 00 00 00  |................|
7E2220:  00 00 00 00 00 00 00 00  00 00 00 00 00 00 00 00  |................|
7E2230:  00 00 00 00 00 00 00 00  00 00 00 00 00 00 00 00  |................|
7E2240:  00 00 00 00 00 00 00 00  00 00 00 00 00 00 00 00  |................|
7E2250:  00 00 00 00 00 00 00 00  00 00 00 00 00 00 00 00  |................|
7E2260:  00 00 00 00 00 00 00 00  00 00 00 00 00 00 00 00  |................|
7E2270:  00 00 00 00 00 00 00 00  00 00 00 00 00 00 00 00  |................|
7E2280:  00 00 00 00 00 00 00 00  00 00 00 00 00 00 00 00  |................|
7E2290:  00 00 00 00 00 00 00 00  00 00 00 00 00 00 00 00  |................|
7E22A0:  00 00 00 00 00 00 00 00  00 00 00 00 00 00 00 00  |................|
7E22B0:  00 00 00 00 00 00 00 00  00 00 00 00 00 00 00 00  |................|
7E22C0:  00 00 00 00 00 00 00 00  00 00 00 00 00 00 00 00  |................|
7E22D0:  00 00 00 00 00 00 00 00  00 00 00 00 00 00 00 00  |................|
7E22E0:  00 00 00 00 00 00 00 00  00 00 00 00 00 00 00 00  |................|
7E22F0:  00 00 00 00 00 00 00 00  00 00 00 00 00 00 00 00  |................|
7E2300:  00 00 00 00 00 00 00 00  00 00 00 00 00 00 00 00  |................|
7E2310:  00 00 00 00 00 00 00 00  00 00 00 00 00 00 00 00  |................|
7E2320:  00 00 00 00 00 00 00 00  00 00 00 00 00 00 00 00  |................|
7E2330:  00 00 00 00 00 00 00 00  00 00 00 00 00 00 00 00  |................|
7E2340:  00 00 00 00 00 00 00 00  00 00 00 00 00 00 00 00  |................|
7E2350:  00 00 00 00 00 00 00 00  00 00 00 00 00 00 00 00  |................|
7E2360:  00 00 00 00 00 00 00 00  00 00 00 00 00 00 00 00  |................|
7E2370:  00 00 00 00 00 00 00 00  00 00 00 00 00 00 00 00  |................|
7E2380:  00 00 00 00 00 00 00 00  00 00 00 00 00 00 00 00  |................|
7E2390:  00 00 00 00 00 00 00 00  00 00 00 00 00 00 00 00  |................|
7E23A0:  00 00 00 00 00 00 00 00  00 00 00 00 00 00 00 00  |................|
7E23B0:  00 00 00 00 00 00 00 00  00 00 00 00 00 00 00 00  |................|
7E23C0:  00 00 00 00 00 00 00 00  00 00 00 00 00 00 00 00  |................|
7E23D0:  00 00 00 00 00 00 00 00  00 00 00 00 00 00 00 00  |................|
7E23E0:  00 00 00 00 00 00 00 00  00 00 00 00 00 00 00 00  |................|
7E23F0:  00 00 00 00 00 00 00 00  00 00 00 00 00 00 00 00  |................|
7E2400:  00 00 00 00 00 00 00 00  00 00 00 00 00 00 00 00  |................|
7E2410:  00 00 00 00 00 00 00 00  00 00 00 00 00 00 00 00  |................|
7E2420:  00 00 00 00 00 00 00 00  00 00 00 00 00 00 00 00  |................|
7E2430:  00 00 00 00 00 00 00 00  00 00 00 00 00 00 00 00  |................|
7E2440:  00 00 00 00 00 00 00 00  00 00 00 00 00 00 00 00  |................|
7E2450:  00 00 00 00 00 00 00 00  00 00 00 00 00 00 00 00  |................|
7E2460:  00 00 00 00 00 00 00 00  00 00 00 00 00 00 00 00  |................|
7E2470:  00 00 00 00 00 00 00 00  00 00 00 00 00 00 00 00  |................|
7E2480:  00 00 00 00 00 00 00 00  00 00 00 00 00 00 00 00  |................|
7E2490:  00 00 00 00 00 00 00 00  00 00 00 00 00 00 00 00  |................|
7E24A0:  00 00 00 00 00 00 00 00  00 00 00 00 00 00 00 00  |................|
7E24B0:  00 00 00 00 00 00 00 00  00 00 00 00 00 00 00 00  |................|
7E24C0:  00 00 00 00 00 00 00 00  00 00 00 00 00 00 00 00  |................|
7E24D0:  00 00 00 00 00 00 00 00  00 00 00 00 00 00 00 00  |................|
7E24E0:  00 00 00 00 00 00 00 00  00 00 00 00 00 00 00 00  |................|
7E24F0:  00 00 00 00 00 00 00 00  00 00 00 00 00 00 00 00  |................|
7E2500:  00 00 00 00 00 00 00 00  00 00 00 00 00 00 00 00  |................|
7E2510:  00 00 00 00 00 00 00 00  00 00 00 00 00 00 00 00  |................|
7E2520:  00 00 00 00 00 00 00 00  00 00 00 00 00 00 00 00  |................|
7E2530:  00 00 00 00 00 00 00 00  00 00 00 00 00 00 00 00  |................|
7E2540:  00 00 00 00 00 00 00 00  00 00 00 00 00 00 00 00  |................|
7E2550:  00 00 00 00 00 00 00 00  00 00 00 00 00 00 00 00  |................|
7E2560:  00 00 00 00 00 00 00 00  00 00 00 00 00 00 00 00  |................|
7E2570:  00 00 00 00 00 00 00 00  00 00 00 00 00 00 00 00  |................|
7E2580:  00 00 00 00 00 00 00 00  00 00 00 00 00 00 00 00  |................|
7E2590:  00 00 00 00 00 00 00 00  00 00 00 00 00 00 00 00  |................|
7E25A0:  00 00 00 00 00 00 00 00  00 00 00 00 00 00 00 00  |................|
7E25B0:  00 00 00 00 00 00 00 00  00 00 00 00 00 00 00 00  |................|
7E25C0:  00 00 00 00 00 00 00 00  00 00 00 00 00 00 00 00  |................|
7E25D0:  00 00 00 00 00 00 00 00  00 00 00 00 00 00 00 00  |................|
7E25E0:  00 00 00 00 00 00 00 00  00 00 00 00 00 00 00 00  |................|
7E25F0:  00 00 00 00 00 00 00 00  00 00 00 00 00 00 00 00  |................|
7E2600:  00 00 00 00 00 00 00 00  00 00 00 00 00 00 00 00  |................|
7E2610:  00 00 00 00 00 00 00 00  00 00 00 00 00 00 00 00  |................|
7E2620:  00 00 00 00 00 00 00 00  00 00 00 00 00 00 00 00  |................|
7E2630:  00 00 00 00 00 00 00 00  00 00 00 00 00 00 00 00  |................|
7E2640:  00 00 00 00 00 00 00 00  00 00 00 00 00 00 00 00  |................|
7E2650:  00 00 00 00 00 00 00 00  00 00 00 00 00 00 00 00  |................|
7E2660:  00 00 00 00 00 00 00 00  00 00 00 00 00 00 00 00  |................|
7E2670:  00 00 00 00 00 00 00 00  00 00 00 00 00 00 00 00  |................|
7E2680:  00 00 00 00 00 00 00 00  00 00 00 00 00 00 00 00  |................|
7E2690:  00 00 00 00 00 00 00 00  00 00 00 00 00 00 00 00  |................|
7E26A0:  00 00 00 00 00 00 00 00  00 00 00 00 00 00 00 00  |................|
7E26B0:  00 00 00 00 00 00 00 00  00 00 00 00 00 00 00 00  |................|
7E26C0:  00 00 00 00 00 00 00 00  00 00 00 00 00 00 00 00  |................|
7E26D0:  00 00 00 00 00 00 00 00  00 00 00 00 00 00 00 00  |................|
7E26E0:  00 00 00 00 00 00 00 00  00 00 00 00 00 00 00 00  |................|
7E26F0:  00 00 00 00 00 00 00 00  00 00 00 00 00 00 00 00  |................|
7E2700:  00 00 00 00 00 00 00 00  00 00 00 00 00 00 00 00  |................|
7E2710:  00 00 00 00 00 00 00 00  00 00 00 00 00 00 00 00  |................|
7E2720:  00 00 00 00 00 00 00 00  00 00 00 00 00 00 00 00  |................|
7E2730:  00 00 00 00 00 00 00 00  00 00 00 00 00 00 00 00  |................|
7E2740:  00 00 00 00 00 00 00 00  00 00 00 00 00 00 00 00  |................|
7E2750:  00 00 00 00 00 00 00 00  00 00 00 00 00 00 00 00  |................|
7E2760:  00 00 00 00 00 00 00 00  00 00 00 00 00 00 00 00  |................|
7E2770:  00 00 00 00 00 00 00 00  00 00 00 00 00 00 00 00  |................|
7E2780:  00 00 00 00 00 00 00 00  00 00 00 00 00 00 00 00  |................|
7E2790:  00 00 00 00 00 00 00 00  00 00 00 00 00 00 00 00  |................|
7E27A0:  00 00 00 00 00 00 00 00  00 00 00 00 00 00 00 00  |................|
7E27B0:  00 00 00 00 00 00 00 00  00 00 00 00 00 00 00 00  |................|
7E27C0:  00 00 00 00 00 00 00 00  00 00 00 00 00 00 00 00  |................|
7E27D0:  00 00 00 00 00 00 00 00  00 00 00 00 00 00 00 00  |................|
7E27E0:  00 00 00 00 00 00 00 00  00 00 00 00 00 00 00 00  |................|
7E27F0:  00 00 00 00 00 00 00 00  00 00 00 00 00 00 00 00  |................|
7E2800:  00 00 00 00 00 00 00 00  00 00 00 00 00 00 00 00  |................|
7E2810:  00 00 00 00 00 00 00 00  00 00 00 00 00 00 00 00  |................|
7E2820:  00 00 00 00 00 00 00 00  00 00 00 00 00 00 00 00  |................|
7E2830:  00 00 00 00 00 00 00 00  00 00 00 00 00 00 00 00  |................|
7E2840:  00 00 00 00 00 00 00 00  00 00 00 00 00 00 00 00  |................|
7E2850:  00 00 00 00 00 00 00 00  00 00 00 00 00 00 00 00  |................|
7E2860:  00 00 00 00 00 00 00 00  00 00 00 00 00 00 00 00  |................|
7E2870:  00 00 00 00 00 00 00 00  00 00 00 00 00 00 00 00  |................|
7E2880:  00 00 00 00 00 00 00 00  00 00 00 00 00 00 00 00  |................|
7E2890:  00 00 00 00 00 00 00 00  00 00 00 00 00 00 00 00  |................|
7E28A0:  00 00 00 00 00 00 00 00  00 00 00 00 00 00 00 00  |................|
7E28B0:  00 00 00 00 00 00 00 00  00 00 00 00 00 00 00 00  |................|
7E28C0:  00 00 00 00 00 00 00 00  00 00 00 00 00 00 00 00  |................|
7E28D0:  00 00 00 00 00 00 00 00  00 00 00 00 00 00 00 00  |................|
7E28E0:  00 00 00 00 00 00 00 00  00 00 00 00 00 00 00 00  |................|
7E28F0:  00 00 00 00 00 00 00 00  00 00 00 00 00 00 00 00  |................|
7E2900:  00 00 00 00 00 00 00 00  00 00 00 00 00 00 00 00  |................|
7E2910:  00 00 00 00 00 00 00 00  00 00 00 00 00 00 00 00  |................|
7E2920:  00 00 00 00 00 00 00 00  00 00 00 00 00 00 00 00  |................|
7E2930:  00 00 00 00 00 00 00 00  00 00 00 00 00 00 00 00  |................|
7E2940:  00 00 00 00 00 00 00 00  00 00 00 00 00 00 00 00  |................|
7E2950:  00 00 00 00 00 00 00 00  00 00 00 00 00 00 00 00  |................|
7E2960:  00 00 00 00 00 00 00 00  00 00 00 00 00 00 00 00  |................|
7E2970:  00 00 00 00 00 00 00 00  00 00 00 00 00 00 00 00  |................|
7E2980:  00 00 00 00 00 00 00 00  00 00 00 00 00 00 00 00  |................|
7E2990:  00 00 00 00 00 00 00 00  00 00 00 00 00 00 00 00  |................|
7E29A0:  00 00 00 00 00 00 00 00  00 00 00 00 00 00 00 00  |................|
7E29B0:  00 00 00 00 00 00 00 00  00 00 00 00 00 00 00 00  |................|
7E29C0:  00 00 00 00 00 00 00 00  00 00 00 00 00 00 00 00  |................|
7E29D0:  00 00 00 00 00 00 00 00  00 00 00 00 00 00 00 00  |................|
7E29E0:  00 00 00 00 00 00 00 00  00 00 00 00 00 00 00 00  |................|
7E29F0:  00 00 00 00 00 00 00 00  00 00 00 00 00 00 00 00  |................|
7E2A00:  00 00 00 00 00 00 00 00  00 00 00 00 00 00 00 00  |................|
7E2A10:  00 00 00 00 00 00 00 00  00 00 00 00 00 00 00 00  |................|
7E2A20:  00 00 00 00 00 00 00 00  00 00 00 00 00 00 00 00  |................|
7E2A30:  00 00 00 00 00 00 00 00  00 00 00 00 00 00 00 00  |................|
7E2A40:  00 00 00 00 00 00 00 00  00 00 00 00 00 00 00 00  |................|
7E2A50:  00 00 00 00 00 00 00 00  00 00 00 00 00 00 00 00  |................|
7E2A60:  00 00 00 00 00 00 00 00  00 00 00 00 00 00 00 00  |................|
7E2A70:  00 00 00 00 00 00 00 00  00 00 00 00 00 00 00 00  |................|
7E2A80:  00 00 00 00 00 00 00 00  00 00 00 00 00 00 00 00  |................|
7E2A90:  00 00 00 00 00 00 00 00  00 00 00 00 00 00 00 00  |................|
7E2AA0:  00 00 00 00 00 00 00 00  00 00 00 00 00 00 00 00  |................|
7E2AB0:  00 00 00 00 00 00 00 00  00 00 00 00 00 00 00 00  |................|
7E2AC0:  00 00 00 00 00 00 00 00  00 00 00 00 00 00 00 00  |................|
7E2AD0:  00 00 00 00 00 00 00 00  00 00 00 00 00 00 00 00  |................|
7E2AE0:  00 00 00 00 00 00 00 00  00 00 00 00 00 00 00 00  |................|
7E2AF0:  00 00 00 00 00 00 00 00  00 00 00 00 00 00 00 00  |................|
7E2B00:  00 00 00 00 00 00 00 00  00 00 00 00 00 00 00 00  |................|
7E2B10:  00 00 00 00 00 00 00 00  00 00 00 00 00 00 00 00  |................|
7E2B20:  00 00 00 00 00 00 00 00  00 00 00 00 00 00 00 00  |................|
7E2B30:  00 00 00 00 00 00 00 00  00 00 00 00 00 00 00 00  |................|
7E2B40:  00 00 00 00 00 00 00 00  00 00 00 00 00 00 00 00  |................|
7E2B50:  00 00 00 00 00 00 00 00  00 00 00 00 00 00 00 00  |................|
7E2B60:  00 00 00 00 00 00 00 00  00 00 00 00 00 00 00 00  |................|
7E2B70:  00 00 00 00 00 00 00 00  00 00 00 00 00 00 00 00  |................|
7E2B80:  00 00 00 00 00 00 00 00  00 00 00 00 00 00 00 00  |................|
7E2B90:  00 00 00 00 00 00 00 00  00 00 00 00 00 00 00 00  |................|
7E2BA0:  00 00 00 00 00 00 00 00  00 00 00 00 00 00 00 00  |................|
7E2BB0:  00 00 00 00 00 00 00 00  00 00 00 00 00 00 00 00  |................|
7E2BC0:  00 00 00 00 00 00 00 00  00 00 00 00 00 00 00 00  |................|
7E2BD0:  00 00 00 00 00 00 00 00  00 00 00 00 00 00 00 00  |................|
7E2BE0:  00 00 00 00 00 00 00 00  00 00 00 00 00 00 00 00  |................|
7E2BF0:  00 00 00 00 00 00 00 00  00 00 00 00 00 00 00 00  |................|
7E2C00:  00 00 00 00 00 00 00 00  00 00 00 00 00 00 00 00  |................|
7E2C10:  00 00 00 00 00 00 00 00  00 00 00 00 00 00 00 00  |................|
7E2C20:  00 00 00 00 00 00 00 00  00 00 00 00 00 00 00 00  |................|
7E2C30:  00 00 00 00 00 00 00 00  00 00 00 00 00 00 00 00  |................|
7E2C40:  00 00 00 00 00 00 00 00  00 00 00 00 00 00 00 00  |................|
7E2C50:  00 00 00 00 00 00 00 00  00 00 00 00 00 00 00 00  |................|
7E2C60:  00 00 00 00 00 00 00 00  00 00 00 00 00 00 00 00  |................|
7E2C70:  00 00 00 00 00 00 00 00  00 00 00 00 00 00 00 00  |................|
7E2C80:  00 00 00 00 00 00 00 00  00 00 00 00 00 00 00 00  |................|
7E2C90:  00 00 00 00 00 00 00 00  00 00 00 00 00 00 00 00  |................|
7E2CA0:  00 00 00 00 00 00 00 00  00 00 00 00 00 00 00 00  |................|
7E2CB0:  00 00 00 00 00 00 00 00  00 00 00 00 00 00 00 00  |................|
7E2CC0:  00 00 00 00 00 00 00 00  00 00 00 00 00 00 00 00  |................|
7E2CD0:  00 00 00 00 00 00 00 00  00 00 00 00 00 00 00 00  |................|
7E2CE0:  00 00 00 00 00 00 00 00  00 00 00 00 00 00 00 00  |................|
7E2CF0:  00 00 00 00 00 00 00 00  00 00 00 00 00 00 00 00  |................|
7E2D00:  00 00 00 00 00 00 00 00  00 00 00 00 00 00 00 00  |................|
7E2D10:  00 00 00 00 00 00 00 00  00 00 00 00 00 00 00 00  |................|
7E2D20:  00 00 00 00 00 00 00 00  00 00 00 00 00 00 00 00  |................|
7E2D30:  00 00 00 00 00 00 00 00  00 00 00 00 00 00 00 00  |................|
7E2D40:  00 00 00 00 00 00 00 00  00 00 00 00 00 00 00 00  |................|
7E2D50:  00 00 00 00 00 00 00 00  00 00 00 00 00 00 00 00  |................|
7E2D60:  00 00 00 00 00 00 00 00  00 00 00 00 00 00 00 00  |................|
7E2D70:  00 00 00 00 00 00 00 00  00 00 00 00 00 00 00 00  |................|
7E2D80:  00 00 00 00 00 00 00 00  00 00 00 00 00 00 00 00  |................|
7E2D90:  00 00 00 00 00 00 00 00  00 00 00 00 00 00 00 00  |................|
7E2DA0:  00 00 00 00 00 00 00 00  00 00 00 00 00 00 00 00  |................|
7E2DB0:  00 00 00 00 00 00 00 00  00 00 00 00 00 00 00 00  |................|
7E2DC0:  00 00 00 00 00 00 00 00  00 00 00 00 00 00 00 00  |................|
7E2DD0:  00 00 00 00 00 00 00 00  00 00 00 00 00 00 00 00  |................|
7E2DE0:  00 00 00 00 00 00 00 00  00 00 00 00 00 00 00 00  |................|
7E2DF0:  00 00 00 00 00 00 00 00  00 00 00 00 00 00 00 00  |................|
7E2E00:  00 00 00 00 00 00 00 00  00 00 00 00 00 00 00 00  |................|
7E2E10:  00 00 00 00 00 00 00 00  00 00 00 00 00 00 00 00  |................|
7E2E20:  00 00 00 00 00 00 00 00  00 00 00 00 00 00 00 00  |................|
7E2E30:  00 00 00 00 00 00 00 00  00 00 00 00 00 00 00 00  |................|
7E2E40:  00 00 00 00 00 00 00 00  00 00 00 00 00 00 00 00  |................|
7E2E50:  00 00 00 00 00 00 00 00  00 00 00 00 00 00 00 00  |................|
7E2E60:  00 00 00 00 00 00 00 00  00 00 00 00 00 00 00 00  |................|
7E2E70:  00 00 00 00 00 00 00 00  00 00 00 00 00 00 00 00  |................|
7E2E80:  00 00 00 00 00 00 00 00  00 00 00 00 00 00 00 00  |................|
7E2E90:  00 00 00 00 00 00 00 00  00 00 00 00 00 00 00 00  |................|
7E2EA0:  00 00 00 00 00 00 00 00  00 00 00 00 00 00 00 00  |................|
7E2EB0:  00 00 00 00 00 00 00 00  00 00 00 00 00 00 00 00  |................|
7E2EC0:  00 00 00 00 00 00 00 00  00 00 00 00 00 00 00 00  |................|
7E2ED0:  00 00 00 00 00 00 00 00  00 00 00 00 00 00 00 00  |................|
7E2EE0:  00 00 00 00 00 00 00 00  00 00 00 00 00 00 00 00  |................|
7E2EF0:  00 00 00 00 00 00 00 00  00 00 00 00 00 00 00 00  |................|
7E2F00:  00 00 00 00 00 00 00 00  00 00 00 00 00 00 00 00  |................|
7E2F10:  00 00 00 00 00 00 00 00  00 00 00 00 00 00 00 00  |................|
7E2F20:  00 00 00 00 00 00 00 00  00 00 00 00 00 00 00 00  |................|
7E2F30:  00 00 00 00 00 00 00 00  00 00 00 00 00 00 00 00  |................|
7E2F40:  00 00 00 00 00 00 00 00  00 00 00 00 00 00 00 00  |................|
7E2F50:  00 00 00 00 00 00 00 00  00 00 00 00 00 00 00 00  |................|
7E2F60:  00 00 00 00 00 00 00 00  00 00 00 00 00 00 00 00  |................|
7E2F70:  00 00 00 00 00 00 00 00  00 00 00 00 00 00 00 00  |................|
7E2F80:  00 00 00 00 00 00 00 00  00 00 00 00 00 00 00 00  |................|
7E2F90:  00 00 00 00 00 00 00 00  00 00 00 00 00 00 00 00  |................|
7E2FA0:  00 00 00 00 00 00 00 00  00 00 00 00 00 00 00 00  |................|
7E2FB0:  00 00 00 00 00 00 00 00  00 00 00 00 00 00 00 00  |................|
7E2FC0:  00 00 00 00 00 00 00 00  00 00 00 00 00 00 00 00  |................|
7E2FD0:  00 00 00 00 00 00 00 00  00 00 00 00 00 00 00 00  |................|
7E2FE0:  00 00 00 00 00 00 00 00  00 00 00 00 00 00 00 00  |................|
7E2FF0:  00 00 00 00 00 00 00 00  00 00 00 00 00 00 00 00  |................|
7E3000:  00 00 00 00 00 00 00 00  00 00 00 00 00 00 00 00  |................|
7E3010:  00 00 00 00 00 00 00 00  00 00 00 00 00 00 00 00  |................|
7E3020:  00 00 00 00 00 00 00 00  00 00 00 00 00 00 00 00  |................|
7E3030:  00 00 00 00 00 00 00 00  00 00 00 00 00 00 00 00  |................|
7E3040:  00 00 00 00 00 00 00 00  00 00 00 00 00 00 00 00  |................|
7E3050:  00 00 00 00 00 00 00 00  00 00 00 00 00 00 00 00  |................|
7E3060:  00 00 00 00 00 00 00 00  00 00 00 00 00 00 00 00  |................|
7E3070:  00 00 00 00 00 00 00 00  00 00 00 00 00 00 00 00  |................|
7E3080:  00 00 00 00 00 00 00 00  00 00 00 00 00 00 00 00  |................|
7E3090:  00 00 00 00 00 00 00 00  00 00 00 00 00 00 00 00  |................|
7E30A0:  00 00 00 00 00 00 00 00  00 00 00 00 00 00 00 00  |................|
7E30B0:  00 00 00 00 00 00 00 00  00 00 00 00 00 00 00 00  |................|
7E30C0:  00 00 00 00 00 00 00 00  00 00 00 00 00 00 00 00  |................|
7E30D0:  00 00 00 00 00 00 00 00  00 00 00 00 00 00 00 00  |................|
7E30E0:  00 00 00 00 00 00 00 00  00 00 00 00 00 00 00 00  |................|
7E30F0:  00 00 00 00 00 00 00 00  00 00 00 00 00 00 00 00  |................|
7E3100:  00 00 00 00 00 00 00 00  00 00 00 00 00 00 00 00  |................|
7E3110:  00 00 00 00 00 00 00 00  00 00 00 00 00 00 00 00  |................|
7E3120:  00 00 00 00 00 00 00 00  00 00 00 00 00 00 00 00  |................|
7E3130:  00 00 00 00 00 00 00 00  00 00 00 00 00 00 00 00  |................|
7E3140:  00 00 00 00 00 00 00 00  00 00 00 00 00 00 00 00  |................|
7E3150:  00 00 00 00 00 00 00 00  00 00 00 00 00 00 00 00  |................|
7E3160:  00 00 00 00 00 00 00 00  00 00 00 00 00 00 00 00  |................|
7E3170:  00 00 00 00 00 00 00 00  00 00 00 00 00 00 00 00  |................|
7E3180:  00 00 00 00 00 00 00 00  00 00 00 00 00 00 00 00  |................|
7E3190:  00 00 00 00 00 00 00 00  00 00 00 00 00 00 00 00  |................|
7E31A0:  00 00 00 00 00 00 00 00  00 00 00 00 00 00 00 00  |................|
7E31B0:  00 00 00 00 00 00 00 00  00 00 00 00 00 00 00 00  |................|
7E31C0:  00 00 00 00 00 00 00 00  00 00 00 00 00 00 00 00  |................|
7E31D0:  00 00 00 00 00 00 00 00  00 00 00 00 00 00 00 00  |................|
7E31E0:  00 00 00 00 00 00 00 00  00 00 00 00 00 00 00 00  |................|
7E31F0:  00 00 00 00 00 00 00 00  00 00 00 00 00 00 00 00  |................|
7E3200:  00 00 00 00 00 00 00 00  00 00 00 00 00 00 00 00  |................|
7E3210:  00 00 00 00 00 00 00 00  00 00 00 00 00 00 00 00  |................|
7E3220:  00 00 00 00 00 00 00 00  00 00 00 00 00 00 00 00  |................|
7E3230:  00 00 00 00 00 00 00 00  00 00 00 00 00 00 00 00  |................|
7E3240:  00 00 00 00 00 00 00 00  00 00 00 00 00 00 00 00  |................|
7E3250:  00 00 00 00 00 00 00 00  00 00 00 00 00 00 00 00  |................|
7E3260:  00 00 00 00 00 00 00 00  00 00 00 00 00 00 00 00  |................|
7E3270:  00 00 00 00 00 00 00 00  00 00 00 00 00 00 00 00  |................|
7E3280:  00 00 00 00 00 00 00 00  00 00 00 00 00 00 00 00  |................|
7E3290:  00 00 00 00 00 00 00 00  00 00 00 00 00 00 00 00  |................|
7E32A0:  00 00 00 00 00 00 00 00  00 00 00 00 00 00 00 00  |................|
7E32B0:  00 00 00 00 00 00 00 00  00 00 00 00 00 00 00 00  |................|
7E32C0:  00 00 00 00 00 00 00 00  00 00 00 00 00 00 00 00  |................|
7E32D0:  00 00 00 00 00 00 00 00  00 00 00 00 00 00 00 00  |................|
7E32E0:  00 00 00 00 00 00 00 00  00 00 00 00 00 00 00 00  |................|
7E32F0:  00 00 00 00 00 00 00 00  00 00 00 00 00 00 00 00  |................|
7E3300:  00 00 00 00 00 00 00 00  00 00 00 00 00 00 00 00  |................|
7E3310:  00 00 00 00 00 00 00 00  00 00 00 00 00 00 00 00  |................|
7E3320:  00 00 00 00 00 00 00 00  00 00 00 00 00 00 00 00  |................|
7E3330:  00 00 00 00 00 00 00 00  00 00 00 00 00 00 00 00  |................|
7E3340:  00 00 00 00 00 00 00 00  00 00 00 00 00 00 00 00  |................|
7E3350:  00 00 00 00 00 00 00 00  00 00 00 00 00 00 00 00  |................|
7E3360:  00 00 00 00 00 00 00 00  00 00 00 00 00 00 00 00  |................|
7E3370:  00 00 00 00 00 00 00 00  00 00 00 00 00 00 00 00  |................|
7E3380:  00 00 00 00 00 00 00 00  00 00 00 00 00 00 00 00  |................|
7E3390:  00 00 00 00 00 00 00 00  00 00 00 00 00 00 00 00  |................|
7E33A0:  00 00 00 00 00 00 00 00  00 00 00 00 00 00 00 00  |................|
7E33B0:  00 00 00 00 00 00 00 00  00 00 00 00 00 00 00 00  |................|
7E33C0:  00 00 00 00 00 00 00 00  00 00 00 00 00 00 00 00  |................|
7E33D0:  00 00 00 00 00 00 00 00  00 00 00 00 00 00 00 00  |................|
7E33E0:  00 00 00 00 00 00 00 00  00 00 00 00 00 00 00 00  |................|
7E33F0:  00 00 00 00 00 00 00 00  00 00 00 00 00 00 00 00  |................|
7E3400:  00 00 00 00 00 00 00 00  00 00 00 00 00 00 00 00  |................|
7E3410:  00 00 00 00 00 00 00 00  00 00 00 00 00 00 00 00  |................|
7E3420:  00 00 00 00 00 00 00 00  00 00 00 00 00 00 00 00  |................|
7E3430:  00 00 00 00 00 00 00 00  00 00 00 00 00 00 00 00  |................|
7E3440:  00 00 00 00 00 00 00 00  00 00 00 00 00 00 00 00  |................|
7E3450:  00 00 00 00 00 00 00 00  00 00 00 00 00 00 00 00  |................|
7E3460:  00 00 00 00 00 00 00 00  00 00 00 00 00 00 00 00  |................|
7E3470:  00 00 00 00 00 00 00 00  00 00 00 00 00 00 00 00  |................|
7E3480:  00 00 00 00 00 00 00 00  00 00 00 00 00 00 00 00  |................|
7E3490:  00 00 00 00 00 00 00 00  00 00 00 00 00 00 00 00  |................|
7E34A0:  00 00 00 00 00 00 00 00  00 00 00 00 00 00 00 00  |................|
7E34B0:  00 00 00 00 00 00 00 00  00 00 00 00 00 00 00 00  |................|
7E34C0:  00 00 00 00 00 00 00 00  00 00 00 00 00 00 00 00  |................|
7E34D0:  00 00 00 00 00 00 00 00  00 00 00 00 00 00 00 00  |................|
7E34E0:  00 00 00 00 00 00 00 00  00 00 00 00 00 00 00 00  |................|
7E34F0:  00 00 00 00 00 00 00 00  00 00 00 00 00 00 00 00  |................|
7E3500:  00 00 00 00 00 00 00 00  00 00 00 00 00 00 00 00  |................|
7E3510:  00 00 00 00 00 00 00 00  00 00 00 00 00 00 00 00  |................|
7E3520:  00 00 00 00 00 00 00 00  00 00 00 00 00 00 00 00  |................|
7E3530:  00 00 00 00 00 00 00 00  00 00 00 00 00 00 00 00  |................|
7E3540:  00 00 00 00 00 00 00 00  00 00 00 00 00 00 00 00  |................|
7E3550:  00 00 00 00 00 00 00 00  00 00 00 00 00 00 00 00  |................|
7E3560:  00 00 00 00 00 00 00 00  00 00 00 00 00 00 00 00  |................|
7E3570:  00 00 00 00 00 00 00 00  00 00 00 00 00 00 00 00  |................|
7E3580:  00 00 00 00 00 00 00 00  00 00 00 00 00 00 00 00  |................|
7E3590:  00 00 00 00 00 00 00 00  00 00 00 00 00 00 00 00  |................|
7E35A0:  00 00 00 00 00 00 00 00  00 00 00 00 00 00 00 00  |................|
7E35B0:  00 00 00 00 00 00 00 00  00 00 00 00 00 00 00 00  |................|
7E35C0:  00 00 00 00 00 00 00 00  00 00 00 00 00 00 00 00  |................|
7E35D0:  00 00 00 00 00 00 00 00  00 00 00 00 00 00 00 00  |................|
7E35E0:  00 00 00 00 00 00 00 00  00 00 00 00 00 00 00 00  |................|
7E35F0:  00 00 00 00 00 00 00 00  00 00 00 00 00 00 00 00  |................|
7E3600:  00 00 00 00 00 00 00 00  00 00 00 00 00 00 00 00  |................|
7E3610:  00 00 00 00 00 00 00 00  00 00 00 00 00 00 00 00  |................|
7E3620:  00 00 00 00 00 00 00 00  00 00 00 00 00 00 00 00  |................|
7E3630:  00 00 00 00 00 00 00 00  00 00 00 00 00 00 00 00  |................|
7E3640:  00 00 00 00 00 00 00 00  00 00 00 00 00 00 00 00  |................|
7E3650:  00 00 00 00 00 00 00 00  00 00 00 00 00 00 00 00  |................|
7E3660:  00 00 00 00 00 00 00 00  00 00 00 00 00 00 00 00  |................|
7E3670:  00 00 00 00 00 00 00 00  00 00 00 00 00 00 00 00  |................|
7E3680:  00 00 00 00 00 00 00 00  00 00 00 00 00 00 00 00  |................|
7E3690:  00 00 00 00 00 00 00 00  00 00 00 00 00 00 00 00  |................|
7E36A0:  00 00 00 00 00 00 00 00  00 00 00 00 00 00 00 00  |................|
7E36B0:  00 00 00 00 00 00 00 00  00 00 00 00 00 00 00 00  |................|
7E36C0:  00 00 00 00 00 00 00 00  00 00 00 00 00 00 00 00  |................|
7E36D0:  00 00 00 00 00 00 00 00  00 00 00 00 00 00 00 00  |................|
7E36E0:  00 00 00 00 00 00 00 00  00 00 00 00 00 00 00 00  |................|
7E36F0:  00 00 00 00 00 00 00 00  00 00 00 00 00 00 00 00  |................|
7E3700:  00 00 00 00 00 00 00 00  00 00 00 00 00 00 00 00  |................|
7E3710:  00 00 00 00 00 00 00 00  00 00 00 00 00 00 00 00  |................|
7E3720:  00 00 00 00 00 00 00 00  00 00 00 00 00 00 00 00  |................|
7E3730:  00 00 00 00 00 00 00 00  00 00 00 00 00 00 00 00  |................|
7E3740:  00 00 00 00 00 00 00 00  00 00 00 00 00 00 00 00  |................|
7E3750:  00 00 00 00 00 00 00 00  00 00 00 00 00 00 00 00  |................|
7E3760:  00 00 00 00 00 00 00 00  00 00 00 00 00 00 00 00  |................|
7E3770:  00 00 00 00 00 00 00 00  00 00 00 00 00 00 00 00  |................|
7E3780:  00 00 00 00 00 00 00 00  00 00 00 00 00 00 00 00  |................|
7E3790:  00 00 00 00 00 00 00 00  00 00 00 00 00 00 00 00  |................|
7E37A0:  00 00 00 00 00 00 00 00  00 00 00 00 00 00 00 00  |................|
7E37B0:  00 00 00 00 00 00 00 00  00 00 00 00 00 00 00 00  |................|
7E37C0:  00 00 00 00 00 00 00 00  00 00 00 00 00 00 00 00  |................|
7E37D0:  00 00 00 00 00 00 00 00  00 00 00 00 00 00 00 00  |................|
7E37E0:  00 00 00 00 00 00 00 00  00 00 00 00 00 00 00 00  |................|
7E37F0:  00 00 00 00 00 00 00 00  00 00 00 00 00 00 00 00  |................|
7E3800:  00 00 00 00 00 00 00 00  00 00 00 00 00 00 00 00  |................|
7E3810:  00 00 00 00 00 00 00 00  00 00 00 00 00 00 00 00  |................|
7E3820:  00 00 00 00 00 00 00 00  00 00 00 00 00 00 00 00  |................|
7E3830:  00 00 00 00 00 00 00 00  00 00 00 00 00 00 00 00  |................|
7E3840:  00 00 00 00 00 00 00 00  00 00 00 00 00 00 00 00  |................|
7E3850:  00 00 00 00 00 00 00 00  00 00 00 00 00 00 00 00  |................|
7E3860:  00 00 00 00 00 00 00 00  00 00 00 00 00 00 00 00  |................|
7E3870:  00 00 00 00 00 00 00 00  00 00 00 00 00 00 00 00  |................|
7E3880:  00 00 00 00 00 00 00 00  00 00 00 00 00 00 00 00  |................|
7E3890:  00 00 00 00 00 00 00 00  00 00 00 00 00 00 00 00  |................|
7E38A0:  00 00 00 00 00 00 00 00  00 00 00 00 00 00 00 00  |................|
7E38B0:  00 00 00 00 00 00 00 00  00 00 00 00 00 00 00 00  |................|
7E38C0:  00 00 00 00 00 00 00 00  00 00 00 00 00 00 00 00  |................|
7E38D0:  00 00 00 00 00 00 00 00  00 00 00 00 00 00 00 00  |................|
7E38E0:  00 00 00 00 00 00 00 00  00 00 00 00 00 00 00 00  |................|
7E38F0:  00 00 00 00 00 00 00 00  00 00 00 00 00 00 00 00  |................|
7E3900:  00 00 00 00 00 00 00 00  00 00 00 00 00 00 00 00  |................|
7E3910:  00 00 00 00 00 00 00 00  00 00 00 00 00 00 00 00  |................|
7E3920:  00 00 00 00 00 00 00 00  00 00 00 00 00 00 00 00  |................|
7E3930:  00 00 00 00 00 00 00 00  00 00 00 00 00 00 00 00  |................|
7E3940:  00 00 00 00 00 00 00 00  00 00 00 00 00 00 00 00  |................|
7E3950:  00 00 00 00 00 00 00 00  00 00 00 00 00 00 00 00  |................|
7E3960:  00 00 00 00 00 00 00 00  00 00 00 00 00 00 00 00  |................|
7E3970:  00 00 00 00 00 00 00 00  00 00 00 00 00 00 00 00  |................|
7E3980:  00 00 00 00 00 00 00 00  00 00 00 00 00 00 00 00  |................|
7E3990:  00 00 00 00 00 00 00 00  00 00 00 00 00 00 00 00  |................|
7E39A0:  00 00 00 00 00 00 00 00  00 00 00 00 00 00 00 00  |................|
7E39B0:  00 00 00 00 00 00 00 00  00 00 00 00 00 00 00 00  |................|
7E39C0:  00 00 00 00 00 00 00 00  00 00 00 00 00 00 00 00  |................|
7E39D0:  00 00 00 00 00 00 00 00  00 00 00 00 00 00 00 00  |................|
7E39E0:  00 00 00 00 00 00 00 00  00 00 00 00 00 00 00 00  |................|
7E39F0:  00 00 00 00 00 00 00 00  00 00 00 00 00 00 00 00  |................|
7E3A00:  00 00 00 00 00 00 00 00  00 00 00 00 00 00 00 00  |................|
7E3A10:  00 00 00 00 00 00 00 00  00 00 00 00 00 00 00 00  |................|
7E3A20:  00 00 00 00 00 00 00 00  00 00 00 00 00 00 00 00  |................|
7E3A30:  00 00 00 00 00 00 00 00  00 00 00 00 00 00 00 00  |................|
7E3A40:  00 00 00 00 00 00 00 00  00 00 00 00 00 00 00 00  |................|
7E3A50:  00 00 00 00 00 00 00 00  00 00 00 00 00 00 00 00  |................|
7E3A60:  00 00 00 00 00 00 00 00  00 00 00 00 00 00 00 00  |................|
7E3A70:  00 00 00 00 00 00 00 00  00 00 00 00 00 00 00 00  |................|
7E3A80:  00 00 00 00 00 00 00 00  00 00 00 00 00 00 00 00  |................|
7E3A90:  00 00 00 00 00 00 00 00  00 00 00 00 00 00 00 00  |................|
7E3AA0:  00 00 00 00 00 00 00 00  00 00 00 00 00 00 00 00  |................|
7E3AB0:  00 00 00 00 00 00 00 00  00 00 00 00 00 00 00 00  |................|
7E3AC0:  00 00 00 00 00 00 00 00  00 00 00 00 00 00 00 00  |................|
7E3AD0:  00 00 00 00 00 00 00 00  00 00 00 00 00 00 00 00  |................|
7E3AE0:  00 00 00 00 00 00 00 00  00 00 00 00 00 00 00 00  |................|
7E3AF0:  00 00 00 00 00 00 00 00  00 00 00 00 00 00 00 00  |................|
7E3B00:  00 00 00 00 00 00 00 00  00 00 00 00 00 00 00 00  |................|
7E3B10:  00 00 00 00 00 00 00 00  00 00 00 00 00 00 00 00  |................|
7E3B20:  00 00 00 00 00 00 00 00  00 00 00 00 00 00 00 00  |................|
7E3B30:  00 00 00 00 00 00 00 00  00 00 00 00 00 00 00 00  |................|
7E3B40:  00 00 00 00 00 00 00 00  00 00 00 00 00 00 00 00  |................|
7E3B50:  00 00 00 00 00 00 00 00  00 00 00 00 00 00 00 00  |................|
7E3B60:  00 00 00 00 00 00 00 00  00 00 00 00 00 00 00 00  |................|
7E3B70:  00 00 00 00 00 00 00 00  00 00 00 00 00 00 00 00  |................|
7E3B80:  00 00 00 00 00 00 00 00  00 00 00 00 00 00 00 00  |................|
7E3B90:  00 00 00 00 00 00 00 00  00 00 00 00 00 00 00 00  |................|
7E3BA0:  00 00 00 00 00 00 00 00  00 00 00 00 00 00 00 00  |................|
7E3BB0:  00 00 00 00 00 00 00 00  00 00 00 00 00 00 00 00  |................|
7E3BC0:  00 00 00 00 00 00 00 00  00 00 00 00 00 00 00 00  |................|
7E3BD0:  00 00 00 00 00 00 00 00  00 00 00 00 00 00 00 00  |................|
7E3BE0:  00 00 00 00 00 00 00 00  00 00 00 00 00 00 00 00  |................|
7E3BF0:  00 00 00 00 00 00 00 00  00 00 00 00 00 00 00 00  |................|
7E3C00:  00 00 00 00 00 00 00 00  00 00 00 00 00 00 00 00  |................|
7E3C10:  00 00 00 00 00 00 00 00  00 00 00 00 00 00 00 00  |................|
7E3C20:  00 00 00 00 00 00 00 00  00 00 00 00 00 00 00 00  |................|
7E3C30:  00 00 00 00 00 00 00 00  00 00 00 00 00 00 00 00  |................|
7E3C40:  00 00 00 00 00 00 00 00  00 00 00 00 00 00 00 00  |................|
7E3C50:  00 00 00 00 00 00 00 00  00 00 00 00 00 00 00 00  |................|
7E3C60:  00 00 00 00 00 00 00 00  00 00 00 00 00 00 00 00  |................|
7E3C70:  00 00 00 00 00 00 00 00  00 00 00 00 00 00 00 00  |................|
7E3C80:  00 00 00 00 00 00 00 00  00 00 00 00 00 00 00 00  |................|
7E3C90:  00 00 00 00 00 00 00 00  00 00 00 00 00 00 00 00  |................|
7E3CA0:  00 00 00 00 00 00 00 00  00 00 00 00 00 00 00 00  |................|
7E3CB0:  00 00 00 00 00 00 00 00  00 00 00 00 00 00 00 00  |................|
7E3CC0:  00 00 00 00 00 00 00 00  00 00 00 00 00 00 00 00  |................|
7E3CD0:  00 00 00 00 00 00 00 00  00 00 00 00 00 00 00 00  |................|
7E3CE0:  00 00 00 00 00 00 00 00  00 00 00 00 00 00 00 00  |................|
7E3CF0:  00 00 00 00 00 00 00 00  00 00 00 00 00 00 00 00  |................|
7E3D00:  00 00 00 00 00 00 00 00  00 00 00 00 00 00 00 00  |................|
7E3D10:  00 00 00 00 00 00 00 00  00 00 00 00 00 00 00 00  |................|
7E3D20:  00 00 00 00 00 00 00 00  00 00 00 00 00 00 00 00  |................|
7E3D30:  00 00 00 00 00 00 00 00  00 00 00 00 00 00 00 00  |................|
7E3D40:  00 00 00 00 00 00 00 00  00 00 00 00 00 00 00 00  |................|
7E3D50:  00 00 00 00 00 00 00 00  00 00 00 00 00 00 00 00  |................|
7E3D60:  00 00 00 00 00 00 00 00  00 00 00 00 00 00 00 00  |................|
7E3D70:  00 00 00 00 00 00 00 00  00 00 00 00 00 00 00 00  |................|
7E3D80:  00 00 00 00 00 00 00 00  00 00 00 00 00 00 00 00  |................|
7E3D90:  00 00 00 00 00 00 00 00  00 00 00 00 00 00 00 00  |................|
7E3DA0:  00 00 00 00 00 00 00 00  00 00 00 00 00 00 00 00  |................|
7E3DB0:  00 00 00 00 00 00 00 00  00 00 00 00 00 00 00 00  |................|
7E3DC0:  00 00 00 00 00 00 00 00  00 00 00 00 00 00 00 00  |................|
7E3DD0:  00 00 00 00 00 00 00 00  00 00 00 00 00 00 00 00  |................|
7E3DE0:  00 00 00 00 00 00 00 00  00 00 00 00 00 00 00 00  |................|
7E3DF0:  00 00 00 00 00 00 00 00  00 00 00 00 00 00 00 00  |................|
7E3E00:  00 00 00 00 00 00 00 00  00 00 00 00 00 00 00 00  |................|
7E3E10:  00 00 00 00 00 00 00 00  00 00 00 00 00 00 00 00  |................|
7E3E20:  00 00 00 00 00 00 00 00  00 00 00 00 00 00 00 00  |................|
7E3E30:  00 00 00 00 00 00 00 00  00 00 00 00 00 00 00 00  |................|
7E3E40:  00 00 00 00 00 00 00 00  00 00 00 00 00 00 00 00  |................|
7E3E50:  00 00 00 00 00 00 00 00  00 00 00 00 00 00 00 00  |................|
7E3E60:  00 00 00 00 00 00 00 00  00 00 00 00 00 00 00 00  |................|
7E3E70:  00 00 00 00 00 00 00 00  00 00 00 00 00 00 00 00  |................|
7E3E80:  00 00 00 00 00 00 00 00  00 00 00 00 00 00 00 00  |................|
7E3E90:  00 00 00 00 00 00 00 00  00 00 00 00 00 00 00 00  |................|
7E3EA0:  00 00 00 00 00 00 00 00  00 00 00 00 00 00 00 00  |................|
7E3EB0:  00 00 00 00 00 00 00 00  00 00 00 00 00 00 00 00  |................|
7E3EC0:  00 00 00 00 00 00 00 00  00 00 00 00 00 00 00 00  |................|
7E3ED0:  00 00 00 00 00 00 00 00  00 00 00 00 00 00 00 00  |................|
7E3EE0:  00 00 00 00 00 00 00 00  00 00 00 00 00 00 00 00  |................|
7E3EF0:  00 00 00 00 00 00 00 00  00 00 00 00 00 00 00 00  |................|
7E3F00:  00 00 00 00 00 00 00 00  00 00 00 00 00 00 00 00  |................|
7E3F10:  00 00 00 00 00 00 00 00  00 00 00 00 00 00 00 00  |................|
7E3F20:  00 00 00 00 00 00 00 00  00 00 00 00 00 00 00 00  |................|
7E3F30:  00 00 00 00 00 00 00 00  00 00 00 00 00 00 00 00  |................|
7E3F40:  00 00 00 00 00 00 00 00  00 00 00 00 00 00 00 00  |................|
7E3F50:  00 00 00 00 00 00 00 00  00 00 00 00 00 00 00 00  |................|
7E3F60:  00 00 00 00 00 00 00 00  00 00 00 00 00 00 00 00  |................|
7E3F70:  00 00 00 00 00 00 00 00  00 00 00 00 00 00 00 00  |................|
7E3F80:  00 00 00 00 00 00 00 00  00 00 00 00 00 00 00 00  |................|
7E3F90:  00 00 00 00 00 00 00 00  00 00 00 00 00 00 00 00  |................|
7E3FA0:  00 00 00 00 00 00 00 00  00 00 00 00 00 00 00 00  |................|
7E3FB0:  00 00 00 00 00 00 00 00  00 00 00 00 00 00 00 00  |................|
7E3FC0:  00 00 00 00 00 00 00 00  00 00 00 00 00 00 00 00  |................|
7E3FD0:  00 00 00 00 00 00 00 00  00 00 00 00 00 00 00 00  |................|
7E3FE0:  00 00 00 00 00 00 00 00  00 00 00 00 00 00 00 00  |................|
7E3FF0:  00 00 00 00 00 00 00 00  00 00 00 00 00 00 00 00  |................|
7E4000:  00 00 00 00 00 00 00 00  00 00 00 00 00 00 00 00  |................|
7E4010:  00 00 00 00 00 00 00 00  00 00 00 00 00 00 00 00  |................|
7E4020:  00 00 00 00 00 00 00 00  00 00 00 00 00 00 00 00  |................|
7E4030:  00 00 00 00 00 00 00 00  00 00 00 00 00 00 00 00  |................|
7E4040:  00 00 00 00 00 00 00 00  00 00 00 00 00 00 00 00  |................|
7E4050:  00 00 00 00 00 00 00 00  00 00 00 00 00 00 00 00  |................|
7E4060:  00 00 00 00 00 00 00 00  00 00 00 00 00 00 00 00  |................|
7E4070:  00 00 00 00 00 00 00 00  00 00 00 00 00 00 00 00  |................|
7E4080:  00 00 00 00 00 00 00 00  00 00 00 00 00 00 00 00  |................|
7E4090:  00 00 00 00 00 00 00 00  00 00 00 00 00 00 00 00  |................|
7E40A0:  00 00 00 00 00 00 00 00  00 00 00 00 00 00 00 00  |................|
7E40B0:  00 00 00 00 00 00 00 00  00 00 00 00 00 00 00 00  |................|
7E40C0:  00 00 00 00 00 00 00 00  00 00 00 00 00 00 00 00  |................|
7E40D0:  00 00 00 00 00 00 00 00  00 00 00 00 00 00 00 00  |................|
7E40E0:  00 00 00 00 00 00 00 00  00 00 00 00 00 00 00 00  |................|
7E40F0:  00 00 00 00 00 00 00 00  00 00 00 00 00 00 00 00  |................|
7E4100:  00 00 00 00 00 00 00 00  00 00 00 00 00 00 00 00  |................|
7E4110:  00 00 00 00 00 00 00 00  00 00 00 00 00 00 00 00  |................|
7E4120:  00 00 00 00 00 00 00 00  00 00 00 00 00 00 00 00  |................|
7E4130:  00 00 00 00 00 00 00 00  00 00 00 00 00 00 00 00  |................|
7E4140:  00 00 00 00 00 00 00 00  00 00 00 00 00 00 00 00  |................|
7E4150:  00 00 00 00 00 00 00 00  00 00 00 00 00 00 00 00  |................|
7E4160:  00 00 00 00 00 00 00 00  00 00 00 00 00 00 00 00  |................|
7E4170:  00 00 00 00 00 00 00 00  00 00 00 00 00 00 00 00  |................|
7E4180:  00 00 00 00 00 00 00 00  00 00 00 00 00 00 00 00  |................|
7E4190:  00 00 00 00 00 00 00 00  00 00 00 00 00 00 00 00  |................|
7E41A0:  00 00 00 00 00 00 00 00  00 00 00 00 00 00 00 00  |................|
7E41B0:  00 00 00 00 00 00 00 00  00 00 00 00 00 00 00 00  |................|
7E41C0:  00 00 00 00 00 00 00 00  00 00 00 00 00 00 00 00  |................|
7E41D0:  00 00 00 00 00 00 00 00  00 00 00 00 00 00 00 00  |................|
7E41E0:  00 00 00 00 00 00 00 00  00 00 00 00 00 00 00 00  |................|
7E41F0:  00 00 00 00 00 00 00 00  00 00 00 00 00 00 00 00  |................|
7E4200:  00 00 00 00 00 00 00 00  00 00 00 00 00 00 00 00  |................|
7E4210:  00 00 00 00 00 00 00 00  00 00 00 00 00 00 00 00  |................|
7E4220:  00 00 00 00 00 00 00 00  00 00 00 00 00 00 00 00  |................|
7E4230:  00 00 00 00 00 00 00 00  00 00 00 00 00 00 00 00  |................|
7E4240:  00 00 00 00 00 00 00 00  00 00 00 00 00 00 00 00  |................|
7E4250:  00 00 00 00 00 00 00 00  00 00 00 00 00 00 00 00  |................|
7E4260:  00 00 00 00 00 00 00 00  00 00 00 00 00 00 00 00  |................|
7E4270:  00 00 00 00 00 00 00 00  00 00 00 00 00 00 00 00  |................|
7E4280:  00 00 00 00 00 00 00 00  00 00 00 00 00 00 00 00  |................|
7E4290:  00 00 00 00 00 00 00 00  00 00 00 00 00 00 00 00  |................|
7E42A0:  00 00 00 00 00 00 00 00  00 00 00 00 00 00 00 00  |................|
7E42B0:  00 00 00 00 00 00 00 00  00 00 00 00 00 00 00 00  |................|
7E42C0:  00 00 00 00 00 00 00 00  00 00 00 00 00 00 00 00  |................|
7E42D0:  00 00 00 00 00 00 00 00  00 00 00 00 00 00 00 00  |................|
7E42E0:  00 00 00 00 00 00 00 00  00 00 00 00 00 00 00 00  |................|
7E42F0:  00 00 00 00 00 00 00 00  00 00 00 00 00 00 00 00  |................|
7E4300:  00 00 00 00 00 00 00 00  00 00 00 00 00 00 00 00  |................|
7E4310:  00 00 00 00 00 00 00 00  00 00 00 00 00 00 00 00  |................|
7E4320:  00 00 00 00 00 00 00 00  00 00 00 00 00 00 00 00  |................|
7E4330:  00 00 00 00 00 00 00 00  00 00 00 00 00 00 00 00  |................|
7E4340:  00 00 00 00 00 00 00 00  00 00 00 00 00 00 00 00  |................|
7E4350:  00 00 00 00 00 00 00 00  00 00 00 00 00 00 00 00  |................|
7E4360:  00 00 00 00 00 00 00 00  00 00 00 00 00 00 00 00  |................|
7E4370:  00 00 00 00 00 00 00 00  00 00 00 00 00 00 00 00  |................|
7E4380:  00 00 00 00 00 00 00 00  00 00 00 00 00 00 00 00  |................|
7E4390:  00 00 00 00 00 00 00 00  00 00 00 00 00 00 00 00  |................|
7E43A0:  00 00 00 00 00 00 00 00  00 00 00 00 00 00 00 00  |................|
7E43B0:  00 00 00 00 00 00 00 00  00 00 00 00 00 00 00 00  |................|
7E43C0:  00 00 00 00 00 00 00 00  00 00 00 00 00 00 00 00  |................|
7E43D0:  00 00 00 00 00 00 00 00  00 00 00 00 00 00 00 00  |................|
7E43E0:  00 00 00 00 00 00 00 00  00 00 00 00 00 00 00 00  |................|
7E43F0:  00 00 00 00 00 00 00 00  00 00 00 00 00 00 00 00  |................|
7E4400:  00 00 00 00 00 00 00 00  00 00 00 00 00 00 00 00  |................|
7E4410:  00 00 00 00 00 00 00 00  00 00 00 00 00 00 00 00  |................|
7E4420:  00 00 00 00 00 00 00 00  00 00 00 00 00 00 00 00  |................|
7E4430:  00 00 00 00 00 00 00 00  00 00 00 00 00 00 00 00  |................|
7E4440:  00 00 00 00 00 00 00 00  00 00 00 00 00 00 00 00  |................|
7E4450:  00 00 00 00 00 00 00 00  00 00 00 00 00 00 00 00  |................|
7E4460:  00 00 00 00 00 00 00 00  00 00 00 00 00 00 00 00  |................|
7E4470:  00 00 00 00 00 00 00 00  00 00 00 00 00 00 00 00  |................|
7E4480:  00 00 00 00 00 00 00 00  00 00 00 00 00 00 00 00  |................|
7E4490:  00 00 00 00 00 00 00 00  00 00 00 00 00 00 00 00  |................|
7E44A0:  00 00 00 00 00 00 00 00  00 00 00 00 00 00 00 00  |................|
7E44B0:  00 00 00 00 00 00 00 00  00 00 00 00 00 00 00 00  |................|
7E44C0:  00 00 00 00 00 00 00 00  00 00 00 00 00 00 00 00  |................|
7E44D0:  00 00 00 00 00 00 00 00  00 00 00 00 00 00 00 00  |................|
7E44E0:  00 00 00 00 00 00 00 00  00 00 00 00 00 00 00 00  |................|
7E44F0:  00 00 00 00 00 00 00 00  00 00 00 00 00 00 00 00  |................|
7E4500:  00 00 00 00 00 00 00 00  00 00 00 00 00 00 00 00  |................|
7E4510:  00 00 00 00 00 00 00 00  00 00 00 00 00 00 00 00  |................|
7E4520:  00 00 00 00 00 00 00 00  00 00 00 00 00 00 00 00  |................|
7E4530:  00 00 00 00 00 00 00 00  00 00 00 00 00 00 00 00  |................|
7E4540:  00 00 00 00 00 00 00 00  00 00 00 00 00 00 00 00  |................|
7E4550:  00 00 00 00 00 00 00 00  00 00 00 00 00 00 00 00  |................|
7E4560:  00 00 00 00 00 00 00 00  00 00 00 00 00 00 00 00  |................|
7E4570:  00 00 00 00 00 00 00 00  00 00 00 00 00 00 00 00  |................|
7E4580:  00 00 00 00 00 00 00 00  00 00 00 00 00 00 00 00  |................|
7E4590:  00 00 00 00 00 00 00 00  00 00 00 00 00 00 00 00  |................|
7E45A0:  00 00 00 00 00 00 00 00  00 00 00 00 00 00 00 00  |................|
7E45B0:  00 00 00 00 00 00 00 00  00 00 00 00 00 00 00 00  |................|
7E45C0:  00 00 00 00 00 00 00 00  00 00 00 00 00 00 00 00  |................|
7E45D0:  00 00 00 00 00 00 00 00  00 00 00 00 00 00 00 00  |................|
7E45E0:  00 00 00 00 00 00 00 00  00 00 00 00 00 00 00 00  |................|
7E45F0:  00 00 00 00 00 00 00 00  00 00 00 00 00 00 00 00  |................|
7E4600:  00 00 00 00 00 00 00 00  00 00 00 00 00 00 00 00  |................|
7E4610:  00 00 00 00 00 00 00 00  00 00 00 00 00 00 00 00  |................|
7E4620:  00 00 00 00 00 00 00 00  00 00 00 00 00 00 00 00  |................|
7E4630:  00 00 00 00 00 00 00 00  00 00 00 00 00 00 00 00  |................|
7E4640:  00 00 00 00 00 00 00 00  00 00 00 00 00 00 00 00  |................|
7E4650:  00 00 00 00 00 00 00 00  00 00 00 00 00 00 00 00  |................|
7E4660:  00 00 00 00 00 00 00 00  00 00 00 00 00 00 00 00  |................|
7E4670:  00 00 00 00 00 00 00 00  00 00 00 00 00 00 00 00  |................|
7E4680:  00 00 00 00 00 00 00 00  00 00 00 00 00 00 00 00  |................|
7E4690:  00 00 00 00 00 00 00 00  00 00 00 00 00 00 00 00  |................|
7E46A0:  00 00 00 00 00 00 00 00  00 00 00 00 00 00 00 00  |................|
7E46B0:  00 00 00 00 00 00 00 00  00 00 00 00 00 00 00 00  |................|
7E46C0:  00 00 00 00 00 00 00 00  00 00 00 00 00 00 00 00  |................|
7E46D0:  00 00 00 00 00 00 00 00  00 00 00 00 00 00 00 00  |................|
7E46E0:  00 00 00 00 00 00 00 00  00 00 00 00 00 00 00 00  |................|
7E46F0:  00 00 00 00 00 00 00 00  00 00 00 00 00 00 00 00  |................|
7E4700:  00 00 00 00 00 00 00 00  00 00 00 00 00 00 00 00  |................|
7E4710:  00 00 00 00 00 00 00 00  00 00 00 00 00 00 00 00  |................|
7E4720:  00 00 00 00 00 00 00 00  00 00 00 00 00 00 00 00  |................|
7E4730:  00 00 00 00 00 00 00 00  00 00 00 00 00 00 00 00  |................|
7E4740:  00 00 00 00 00 00 00 00  00 00 00 00 00 00 00 00  |................|
7E4750:  00 00 00 00 00 00 00 00  00 00 00 00 00 00 00 00  |................|
7E4760:  00 00 00 00 00 00 00 00  00 00 00 00 00 00 00 00  |................|
7E4770:  00 00 00 00 00 00 00 00  00 00 00 00 00 00 00 00  |................|
7E4780:  00 00 00 00 00 00 00 00  00 00 00 00 00 00 00 00  |................|
7E4790:  00 00 00 00 00 00 00 00  00 00 00 00 00 00 00 00  |................|
7E47A0:  00 00 00 00 00 00 00 00  00 00 00 00 00 00 00 00  |................|
7E47B0:  00 00 00 00 00 00 00 00  00 00 00 00 00 00 00 00  |................|
7E47C0:  00 00 00 00 00 00 00 00  00 00 00 00 00 00 00 00  |................|
7E47D0:  00 00 00 00 00 00 00 00  00 00 00 00 00 00 00 00  |................|
7E47E0:  00 00 00 00 00 00 00 00  00 00 00 00 00 00 00 00  |................|
7E47F0:  00 00 00 00 00 00 00 00  00 00 00 00 00 00 00 00  |................|
7E4800:  00 00 00 00 00 00 00 00  00 00 00 00 00 00 00 00  |................|
7E4810:  00 00 00 00 00 00 00 00  00 00 00 00 00 00 00 00  |................|
7E4820:  00 00 00 00 00 00 00 00  00 00 00 00 00 00 00 00  |................|
7E4830:  00 00 00 00 00 00 00 00  00 00 00 00 00 00 00 00  |................|
7E4840:  00 00 00 00 00 00 00 00  00 00 00 00 00 00 00 00  |................|
7E4850:  00 00 00 00 00 00 00 00  00 00 00 00 00 00 00 00  |................|
7E4860:  00 00 00 00 00 00 00 00  00 00 00 00 00 00 00 00  |................|
7E4870:  00 00 00 00 00 00 00 00  00 00 00 00 00 00 00 00  |................|
7E4880:  00 00 00 00 00 00 00 00  00 00 00 00 00 00 00 00  |................|
7E4890:  00 00 00 00 00 00 00 00  00 00 00 00 00 00 00 00  |................|
7E48A0:  00 00 00 00 00 00 00 00  00 00 00 00 00 00 00 00  |................|
7E48B0:  00 00 00 00 00 00 00 00  00 00 00 00 00 00 00 00  |................|
7E48C0:  00 00 00 00 00 00 00 00  00 00 00 00 00 00 00 00  |................|
7E48D0:  00 00 00 00 00 00 00 00  00 00 00 00 00 00 00 00  |................|
7E48E0:  00 00 00 00 00 00 00 00  00 00 00 00 00 00 00 00  |................|
7E48F0:  00 00 00 00 00 00 00 00  00 00 00 00 00 00 00 00  |................|
7E4900:  00 00 00 00 00 00 00 00  00 00 00 00 00 00 00 00  |................|
7E4910:  00 00 00 00 00 00 00 00  00 00 00 00 00 00 00 00  |................|
7E4920:  00 00 00 00 00 00 00 00  00 00 00 00 00 00 00 00  |................|
7E4930:  00 00 00 00 00 00 00 00  00 00 00 00 00 00 00 00  |................|
7E4940:  00 00 00 00 00 00 00 00  00 00 00 00 00 00 00 00  |................|
7E4950:  00 00 00 00 00 00 00 00  00 00 00 00 00 00 00 00  |................|
7E4960:  00 00 00 00 00 00 00 00  00 00 00 00 00 00 00 00  |................|
7E4970:  00 00 00 00 00 00 00 00  00 00 00 00 00 00 00 00  |................|
7E4980:  00 00 00 00 00 00 00 00  00 00 00 00 00 00 00 00  |................|
7E4990:  00 00 00 00 00 00 00 00  00 00 00 00 00 00 00 00  |................|
7E49A0:  00 00 00 00 00 00 00 00  00 00 00 00 00 00 00 00  |................|
7E49B0:  00 00 00 00 00 00 00 00  00 00 00 00 00 00 00 00  |................|
7E49C0:  00 00 00 00 00 00 00 00  00 00 00 00 00 00 00 00  |................|
7E49D0:  00 00 00 00 00 00 00 00  00 00 00 00 00 00 00 00  |................|
7E49E0:  00 00 00 00 00 00 00 00  00 00 00 00 00 00 00 00  |................|
7E49F0:  00 00 00 00 00 00 00 00  00 00 00 00 00 00 00 00  |................|
7E4A00:  00 00 00 00 00 00 00 00  00 00 00 00 00 00 00 00  |................|
7E4A10:  00 00 00 00 00 00 00 00  00 00 00 00 00 00 00 00  |................|
7E4A20:  00 00 00 00 00 00 00 00  00 00 00 00 00 00 00 00  |................|
7E4A30:  00 00 00 00 00 00 00 00  00 00 00 00 00 00 00 00  |................|
7E4A40:  00 00 00 00 00 00 00 00  00 00 00 00 00 00 00 00  |................|
7E4A50:  00 00 00 00 00 00 00 00  00 00 00 00 00 00 00 00  |................|
7E4A60:  00 00 00 00 00 00 00 00  00 00 00 00 00 00 00 00  |................|
7E4A70:  00 00 00 00 00 00 00 00  00 00 00 00 00 00 00 00  |................|
7E4A80:  00 00 00 00 00 00 00 00  00 00 00 00 00 00 00 00  |................|
7E4A90:  00 00 00 00 00 00 00 00  00 00 00 00 00 00 00 00  |................|
7E4AA0:  00 00 00 00 00 00 00 00  00 00 00 00 00 00 00 00  |................|
7E4AB0:  00 00 00 00 00 00 00 00  00 00 00 00 00 00 00 00  |................|
7E4AC0:  00 00 00 00 00 00 00 00  00 00 00 00 00 00 00 00  |................|
7E4AD0:  00 00 00 00 00 00 00 00  00 00 00 00 00 00 00 00  |................|
7E4AE0:  00 00 00 00 00 00 00 00  00 00 00 00 00 00 00 00  |................|
7E4AF0:  00 00 00 00 00 00 00 00  00 00 00 00 00 00 00 00  |................|
7E4B00:  00 00 00 00 00 00 00 00  00 00 00 00 00 00 00 00  |................|
7E4B10:  00 00 00 00 00 00 00 00  00 00 00 00 00 00 00 00  |................|
7E4B20:  00 00 00 00 00 00 00 00  00 00 00 00 00 00 00 00  |................|
7E4B30:  00 00 00 00 00 00 00 00  00 00 00 00 00 00 00 00  |................|
7E4B40:  00 00 00 00 00 00 00 00  00 00 00 00 00 00 00 00  |................|
7E4B50:  00 00 00 00 00 00 00 00  00 00 00 00 00 00 00 00  |................|
7E4B60:  00 00 00 00 00 00 00 00  00 00 00 00 00 00 00 00  |................|
7E4B70:  00 00 00 00 00 00 00 00  00 00 00 00 00 00 00 00  |................|
7E4B80:  00 00 00 00 00 00 00 00  00 00 00 00 00 00 00 00  |................|
7E4B90:  00 00 00 00 00 00 00 00  00 00 00 00 00 00 00 00  |................|
7E4BA0:  00 00 00 00 00 00 00 00  00 00 00 00 00 00 00 00  |................|
7E4BB0:  00 00 00 00 00 00 00 00  00 00 00 00 00 00 00 00  |................|
7E4BC0:  00 00 00 00 00 00 00 00  00 00 00 00 00 00 00 00  |................|
7E4BD0:  00 00 00 00 00 00 00 00  00 00 00 00 00 00 00 00  |................|
7E4BE0:  00 00 00 00 00 00 00 00  00 00 00 00 00 00 00 00  |................|
7E4BF0:  00 00 00 00 00 00 00 00  00 00 00 00 00 00 00 00  |................|
7E4C00:  00 00 00 00 00 00 00 00  00 00 00 00 00 00 00 00  |................|
7E4C10:  00 00 00 00 00 00 00 00  00 00 00 00 00 00 00 00  |................|
7E4C20:  00 00 00 00 00 00 00 00  00 00 00 00 00 00 00 00  |................|
7E4C30:  00 00 00 00 00 00 00 00  00 00 00 00 00 00 00 00  |................|
7E4C40:  00 00 00 00 00 00 00 00  00 00 00 00 00 00 00 00  |................|
7E4C50:  00 00 00 00 00 00 00 00  00 00 00 00 00 00 00 00  |................|
7E4C60:  00 00 00 00 00 00 00 00  00 00 00 00 00 00 00 00  |................|
7E4C70:  00 00 00 00 00 00 00 00  00 00 00 00 00 00 00 00  |................|
7E4C80:  00 00 00 00 00 00 00 00  00 00 00 00 00 00 00 00  |................|
7E4C90:  00 00 00 00 00 00 00 00  00 00 00 00 00 00 00 00  |................|
7E4CA0:  00 00 00 00 00 00 00 00  00 00 00 00 00 00 00 00  |................|
7E4CB0:  00 00 00 00 00 00 00 00  00 00 00 00 00 00 00 00  |................|
7E4CC0:  00 00 00 00 00 00 00 00  00 00 00 00 00 00 00 00  |................|
7E4CD0:  00 00 00 00 00 00 00 00  00 00 00 00 00 00 00 00  |................|
7E4CE0:  00 00 00 00 00 00 00 00  00 00 00 00 00 00 00 00  |................|
7E4CF0:  00 00 00 00 00 00 00 00  00 00 00 00 00 00 00 00  |................|
7E4D00:  00 00 00 00 00 00 00 00  00 00 00 00 00 00 00 00  |................|
7E4D10:  00 00 00 00 00 00 00 00  00 00 00 00 00 00 00 00  |................|
7E4D20:  00 00 00 00 00 00 00 00  00 00 00 00 00 00 00 00  |................|
7E4D30:  00 00 00 00 00 00 00 00  00 00 00 00 00 00 00 00  |................|
7E4D40:  00 00 00 00 00 00 00 00  00 00 00 00 00 00 00 00  |................|
7E4D50:  00 00 00 00 00 00 00 00  00 00 00 00 00 00 00 00  |................|
7E4D60:  00 00 00 00 00 00 00 00  00 00 00 00 00 00 00 00  |................|
7E4D70:  00 00 00 00 00 00 00 00  00 00 00 00 00 00 00 00  |................|
7E4D80:  00 00 00 00 00 00 00 00  00 00 00 00 00 00 00 00  |................|
7E4D90:  00 00 00 00 00 00 00 00  00 00 00 00 00 00 00 00  |................|
7E4DA0:  00 00 00 00 00 00 00 00  00 00 00 00 00 00 00 00  |................|
7E4DB0:  00 00 00 00 00 00 00 00  00 00 00 00 00 00 00 00  |................|
7E4DC0:  00 00 00 00 00 00 00 00  00 00 00 00 00 00 00 00  |................|
7E4DD0:  00 00 00 00 00 00 00 00  00 00 00 00 00 00 00 00  |................|
7E4DE0:  00 00 00 00 00 00 00 00  00 00 00 00 00 00 00 00  |................|
7E4DF0:  00 00 00 00 00 00 00 00  00 00 00 00 00 00 00 00  |................|
7E4E00:  00 00 00 00 00 00 00 00  00 00 00 00 00 00 00 00  |................|
7E4E10:  00 00 00 00 00 00 00 00  00 00 00 00 00 00 00 00  |................|
7E4E20:  00 00 00 00 00 00 00 00  00 00 00 00 00 00 00 00  |................|
7E4E30:  00 00 00 00 00 00 00 00  00 00 00 00 00 00 00 00  |................|
7E4E40:  00 00 00 00 00 00 00 00  00 00 00 00 00 00 00 00  |................|
7E4E50:  00 00 00 00 00 00 00 00  00 00 00 00 00 00 00 00  |................|
7E4E60:  00 00 00 00 00 00 00 00  00 00 00 00 00 00 00 00  |................|
7E4E70:  00 00 00 00 00 00 00 00  00 00 00 00 00 00 00 00  |................|
7E4E80:  00 00 00 00 00 00 00 00  00 00 00 00 00 00 00 00  |................|
7E4E90:  00 00 00 00 00 00 00 00  00 00 00 00 00 00 00 00  |................|
7E4EA0:  00 00 00 00 00 00 00 00  00 00 00 00 00 00 00 00  |................|
7E4EB0:  00 00 00 00 00 00 00 00  00 00 00 00 00 00 00 00  |................|
7E4EC0:  00 00 00 00 00 00 00 00  00 00 00 00 00 00 00 00  |................|
7E4ED0:  00 00 00 00 00 00 00 00  00 00 00 00 00 00 00 00  |................|
7E4EE0:  00 00 00 00 00 00 00 00  00 00 00 00 00 00 00 00  |................|
7E4EF0:  00 00 00 00 00 00 00 00  00 00 00 00 00 00 00 00  |................|
7E4F00:  00 00 00 00 00 00 00 00  00 00 00 00 00 00 00 00  |................|
7E4F10:  00 00 00 00 00 00 00 00  00 00 00 00 00 00 00 00  |................|
7E4F20:  00 00 00 00 00 00 00 00  00 00 00 00 00 00 00 00  |................|
7E4F30:  00 00 00 00 00 00 00 00  00 00 00 00 00 00 00 00  |................|
7E4F40:  00 00 00 00 00 00 00 00  00 00 00 00 00 00 00 00  |................|
7E4F50:  00 00 00 00 00 00 00 00  00 00 00 00 00 00 00 00  |................|
7E4F60:  00 00 00 00 00 00 00 00  00 00 00 00 00 00 00 00  |................|
7E4F70:  00 00 00 00 00 00 00 00  00 00 00 00 00 00 00 00  |................|
7E4F80:  00 00 00 00 00 00 00 00  00 00 00 00 00 00 00 00  |................|
7E4F90:  00 00 00 00 00 00 00 00  00 00 00 00 00 00 00 00  |................|
7E4FA0:  00 00 00 00 00 00 00 00  00 00 00 00 00 00 00 00  |................|
7E4FB0:  00 00 00 00 00 00 00 00  00 00 00 00 00 00 00 00  |................|
7E4FC0:  00 00 00 00 00 00 00 00  00 00 00 00 00 00 00 00  |................|
7E4FD0:  00 00 00 00 00 00 00 00  00 00 00 00 00 00 00 00  |................|
7E4FE0:  00 00 00 00 00 00 00 00  00 00 00 00 00 00 00 00  |................|
7E4FF0:  00 00 00 00 00 00 00 00  00 00 00 00 00 00 00 00  |................|
7E5000:  00 00 00 00 00 00 00 00  00 00 00 00 00 00 00 00  |................|
7E5010:  00 00 00 00 00 00 00 00  00 00 00 00 00 00 00 00  |................|
7E5020:  00 00 00 00 00 00 00 00  00 00 00 00 00 00 00 00  |................|
7E5030:  00 00 00 00 00 00 00 00  00 00 00 00 00 00 00 00  |................|
7E5040:  00 00 00 00 00 00 00 00  00 00 00 00 00 00 00 00  |................|
7E5050:  00 00 00 00 00 00 00 00  00 00 00 00 00 00 00 00  |................|
7E5060:  00 00 00 00 00 00 00 00  00 00 00 00 00 00 00 00  |................|
7E5070:  00 00 00 00 00 00 00 00  00 00 00 00 00 00 00 00  |................|
7E5080:  00 00 00 00 00 00 00 00  00 00 00 00 00 00 00 00  |................|
7E5090:  00 00 00 00 00 00 00 00  00 00 00 00 00 00 00 00  |................|
7E50A0:  00 00 00 00 00 00 00 00  00 00 00 00 00 00 00 00  |................|
7E50B0:  00 00 00 00 00 00 00 00  00 00 00 00 00 00 00 00  |................|
7E50C0:  00 00 00 00 00 00 00 00  00 00 00 00 00 00 00 00  |................|
7E50D0:  00 00 00 00 00 00 00 00  00 00 00 00 00 00 00 00  |................|
7E50E0:  00 00 00 00 00 00 00 00  00 00 00 00 00 00 00 00  |................|
7E50F0:  00 00 00 00 00 00 00 00  00 00 00 00 00 00 00 00  |................|
7E5100:  00 00 00 00 00 00 00 00  00 00 00 00 00 00 00 00  |................|
7E5110:  00 00 00 00 00 00 00 00  00 00 00 00 00 00 00 00  |................|
7E5120:  00 00 00 00 00 00 00 00  00 00 00 00 00 00 00 00  |................|
7E5130:  00 00 00 00 00 00 00 00  00 00 00 00 00 00 00 00  |................|
7E5140:  00 00 00 00 00 00 00 00  00 00 00 00 00 00 00 00  |................|
7E5150:  00 00 00 00 00 00 00 00  00 00 00 00 00 00 00 00  |................|
7E5160:  00 00 00 00 00 00 00 00  00 00 00 00 00 00 00 00  |................|
7E5170:  00 00 00 00 00 00 00 00  00 00 00 00 00 00 00 00  |................|
7E5180:  00 00 00 00 00 00 00 00  00 00 00 00 00 00 00 00  |................|
7E5190:  00 00 00 00 00 00 00 00  00 00 00 00 00 00 00 00  |................|
7E51A0:  00 00 00 00 00 00 00 00  00 00 00 00 00 00 00 00  |................|
7E51B0:  00 00 00 00 00 00 00 00  00 00 00 00 00 00 00 00  |................|
7E51C0:  00 00 00 00 00 00 00 00  00 00 00 00 00 00 00 00  |................|
7E51D0:  00 00 00 00 00 00 00 00  00 00 00 00 00 00 00 00  |................|
7E51E0:  00 00 00 00 00 00 00 00  00 00 00 00 00 00 00 00  |................|
7E51F0:  00 00 00 00 00 00 00 00  00 00 00 00 00 00 00 00  |................|
7E5200:  00 00 00 00 00 00 00 00  00 00 00 00 00 00 00 00  |................|
7E5210:  00 00 00 00 00 00 00 00  00 00 00 00 00 00 00 00  |................|
7E5220:  00 00 00 00 00 00 00 00  00 00 00 00 00 00 00 00  |................|
7E5230:  00 00 00 00 00 00 00 00  00 00 00 00 00 00 00 00  |................|
7E5240:  00 00 00 00 00 00 00 00  00 00 00 00 00 00 00 00  |................|
7E5250:  00 00 00 00 00 00 00 00  00 00 00 00 00 00 00 00  |................|
7E5260:  00 00 00 00 00 00 00 00  00 00 00 00 00 00 00 00  |................|
7E5270:  00 00 00 00 00 00 00 00  00 00 00 00 00 00 00 00  |................|
7E5280:  00 00 00 00 00 00 00 00  00 00 00 00 00 00 00 00  |................|
7E5290:  00 00 00 00 00 00 00 00  00 00 00 00 00 00 00 00  |................|
7E52A0:  00 00 00 00 00 00 00 00  00 00 00 00 00 00 00 00  |................|
7E52B0:  00 00 00 00 00 00 00 00  00 00 00 00 00 00 00 00  |................|
7E52C0:  00 00 00 00 00 00 00 00  00 00 00 00 00 00 00 00  |................|
7E52D0:  00 00 00 00 00 00 00 00  00 00 00 00 00 00 00 00  |................|
7E52E0:  00 00 00 00 00 00 00 00  00 00 00 00 00 00 00 00  |................|
7E52F0:  00 00 00 00 00 00 00 00  00 00 00 00 00 00 00 00  |................|
7E5300:  00 00 00 00 00 00 00 00  00 00 00 00 00 00 00 00  |................|
7E5310:  00 00 00 00 00 00 00 00  00 00 00 00 00 00 00 00  |................|
7E5320:  00 00 00 00 00 00 00 00  00 00 00 00 00 00 00 00  |................|
7E5330:  00 00 00 00 00 00 00 00  00 00 00 00 00 00 00 00  |................|
7E5340:  00 00 00 00 00 00 00 00  00 00 00 00 00 00 00 00  |................|
7E5350:  00 00 00 00 00 00 00 00  00 00 00 00 00 00 00 00  |................|
7E5360:  00 00 00 00 00 00 00 00  00 00 00 00 00 00 00 00  |................|
7E5370:  00 00 00 00 00 00 00 00  00 00 00 00 00 00 00 00  |................|
7E5380:  00 00 00 00 00 00 00 00  00 00 00 00 00 00 00 00  |................|
7E5390:  00 00 00 00 00 00 00 00  00 00 00 00 00 00 00 00  |................|
7E53A0:  00 00 00 00 00 00 00 00  00 00 00 00 00 00 00 00  |................|
7E53B0:  00 00 00 00 00 00 00 00  00 00 00 00 00 00 00 00  |................|
7E53C0:  00 00 00 00 00 00 00 00  00 00 00 00 00 00 00 00  |................|
7E53D0:  00 00 00 00 00 00 00 00  00 00 00 00 00 00 00 00  |................|
7E53E0:  00 00 00 00 00 00 00 00  00 00 00 00 00 00 00 00  |................|
7E53F0:  00 00 00 00 00 00 00 00  00 00 00 00 00 00 00 00  |................|
7E5400:  00 00 00 00 00 00 00 00  00 00 00 00 00 00 00 00  |................|
7E5410:  00 00 00 00 00 00 00 00  00 00 00 00 00 00 00 00  |................|
7E5420:  00 00 00 00 00 00 00 00  00 00 00 00 00 00 00 00  |................|
7E5430:  00 00 00 00 00 00 00 00  00 00 00 00 00 00 00 00  |................|
7E5440:  00 00 00 00 00 00 00 00  00 00 00 00 00 00 00 00  |................|
7E5450:  00 00 00 00 00 00 00 00  00 00 00 00 00 00 00 00  |................|
7E5460:  00 00 00 00 00 00 00 00  00 00 00 00 00 00 00 00  |................|
7E5470:  00 00 00 00 00 00 00 00  00 00 00 00 00 00 00 00  |................|
7E5480:  00 00 00 00 00 00 00 00  00 00 00 00 00 00 00 00  |................|
7E5490:  00 00 00 00 00 00 00 00  00 00 00 00 00 00 00 00  |................|
7E54A0:  00 00 00 00 00 00 00 00  00 00 00 00 00 00 00 00  |................|
7E54B0:  00 00 00 00 00 00 00 00  00 00 00 00 00 00 00 00  |................|
7E54C0:  00 00 00 00 00 00 00 00  00 00 00 00 00 00 00 00  |................|
7E54D0:  00 00 00 00 00 00 00 00  00 00 00 00 00 00 00 00  |................|
7E54E0:  00 00 00 00 00 00 00 00  00 00 00 00 00 00 00 00  |................|
7E54F0:  00 00 00 00 00 00 00 00  00 00 00 00 00 00 00 00  |................|
7E5500:  00 00 00 00 00 00 00 00  00 00 00 00 00 00 00 00  |................|
7E5510:  00 00 00 00 00 00 00 00  00 00 00 00 00 00 00 00  |................|
7E5520:  00 00 00 00 00 00 00 00  00 00 00 00 00 00 00 00  |................|
7E5530:  00 00 00 00 00 00 00 00  00 00 00 00 00 00 00 00  |................|
7E5540:  00 00 00 00 00 00 00 00  00 00 00 00 00 00 00 00  |................|
7E5550:  00 00 00 00 00 00 00 00  00 00 00 00 00 00 00 00  |................|
7E5560:  00 00 00 00 00 00 00 00  00 00 00 00 00 00 00 00  |................|
7E5570:  00 00 00 00 00 00 00 00  00 00 00 00 00 00 00 00  |................|
7E5580:  00 00 00 00 00 00 00 00  00 00 00 00 00 00 00 00  |................|
7E5590:  00 00 00 00 00 00 00 00  00 00 00 00 00 00 00 00  |................|
7E55A0:  00 00 00 00 00 00 00 00  00 00 00 00 00 00 00 00  |................|
7E55B0:  00 00 00 00 00 00 00 00  00 00 00 00 00 00 00 00  |................|
7E55C0:  00 00 00 00 00 00 00 00  00 00 00 00 00 00 00 00  |................|
7E55D0:  00 00 00 00 00 00 00 00  00 00 00 00 00 00 00 00  |................|
7E55E0:  00 00 00 00 00 00 00 00  00 00 00 00 00 00 00 00  |................|
7E55F0:  00 00 00 00 00 00 00 00  00 00 00 00 00 00 00 00  |................|
7E5600:  00 00 00 00 00 00 00 00  00 00 00 00 00 00 00 00  |................|
7E5610:  00 00 00 00 00 00 00 00  00 00 00 00 00 00 00 00  |................|
7E5620:  00 00 00 00 00 00 00 00  00 00 00 00 00 00 00 00  |................|
7E5630:  00 00 00 00 00 00 00 00  00 00 00 00 00 00 00 00  |................|
7E5640:  00 00 00 00 00 00 00 00  00 00 00 00 00 00 00 00  |................|
7E5650:  00 00 00 00 00 00 00 00  00 00 00 00 00 00 00 00  |................|
7E5660:  00 00 00 00 00 00 00 00  00 00 00 00 00 00 00 00  |................|
7E5670:  00 00 00 00 00 00 00 00  00 00 00 00 00 00 00 00  |................|
7E5680:  00 00 00 00 00 00 00 00  00 00 00 00 00 00 00 00  |................|
7E5690:  00 00 00 00 00 00 00 00  00 00 00 00 00 00 00 00  |................|
7E56A0:  00 00 00 00 00 00 00 00  00 00 00 00 00 00 00 00  |................|
7E56B0:  00 00 00 00 00 00 00 00  00 00 00 00 00 00 00 00  |................|
7E56C0:  00 00 00 00 00 00 00 00  00 00 00 00 00 00 00 00  |................|
7E56D0:  00 00 00 00 00 00 00 00  00 00 00 00 00 00 00 00  |................|
7E56E0:  00 00 00 00 00 00 00 00  00 00 00 00 00 00 00 00  |................|
7E56F0:  00 00 00 00 00 00 00 00  00 00 00 00 00 00 00 00  |................|
7E5700:  00 00 00 00 00 00 00 00  00 00 00 00 00 00 00 00  |................|
7E5710:  00 00 00 00 00 00 00 00  00 00 00 00 00 00 00 00  |................|
7E5720:  00 00 00 00 00 00 00 00  00 00 00 00 00 00 00 00  |................|
7E5730:  00 00 00 00 00 00 00 00  00 00 00 00 00 00 00 00  |................|
7E5740:  00 00 00 00 00 00 00 00  00 00 00 00 00 00 00 00  |................|
7E5750:  00 00 00 00 00 00 00 00  00 00 00 00 00 00 00 00  |................|
7E5760:  00 00 00 00 00 00 00 00  00 00 00 00 00 00 00 00  |................|
7E5770:  00 00 00 00 00 00 00 00  00 00 00 00 00 00 00 00  |................|
7E5780:  00 00 00 00 00 00 00 00  00 00 00 00 00 00 00 00  |................|
7E5790:  00 00 00 00 00 00 00 00  00 00 00 00 00 00 00 00  |................|
7E57A0:  00 00 00 00 00 00 00 00  00 00 00 00 00 00 00 00  |................|
7E57B0:  00 00 00 00 00 00 00 00  00 00 00 00 00 00 00 00  |................|
7E57C0:  00 00 00 00 00 00 00 00  00 00 00 00 00 00 00 00  |................|
7E57D0:  00 00 00 00 00 00 00 00  00 00 00 00 00 00 00 00  |................|
7E57E0:  00 00 00 00 00 00 00 00  00 00 00 00 00 00 00 00  |................|
7E57F0:  00 00 00 00 00 00 00 00  00 00 00 00 00 00 00 00  |................|
7E5800:  00 00 00 00 00 00 00 00  00 00 00 00 00 00 00 00  |................|
7E5810:  00 00 00 00 00 00 00 00  00 00 00 00 00 00 00 00  |................|
7E5820:  00 00 00 00 00 00 00 00  00 00 00 00 00 00 00 00  |................|
7E5830:  00 00 00 00 00 00 00 00  00 00 00 00 00 00 00 00  |................|
7E5840:  00 00 00 00 00 00 00 00  00 00 00 00 00 00 00 00  |................|
7E5850:  00 00 00 00 00 00 00 00  00 00 00 00 00 00 00 00  |................|
7E5860:  00 00 00 00 00 00 00 00  00 00 00 00 00 00 00 00  |................|
7E5870:  00 00 00 00 00 00 00 00  00 00 00 00 00 00 00 00  |................|
7E5880:  00 00 00 00 00 00 00 00  00 00 00 00 00 00 00 00  |................|
7E5890:  00 00 00 00 00 00 00 00  00 00 00 00 00 00 00 00  |................|
7E58A0:  00 00 00 00 00 00 00 00  00 00 00 00 00 00 00 00  |................|
7E58B0:  00 00 00 00 00 00 00 00  00 00 00 00 00 00 00 00  |................|
7E58C0:  00 00 00 00 00 00 00 00  00 00 00 00 00 00 00 00  |................|
7E58D0:  00 00 00 00 00 00 00 00  00 00 00 00 00 00 00 00  |................|
7E58E0:  00 00 00 00 00 00 00 00  00 00 00 00 00 00 00 00  |................|
7E58F0:  00 00 00 00 00 00 00 00  00 00 00 00 00 00 00 00  |................|
7E5900:  00 00 00 00 00 00 00 00  00 00 00 00 00 00 00 00  |................|
7E5910:  00 00 00 00 00 00 00 00  00 00 00 00 00 00 00 00  |................|
7E5920:  00 00 00 00 00 00 00 00  00 00 00 00 00 00 00 00  |................|
7E5930:  00 00 00 00 00 00 00 00  00 00 00 00 00 00 00 00  |................|
7E5940:  00 00 00 00 00 00 00 00  00 00 00 00 00 00 00 00  |................|
7E5950:  00 00 00 00 00 00 00 00  00 00 00 00 00 00 00 00  |................|
7E5960:  00 00 00 00 00 00 00 00  00 00 00 00 00 00 00 00  |................|
7E5970:  00 00 00 00 00 00 00 00  00 00 00 00 00 00 00 00  |................|
7E5980:  00 00 00 00 00 00 00 00  00 00 00 00 00 00 00 00  |................|
7E5990:  00 00 00 00 00 00 00 00  00 00 00 00 00 00 00 00  |................|
7E59A0:  00 00 00 00 00 00 00 00  00 00 00 00 00 00 00 00  |................|
7E59B0:  00 00 00 00 00 00 00 00  00 00 00 00 00 00 00 00  |................|
7E59C0:  00 00 00 00 00 00 00 00  00 00 00 00 00 00 00 00  |................|
7E59D0:  00 00 00 00 00 00 00 00  00 00 00 00 00 00 00 00  |................|
7E59E0:  00 00 00 00 00 00 00 00  00 00 00 00 00 00 00 00  |................|
7E59F0:  00 00 00 00 00 00 00 00  00 00 00 00 00 00 00 00  |................|
7E5A00:  00 00 00 00 00 00 00 00  00 00 00 00 00 00 00 00  |................|
7E5A10:  00 00 00 00 00 00 00 00  00 00 00 00 00 00 00 00  |................|
7E5A20:  00 00 00 00 00 00 00 00  00 00 00 00 00 00 00 00  |................|
7E5A30:  00 00 00 00 00 00 00 00  00 00 00 00 00 00 00 00  |................|
7E5A40:  00 00 00 00 00 00 00 00  00 00 00 00 00 00 00 00  |................|
7E5A50:  00 00 00 00 00 00 00 00  00 00 00 00 00 00 00 00  |................|
7E5A60:  00 00 00 00 00 00 00 00  00 00 00 00 00 00 00 00  |................|
7E5A70:  00 00 00 00 00 00 00 00  00 00 00 00 00 00 00 00  |................|
7E5A80:  00 00 00 00 00 00 00 00  00 00 00 00 00 00 00 00  |................|
7E5A90:  00 00 00 00 00 00 00 00  00 00 00 00 00 00 00 00  |................|
7E5AA0:  00 00 00 00 00 00 00 00  00 00 00 00 00 00 00 00  |................|
7E5AB0:  00 00 00 00 00 00 00 00  00 00 00 00 00 00 00 00  |................|
7E5AC0:  00 00 00 00 00 00 00 00  00 00 00 00 00 00 00 00  |................|
7E5AD0:  00 00 00 00 00 00 00 00  00 00 00 00 00 00 00 00  |................|
7E5AE0:  00 00 00 00 00 00 00 00  00 00 00 00 00 00 00 00  |................|
7E5AF0:  00 00 00 00 00 00 00 00  00 00 00 00 00 00 00 00  |................|
7E5B00:  00 00 00 00 00 00 00 00  00 00 00 00 00 00 00 00  |................|
7E5B10:  00 00 00 00 00 00 00 00  00 00 00 00 00 00 00 00  |................|
7E5B20:  00 00 00 00 00 00 00 00  00 00 00 00 00 00 00 00  |................|
7E5B30:  00 00 00 00 00 00 00 00  00 00 00 00 00 00 00 00  |................|
7E5B40:  00 00 00 00 00 00 00 00  00 00 00 00 00 00 00 00  |................|
7E5B50:  00 00 00 00 00 00 00 00  00 00 00 00 00 00 00 00  |................|
7E5B60:  00 00 00 00 00 00 00 00  00 00 00 00 00 00 00 00  |................|
7E5B70:  00 00 00 00 00 00 00 00  00 00 00 00 00 00 00 00  |................|
7E5B80:  00 00 00 00 00 00 00 00  00 00 00 00 00 00 00 00  |................|
7E5B90:  00 00 00 00 00 00 00 00  00 00 00 00 00 00 00 00  |................|
7E5BA0:  00 00 00 00 00 00 00 00  00 00 00 00 00 00 00 00  |................|
7E5BB0:  00 00 00 00 00 00 00 00  00 00 00 00 00 00 00 00  |................|
7E5BC0:  00 00 00 00 00 00 00 00  00 00 00 00 00 00 00 00  |................|
7E5BD0:  00 00 00 00 00 00 00 00  00 00 00 00 00 00 00 00  |................|
7E5BE0:  00 00 00 00 00 00 00 00  00 00 00 00 00 00 00 00  |................|
7E5BF0:  00 00 00 00 00 00 00 00  00 00 00 00 00 00 00 00  |................|
7E5C00:  00 00 00 00 00 00 00 00  00 00 00 00 00 00 00 00  |................|
7E5C10:  00 00 00 00 00 00 00 00  00 00 00 00 00 00 00 00  |................|
7E5C20:  00 00 00 00 00 00 00 00  00 00 00 00 00 00 00 00  |................|
7E5C30:  00 00 00 00 00 00 00 00  00 00 00 00 00 00 00 00  |................|
7E5C40:  00 00 00 00 00 00 00 00  00 00 00 00 00 00 00 00  |................|
7E5C50:  00 00 00 00 00 00 00 00  00 00 00 00 00 00 00 00  |................|
7E5C60:  00 00 00 00 00 00 00 00  00 00 00 00 00 00 00 00  |................|
7E5C70:  00 00 00 00 00 00 00 00  00 00 00 00 00 00 00 00  |................|
7E5C80:  00 00 00 00 00 00 00 00  00 00 00 00 00 00 00 00  |................|
7E5C90:  00 00 00 00 00 00 00 00  00 00 00 00 00 00 00 00  |................|
7E5CA0:  00 00 00 00 00 00 00 00  00 00 00 00 00 00 00 00  |................|
7E5CB0:  00 00 00 00 00 00 00 00  00 00 00 00 00 00 00 00  |................|
7E5CC0:  00 00 00 00 00 00 00 00  00 00 00 00 00 00 00 00  |................|
7E5CD0:  00 00 00 00 00 00 00 00  00 00 00 00 00 00 00 00  |................|
7E5CE0:  00 00 00 00 00 00 00 00  00 00 00 00 00 00 00 00  |................|
7E5CF0:  00 00 00 00 00 00 00 00  00 00 00 00 00 00 00 00  |................|
7E5D00:  00 00 00 00 00 00 00 00  00 00 00 00 00 00 00 00  |................|
7E5D10:  00 00 00 00 00 00 00 00  00 00 00 00 00 00 00 00  |................|
7E5D20:  00 00 00 00 00 00 00 00  00 00 00 00 00 00 00 00  |................|
7E5D30:  00 00 00 00 00 00 00 00  00 00 00 00 00 00 00 00  |................|
7E5D40:  00 00 00 00 00 00 00 00  00 00 00 00 00 00 00 00  |................|
7E5D50:  00 00 00 00 00 00 00 00  00 00 00 00 00 00 00 00  |................|
7E5D60:  00 00 00 00 00 00 00 00  00 00 00 00 00 00 00 00  |................|
7E5D70:  00 00 00 00 00 00 00 00  00 00 00 00 00 00 00 00  |................|
7E5D80:  00 00 00 00 00 00 00 00  00 00 00 00 00 00 00 00  |................|
7E5D90:  00 00 00 00 00 00 00 00  00 00 00 00 00 00 00 00  |................|
7E5DA0:  00 00 00 00 00 00 00 00  00 00 00 00 00 00 00 00  |................|
7E5DB0:  00 00 00 00 00 00 00 00  00 00 00 00 00 00 00 00  |................|
7E5DC0:  00 00 00 00 00 00 00 00  00 00 00 00 00 00 00 00  |................|
7E5DD0:  00 00 00 00 00 00 00 00  00 00 00 00 00 00 00 00  |................|
7E5DE0:  00 00 00 00 00 00 00 00  00 00 00 00 00 00 00 00  |................|
7E5DF0:  00 00 00 00 00 00 00 00  00 00 00 00 00 00 00 00  |................|
7E5E00:  00 00 00 00 00 00 00 00  00 00 00 00 00 00 00 00  |................|
7E5E10:  00 00 00 00 00 00 00 00  00 00 00 00 00 00 00 00  |................|
7E5E20:  00 00 00 00 00 00 00 00  00 00 00 00 00 00 00 00  |................|
7E5E30:  00 00 00 00 00 00 00 00  00 00 00 00 00 00 00 00  |................|
7E5E40:  00 00 00 00 00 00 00 00  00 00 00 00 00 00 00 00  |................|
7E5E50:  00 00 00 00 00 00 00 00  00 00 00 00 00 00 00 00  |................|
7E5E60:  00 00 00 00 00 00 00 00  00 00 00 00 00 00 00 00  |................|
7E5E70:  00 00 00 00 00 00 00 00  00 00 00 00 00 00 00 00  |................|
7E5E80:  00 00 00 00 00 00 00 00  00 00 00 00 00 00 00 00  |................|
7E5E90:  00 00 00 00 00 00 00 00  00 00 00 00 00 00 00 00  |................|
7E5EA0:  00 00 00 00 00 00 00 00  00 00 00 00 00 00 00 00  |................|
7E5EB0:  00 00 00 00 00 00 00 00  00 00 00 00 00 00 00 00  |................|
7E5EC0:  00 00 00 00 00 00 00 00  00 00 00 00 00 00 00 00  |................|
7E5ED0:  00 00 00 00 00 00 00 00  00 00 00 00 00 00 00 00  |................|
7E5EE0:  00 00 00 00 00 00 00 00  00 00 00 00 00 00 00 00  |................|
7E5EF0:  00 00 00 00 00 00 00 00  00 00 00 00 00 00 00 00  |................|
7E5F00:  00 00 00 00 00 00 00 00  00 00 00 00 00 00 00 00  |................|
7E5F10:  00 00 00 00 00 00 00 00  00 00 00 00 00 00 00 00  |................|
7E5F20:  00 00 00 00 00 00 00 00  00 00 00 00 00 00 00 00  |................|
7E5F30:  00 00 00 00 00 00 00 00  00 00 00 00 00 00 00 00  |................|
7E5F40:  00 00 00 00 00 00 00 00  00 00 00 00 00 00 00 00  |................|
7E5F50:  00 00 00 00 00 00 00 00  00 00 00 00 00 00 00 00  |................|
7E5F60:  00 00 00 00 00 00 00 00  00 00 00 00 00 00 00 00  |................|
7E5F70:  00 00 00 00 00 00 00 00  00 00 00 00 00 00 00 00  |................|
7E5F80:  00 00 00 00 00 00 00 00  00 00 00 00 00 00 00 00  |................|
7E5F90:  00 00 00 00 00 00 00 00  00 00 00 00 00 00 00 00  |................|
7E5FA0:  00 00 00 00 00 00 00 00  00 00 00 00 00 00 00 00  |................|
7E5FB0:  00 00 00 00 00 00 00 00  00 00 00 00 00 00 00 00  |................|
7E5FC0:  00 00 00 00 00 00 00 00  00 00 00 00 00 00 00 00  |................|
7E5FD0:  00 00 00 00 00 00 00 00  00 00 00 00 00 00 00 00  |................|
7E5FE0:  00 00 00 00 00 00 00 00  00 00 00 00 00 00 00 00  |................|
7E5FF0:  00 00 00 00 00 00 00 00  00 00 00 00 00 00 00 00  |................|
7E6000:  00 00 00 00 00 00 00 00  00 00 00 00 00 00 00 00  |................|
7E6010:  00 00 00 00 00 00 00 00  00 00 00 00 00 00 00 00  |................|
7E6020:  00 00 00 00 00 00 00 00  00 00 00 00 00 00 00 00  |................|
7E6030:  00 00 00 00 00 00 00 00  00 00 00 00 00 00 00 00  |................|
7E6040:  00 00 00 00 00 00 00 00  00 00 00 00 00 00 00 00  |................|
7E6050:  00 00 00 00 00 00 00 00  00 00 00 00 00 00 00 00  |................|
7E6060:  00 00 00 00 00 00 00 00  00 00 00 00 00 00 00 00  |................|
7E6070:  00 00 00 00 00 00 00 00  00 00 00 00 00 00 00 00  |................|
7E6080:  00 00 00 00 00 00 00 00  00 00 00 00 00 00 00 00  |................|
7E6090:  00 00 00 00 00 00 00 00  00 00 00 00 00 00 00 00  |................|
7E60A0:  00 00 00 00 00 00 00 00  00 00 00 00 00 00 00 00  |................|
7E60B0:  00 00 00 00 00 00 00 00  00 00 00 00 00 00 00 00  |................|
7E60C0:  00 00 00 00 00 00 00 00  00 00 00 00 00 00 00 00  |................|
7E60D0:  00 00 00 00 00 00 00 00  00 00 00 00 00 00 00 00  |................|
7E60E0:  00 00 00 00 00 00 00 00  00 00 00 00 00 00 00 00  |................|
7E60F0:  00 00 00 00 00 00 00 00  00 00 00 00 00 00 00 00  |................|
7E6100:  00 00 00 00 00 00 00 00  00 00 00 00 00 00 00 00  |................|
7E6110:  00 00 00 00 00 00 00 00  00 00 00 00 00 00 00 00  |................|
7E6120:  00 00 00 00 00 00 00 00  00 00 00 00 00 00 00 00  |................|
7E6130:  00 00 00 00 00 00 00 00  00 00 00 00 00 00 00 00  |................|
7E6140:  00 00 00 00 00 00 00 00  00 00 00 00 00 00 00 00  |................|
7E6150:  00 00 00 00 00 00 00 00  00 00 00 00 00 00 00 00  |................|
7E6160:  00 00 00 00 00 00 00 00  00 00 00 00 00 00 00 00  |................|
7E6170:  00 00 00 00 00 00 00 00  00 00 00 00 00 00 00 00  |................|
7E6180:  00 00 00 00 00 00 00 00  00 00 00 00 00 00 00 00  |................|
7E6190:  00 00 00 00 00 00 00 00  00 00 00 00 00 00 00 00  |................|
7E61A0:  00 00 00 00 00 00 00 00  00 00 00 00 00 00 00 00  |................|
7E61B0:  00 00 00 00 00 00 00 00  00 00 00 00 00 00 00 00  |................|
7E61C0:  00 00 00 00 00 00 00 00  00 00 00 00 00 00 00 00  |................|
7E61D0:  00 00 00 00 00 00 00 00  00 00 00 00 00 00 00 00  |................|
7E61E0:  00 00 00 00 00 00 00 00  00 00 00 00 00 00 00 00  |................|
7E61F0:  00 00 00 00 00 00 00 00  00 00 00 00 00 00 00 00  |................|
7E6200:  00 00 00 00 00 00 00 00  00 00 00 00 00 00 00 00  |................|
7E6210:  00 00 00 00 00 00 00 00  00 00 00 00 00 00 00 00  |................|
7E6220:  00 00 00 00 00 00 00 00  00 00 00 00 00 00 00 00  |................|
7E6230:  00 00 00 00 00 00 00 00  00 00 00 00 00 00 00 00  |................|
7E6240:  00 00 00 00 00 00 00 00  00 00 00 00 00 00 00 00  |................|
7E6250:  00 00 00 00 00 00 00 00  00 00 00 00 00 00 00 00  |................|
7E6260:  00 00 00 00 00 00 00 00  00 00 00 00 00 00 00 00  |................|
7E6270:  00 00 00 00 00 00 00 00  00 00 00 00 00 00 00 00  |................|
7E6280:  00 00 00 00 00 00 00 00  00 00 00 00 00 00 00 00  |................|
7E6290:  00 00 00 00 00 00 00 00  00 00 00 00 00 00 00 00  |................|
7E62A0:  00 00 00 00 00 00 00 00  00 00 00 00 00 00 00 00  |................|
7E62B0:  00 00 00 00 00 00 00 00  00 00 00 00 00 00 00 00  |................|
7E62C0:  00 00 00 00 00 00 00 00  00 00 00 00 00 00 00 00  |................|
7E62D0:  00 00 00 00 00 00 00 00  00 00 00 00 00 00 00 00  |................|
7E62E0:  00 00 00 00 00 00 00 00  00 00 00 00 00 00 00 00  |................|
7E62F0:  00 00 00 00 00 00 00 00  00 00 00 00 00 00 00 00  |................|
7E6300:  00 00 00 00 00 00 00 00  00 00 00 00 00 00 00 00  |................|
7E6310:  00 00 00 00 00 00 00 00  00 00 00 00 00 00 00 00  |................|
7E6320:  00 00 00 00 00 00 00 00  00 00 00 00 00 00 00 00  |................|
7E6330:  00 00 00 00 00 00 00 00  00 00 00 00 00 00 00 00  |................|
7E6340:  00 00 00 00 00 00 00 00  00 00 00 00 00 00 00 00  |................|
7E6350:  00 00 00 00 00 00 00 00  00 00 00 00 00 00 00 00  |................|
7E6360:  00 00 00 00 00 00 00 00  00 00 00 00 00 00 00 00  |................|
7E6370:  00 00 00 00 00 00 00 00  00 00 00 00 00 00 00 00  |................|
7E6380:  00 00 00 00 00 00 00 00  00 00 00 00 00 00 00 00  |................|
7E6390:  00 00 00 00 00 00 00 00  00 00 00 00 00 00 00 00  |................|
7E63A0:  00 00 00 00 00 00 00 00  00 00 00 00 00 00 00 00  |................|
7E63B0:  00 00 00 00 00 00 00 00  00 00 00 00 00 00 00 00  |................|
7E63C0:  00 00 00 00 00 00 00 00  00 00 00 00 00 00 00 00  |................|
7E63D0:  00 00 00 00 00 00 00 00  00 00 00 00 00 00 00 00  |................|
7E63E0:  00 00 00 00 00 00 00 00  00 00 00 00 00 00 00 00  |................|
7E63F0:  00 00 00 00 00 00 00 00  00 00 00 00 00 00 00 00  |................|
7E6400:  00 00 00 00 00 00 00 00  00 00 00 00 00 00 00 00  |................|
7E6410:  00 00 00 00 00 00 00 00  00 00 00 00 00 00 00 00  |................|
7E6420:  00 00 00 00 00 00 00 00  00 00 00 00 00 00 00 00  |................|
7E6430:  00 00 00 00 00 00 00 00  00 00 00 00 00 00 00 00  |................|
7E6440:  00 00 00 00 00 00 00 00  00 00 00 00 00 00 00 00  |................|
7E6450:  00 00 00 00 00 00 00 00  00 00 00 00 00 00 00 00  |................|
7E6460:  00 00 00 00 00 00 00 00  00 00 00 00 00 00 00 00  |................|
7E6470:  00 00 00 00 00 00 00 00  00 00 00 00 00 00 00 00  |................|
7E6480:  00 00 00 00 00 00 00 00  00 00 00 00 00 00 00 00  |................|
7E6490:  00 00 00 00 00 00 00 00  00 00 00 00 00 00 00 00  |................|
7E64A0:  00 00 00 00 00 00 00 00  00 00 00 00 00 00 00 00  |................|
7E64B0:  00 00 00 00 00 00 00 00  00 00 00 00 00 00 00 00  |................|
7E64C0:  00 00 00 00 00 00 00 00  00 00 00 00 00 00 00 00  |................|
7E64D0:  00 00 00 00 00 00 00 00  00 00 00 00 00 00 00 00  |................|
7E64E0:  00 00 00 00 00 00 00 00  00 00 00 00 00 00 00 00  |................|
7E64F0:  00 00 00 00 00 00 00 00  00 00 00 00 00 00 00 00  |................|
7E6500:  00 00 00 00 00 00 00 00  00 00 00 00 00 00 00 00  |................|
7E6510:  00 00 00 00 00 00 00 00  00 00 00 00 00 00 00 00  |................|
7E6520:  00 00 00 00 00 00 00 00  00 00 00 00 00 00 00 00  |................|
7E6530:  00 00 00 00 00 00 00 00  00 00 00 00 00 00 00 00  |................|
7E6540:  00 00 00 00 00 00 00 00  00 00 00 00 00 00 00 00  |................|
7E6550:  00 00 00 00 00 00 00 00  00 00 00 00 00 00 00 00  |................|
7E6560:  00 00 00 00 00 00 00 00  00 00 00 00 00 00 00 00  |................|
7E6570:  00 00 00 00 00 00 00 00  00 00 00 00 00 00 00 00  |................|
7E6580:  00 00 00 00 00 00 00 00  00 00 00 00 00 00 00 00  |................|
7E6590:  00 00 00 00 00 00 00 00  00 00 00 00 00 00 00 00  |................|
7E65A0:  00 00 00 00 00 00 00 00  00 00 00 00 00 00 00 00  |................|
7E65B0:  00 00 00 00 00 00 00 00  00 00 00 00 00 00 00 00  |................|
7E65C0:  00 00 00 00 00 00 00 00  00 00 00 00 00 00 00 00  |................|
7E65D0:  00 00 00 00 00 00 00 00  00 00 00 00 00 00 00 00  |................|
7E65E0:  00 00 00 00 00 00 00 00  00 00 00 00 00 00 00 00  |................|
7E65F0:  00 00 00 00 00 00 00 00  00 00 00 00 00 00 00 00  |................|
7E6600:  00 00 00 00 00 00 00 00  00 00 00 00 00 00 00 00  |................|
7E6610:  00 00 00 00 00 00 00 00  00 00 00 00 00 00 00 00  |................|
7E6620:  00 00 00 00 00 00 00 00  00 00 00 00 00 00 00 00  |................|
7E6630:  00 00 00 00 00 00 00 00  00 00 00 00 00 00 00 00  |................|
7E6640:  00 00 00 00 00 00 00 00  00 00 00 00 00 00 00 00  |................|
7E6650:  00 00 00 00 00 00 00 00  00 00 00 00 00 00 00 00  |................|
7E6660:  00 00 00 00 00 00 00 00  00 00 00 00 00 00 00 00  |................|
7E6670:  00 00 00 00 00 00 00 00  00 00 00 00 00 00 00 00  |................|
7E6680:  00 00 00 00 00 00 00 00  00 00 00 00 00 00 00 00  |................|
7E6690:  00 00 00 00 00 00 00 00  00 00 00 00 00 00 00 00  |................|
7E66A0:  00 00 00 00 00 00 00 00  00 00 00 00 00 00 00 00  |................|
7E66B0:  00 00 00 00 00 00 00 00  00 00 00 00 00 00 00 00  |................|
7E66C0:  00 00 00 00 00 00 00 00  00 00 00 00 00 00 00 00  |................|
7E66D0:  00 00 00 00 00 00 00 00  00 00 00 00 00 00 00 00  |................|
7E66E0:  00 00 00 00 00 00 00 00  00 00 00 00 00 00 00 00  |................|
7E66F0:  00 00 00 00 00 00 00 00  00 00 00 00 00 00 00 00  |................|
7E6700:  00 00 00 00 00 00 00 00  00 00 00 00 00 00 00 00  |................|
7E6710:  00 00 00 00 00 00 00 00  00 00 00 00 00 00 00 00  |................|
7E6720:  00 00 00 00 00 00 00 00  00 00 00 00 00 00 00 00  |................|
7E6730:  00 00 00 00 00 00 00 00  00 00 00 00 00 00 00 00  |................|
7E6740:  00 00 00 00 00 00 00 00  00 00 00 00 00 00 00 00  |................|
7E6750:  00 00 00 00 00 00 00 00  00 00 00 00 00 00 00 00  |................|
7E6760:  00 00 00 00 00 00 00 00  00 00 00 00 00 00 00 00  |................|
7E6770:  00 00 00 00 00 00 00 00  00 00 00 00 00 00 00 00  |................|
7E6780:  00 00 00 00 00 00 00 00  00 00 00 00 00 00 00 00  |................|
7E6790:  00 00 00 00 00 00 00 00  00 00 00 00 00 00 00 00  |................|
7E67A0:  00 00 00 00 00 00 00 00  00 00 00 00 00 00 00 00  |................|
7E67B0:  00 00 00 00 00 00 00 00  00 00 00 00 00 00 00 00  |................|
7E67C0:  00 00 00 00 00 00 00 00  00 00 00 00 00 00 00 00  |................|
7E67D0:  00 00 00 00 00 00 00 00  00 00 00 00 00 00 00 00  |................|
7E67E0:  00 00 00 00 00 00 00 00  00 00 00 00 00 00 00 00  |................|
7E67F0:  00 00 00 00 00 00 00 00  00 00 00 00 00 00 00 00  |................|
7E6800:  00 00 00 00 00 00 00 00  00 00 00 00 00 00 00 00  |................|
7E6810:  00 00 00 00 00 00 00 00  00 00 00 00 00 00 00 00  |................|
7E6820:  00 00 00 00 00 00 00 00  00 00 00 00 00 00 00 00  |................|
7E6830:  00 00 00 00 00 00 00 00  00 00 00 00 00 00 00 00  |................|
7E6840:  00 00 00 00 00 00 00 00  00 00 00 00 00 00 00 00  |................|
7E6850:  00 00 00 00 00 00 00 00  00 00 00 00 00 00 00 00  |................|
7E6860:  00 00 00 00 00 00 00 00  00 00 00 00 00 00 00 00  |................|
7E6870:  00 00 00 00 00 00 00 00  00 00 00 00 00 00 00 00  |................|
7E6880:  00 00 00 00 00 00 00 00  00 00 00 00 00 00 00 00  |................|
7E6890:  00 00 00 00 00 00 00 00  00 00 00 00 00 00 00 00  |................|
7E68A0:  00 00 00 00 00 00 00 00  00 00 00 00 00 00 00 00  |................|
7E68B0:  00 00 00 00 00 00 00 00  00 00 00 00 00 00 00 00  |................|
7E68C0:  00 00 00 00 00 00 00 00  00 00 00 00 00 00 00 00  |................|
7E68D0:  00 00 00 00 00 00 00 00  00 00 00 00 00 00 00 00  |................|
7E68E0:  00 00 00 00 00 00 00 00  00 00 00 00 00 00 00 00  |................|
7E68F0:  00 00 00 00 00 00 00 00  00 00 00 00 00 00 00 00  |................|
7E6900:  00 00 00 00 00 00 00 00  00 00 00 00 00 00 00 00  |................|
7E6910:  00 00 00 00 00 00 00 00  00 00 00 00 00 00 00 00  |................|
7E6920:  00 00 00 00 00 00 00 00  00 00 00 00 00 00 00 00  |................|
7E6930:  00 00 00 00 00 00 00 00  00 00 00 00 00 00 00 00  |................|
7E6940:  00 00 00 00 00 00 00 00  00 00 00 00 00 00 00 00  |................|
7E6950:  00 00 00 00 00 00 00 00  00 00 00 00 00 00 00 00  |................|
7E6960:  00 00 00 00 00 00 00 00  00 00 00 00 00 00 00 00  |................|
7E6970:  00 00 00 00 00 00 00 00  00 00 00 00 00 00 00 00  |................|
7E6980:  00 00 00 00 00 00 00 00  00 00 00 00 00 00 00 00  |................|
7E6990:  00 00 00 00 00 00 00 00  00 00 00 00 00 00 00 00  |................|
7E69A0:  00 00 00 00 00 00 00 00  00 00 00 00 00 00 00 00  |................|
7E69B0:  00 00 00 00 00 00 00 00  00 00 00 00 00 00 00 00  |................|
7E69C0:  00 00 00 00 00 00 00 00  00 00 00 00 00 00 00 00  |................|
7E69D0:  00 00 00 00 00 00 00 00  00 00 00 00 00 00 00 00  |................|
7E69E0:  00 00 00 00 00 00 00 00  00 00 00 00 00 00 00 00  |................|
7E69F0:  00 00 00 00 00 00 00 00  00 00 00 00 00 00 00 00  |................|
7E6A00:  00 00 00 00 00 00 00 00  00 00 00 00 00 00 00 00  |................|
7E6A10:  00 00 00 00 00 00 00 00  00 00 00 00 00 00 00 00  |................|
7E6A20:  00 00 00 00 00 00 00 00  00 00 00 00 00 00 00 00  |................|
7E6A30:  00 00 00 00 00 00 00 00  00 00 00 00 00 00 00 00  |................|
7E6A40:  00 00 00 00 00 00 00 00  00 00 00 00 00 00 00 00  |................|
7E6A50:  00 00 00 00 00 00 00 00  00 00 00 00 00 00 00 00  |................|
7E6A60:  00 00 00 00 00 00 00 00  00 00 00 00 00 00 00 00  |................|
7E6A70:  00 00 00 00 00 00 00 00  00 00 00 00 00 00 00 00  |................|
7E6A80:  00 00 00 00 00 00 00 00  00 00 00 00 00 00 00 00  |................|
7E6A90:  00 00 00 00 00 00 00 00  00 00 00 00 00 00 00 00  |................|
7E6AA0:  00 00 00 00 00 00 00 00  00 00 00 00 00 00 00 00  |................|
7E6AB0:  00 00 00 00 00 00 00 00  00 00 00 00 00 00 00 00  |................|
7E6AC0:  00 00 00 00 00 00 00 00  00 00 00 00 00 00 00 00  |................|
7E6AD0:  00 00 00 00 00 00 00 00  00 00 00 00 00 00 00 00  |................|
7E6AE0:  00 00 00 00 00 00 00 00  00 00 00 00 00 00 00 00  |................|
7E6AF0:  00 00 00 00 00 00 00 00  00 00 00 00 00 00 00 00  |................|
7E6B00:  00 00 00 00 00 00 00 00  00 00 00 00 00 00 00 00  |................|
7E6B10:  00 00 00 00 00 00 00 00  00 00 00 00 00 00 00 00  |................|
7E6B20:  00 00 00 00 00 00 00 00  00 00 00 00 00 00 00 00  |................|
7E6B30:  00 00 00 00 00 00 00 00  00 00 00 00 00 00 00 00  |................|
7E6B40:  00 00 00 00 00 00 00 00  00 00 00 00 00 00 00 00  |................|
7E6B50:  00 00 00 00 00 00 00 00  00 00 00 00 00 00 00 00  |................|
7E6B60:  00 00 00 00 00 00 00 00  00 00 00 00 00 00 00 00  |................|
7E6B70:  00 00 00 00 00 00 00 00  00 00 00 00 00 00 00 00  |................|
7E6B80:  00 00 00 00 00 00 00 00  00 00 00 00 00 00 00 00  |................|
7E6B90:  00 00 00 00 00 00 00 00  00 00 00 00 00 00 00 00  |................|
7E6BA0:  00 00 00 00 00 00 00 00  00 00 00 00 00 00 00 00  |................|
7E6BB0:  00 00 00 00 00 00 00 00  00 00 00 00 00 00 00 00  |................|
7E6BC0:  00 00 00 00 00 00 00 00  00 00 00 00 00 00 00 00  |................|
7E6BD0:  00 00 00 00 00 00 00 00  00 00 00 00 00 00 00 00  |................|
7E6BE0:  00 00 00 00 00 00 00 00  00 00 00 00 00 00 00 00  |................|
7E6BF0:  00 00 00 00 00 00 00 00  00 00 00 00 00 00 00 00  |................|
7E6C00:  00 00 00 00 00 00 00 00  00 00 00 00 00 00 00 00  |................|
7E6C10:  00 00 00 00 00 00 00 00  00 00 00 00 00 00 00 00  |................|
7E6C20:  00 00 00 00 00 00 00 00  00 00 00 00 00 00 00 00  |................|
7E6C30:  00 00 00 00 00 00 00 00  00 00 00 00 00 00 00 00  |................|
7E6C40:  00 00 00 00 00 00 00 00  00 00 00 00 00 00 00 00  |................|
7E6C50:  00 00 00 00 00 00 00 00  00 00 00 00 00 00 00 00  |................|
7E6C60:  00 00 00 00 00 00 00 00  00 00 00 00 00 00 00 00  |................|
7E6C70:  00 00 00 00 00 00 00 00  00 00 00 00 00 00 00 00  |................|
7E6C80:  00 00 00 00 00 00 00 00  00 00 00 00 00 00 00 00  |................|
7E6C90:  00 00 00 00 00 00 00 00  00 00 00 00 00 00 00 00  |................|
7E6CA0:  00 00 00 00 00 00 00 00  00 00 00 00 00 00 00 00  |................|
7E6CB0:  00 00 00 00 00 00 00 00  00 00 00 00 00 00 00 00  |................|
7E6CC0:  00 00 00 00 00 00 00 00  00 00 00 00 00 00 00 00  |................|
7E6CD0:  00 00 00 00 00 00 00 00  00 00 00 00 00 00 00 00  |................|
7E6CE0:  00 00 00 00 00 00 00 00  00 00 00 00 00 00 00 00  |................|
7E6CF0:  00 00 00 00 00 00 00 00  00 00 00 00 00 00 00 00  |................|
7E6D00:  00 00 00 00 00 00 00 00  00 00 00 00 00 00 00 00  |................|
7E6D10:  00 00 00 00 00 00 00 00  00 00 00 00 00 00 00 00  |................|
7E6D20:  00 00 00 00 00 00 00 00  00 00 00 00 00 00 00 00  |................|
7E6D30:  00 00 00 00 00 00 00 00  00 00 00 00 00 00 00 00  |................|
7E6D40:  00 00 00 00 00 00 00 00  00 00 00 00 00 00 00 00  |................|
7E6D50:  00 00 00 00 00 00 00 00  00 00 00 00 00 00 00 00  |................|
7E6D60:  00 00 00 00 00 00 00 00  00 00 00 00 00 00 00 00  |................|
7E6D70:  00 00 00 00 00 00 00 00  00 00 00 00 00 00 00 00  |................|
7E6D80:  00 00 00 00 00 00 00 00  00 00 00 00 00 00 00 00  |................|
7E6D90:  00 00 00 00 00 00 00 00  00 00 00 00 00 00 00 00  |................|
7E6DA0:  00 00 00 00 00 00 00 00  00 00 00 00 00 00 00 00  |................|
7E6DB0:  00 00 00 00 00 00 00 00  00 00 00 00 00 00 00 00  |................|
7E6DC0:  00 00 00 00 00 00 00 00  00 00 00 00 00 00 00 00  |................|
7E6DD0:  00 00 00 00 00 00 00 00  00 00 00 00 00 00 00 00  |................|
7E6DE0:  00 00 00 00 00 00 00 00  00 00 00 00 00 00 00 00  |................|
7E6DF0:  00 00 00 00 00 00 00 00  00 00 00 00 00 00 00 00  |................|
7E6E00:  00 00 00 00 00 00 00 00  00 00 00 00 00 00 00 00  |................|
7E6E10:  00 00 00 00 00 00 00 00  00 00 00 00 00 00 00 00  |................|
7E6E20:  00 00 00 00 00 00 00 00  00 00 00 00 00 00 00 00  |................|
7E6E30:  00 00 00 00 00 00 00 00  00 00 00 00 00 00 00 00  |................|
7E6E40:  00 00 00 00 00 00 00 00  00 00 00 00 00 00 00 00  |................|
7E6E50:  00 00 00 00 00 00 00 00  00 00 00 00 00 00 00 00  |................|
7E6E60:  00 00 00 00 00 00 00 00  00 00 00 00 00 00 00 00  |................|
7E6E70:  00 00 00 00 00 00 00 00  00 00 00 00 00 00 00 00  |................|
7E6E80:  00 00 00 00 00 00 00 00  00 00 00 00 00 00 00 00  |................|
7E6E90:  00 00 00 00 00 00 00 00  00 00 00 00 00 00 00 00  |................|
7E6EA0:  00 00 00 00 00 00 00 00  00 00 00 00 00 00 00 00  |................|
7E6EB0:  00 00 00 00 00 00 00 00  00 00 00 00 00 00 00 00  |................|
7E6EC0:  00 00 00 00 00 00 00 00  00 00 00 00 00 00 00 00  |................|
7E6ED0:  00 00 00 00 00 00 00 00  00 00 00 00 00 00 00 00  |................|
7E6EE0:  00 00 00 00 00 00 00 00  00 00 00 00 00 00 00 00  |................|
7E6EF0:  00 00 00 00 00 00 00 00  00 00 00 00 00 00 00 00  |................|
7E6F00:  00 00 00 00 00 00 00 00  00 00 00 00 00 00 00 00  |................|
7E6F10:  00 00 00 00 00 00 00 00  00 00 00 00 00 00 00 00  |................|
7E6F20:  00 00 00 00 00 00 00 00  00 00 00 00 00 00 00 00  |................|
7E6F30:  00 00 00 00 00 00 00 00  00 00 00 00 00 00 00 00  |................|
7E6F40:  00 00 00 00 00 00 00 00  00 00 00 00 00 00 00 00  |................|
7E6F50:  00 00 00 00 00 00 00 00  00 00 00 00 00 00 00 00  |................|
7E6F60:  00 00 00 00 00 00 00 00  00 00 00 00 00 00 00 00  |................|
7E6F70:  00 00 00 00 00 00 00 00  00 00 00 00 00 00 00 00  |................|
7E6F80:  00 00 00 00 00 00 00 00  00 00 00 00 00 00 00 00  |................|
7E6F90:  00 00 00 00 00 00 00 00  00 00 00 00 00 00 00 00  |................|
7E6FA0:  00 00 00 00 00 00 00 00  00 00 00 00 00 00 00 00  |................|
7E6FB0:  00 00 00 00 00 00 00 00  00 00 00 00 00 00 00 00  |................|
7E6FC0:  00 00 00 00 00 00 00 00  00 00 00 00 00 00 00 00  |................|
7E6FD0:  00 00 00 00 00 00 00 00  00 00 00 00 00 00 00 00  |................|
7E6FE0:  00 00 00 00 00 00 00 00  00 00 00 00 00 00 00 00  |................|
7E6FF0:  00 00 00 00 00 00 00 00  00 00 00 00 00 00 00 00  |................|
7E7000:  00 00 00 00 00 00 00 00  00 00 00 00 00 00 00 00  |................|
7E7010:  00 00 00 00 00 00 00 00  00 00 00 00 00 00 00 00  |................|
7E7020:  00 00 00 00 00 00 00 00  00 00 00 00 00 00 00 00  |................|
7E7030:  00 00 00 00 00 00 00 00  00 00 00 00 00 00 00 00  |................|
7E7040:  00 00 00 00 00 00 00 00  00 00 00 00 00 00 00 00  |................|
7E7050:  00 00 00 00 00 00 00 00  00 00 00 00 00 00 00 00  |................|
7E7060:  00 00 00 00 00 00 00 00  00 00 00 00 00 00 00 00  |................|
7E7070:  00 00 00 00 00 00 00 00  00 00 00 00 00 00 00 00  |................|
7E7080:  00 00 00 00 00 00 00 00  00 00 00 00 00 00 00 00  |................|
7E7090:  00 00 00 00 00 00 00 00  00 00 00 00 00 00 00 00  |................|
7E70A0:  00 00 00 00 00 00 00 00  00 00 00 00 00 00 00 00  |................|
7E70B0:  00 00 00 00 00 00 00 00  00 00 00 00 00 00 00 00  |................|
7E70C0:  00 00 00 00 00 00 00 00  00 00 00 00 00 00 00 00  |................|
7E70D0:  00 00 00 00 00 00 00 00  00 00 00 00 00 00 00 00  |................|
7E70E0:  00 00 00 00 00 00 00 00  00 00 00 00 00 00 00 00  |................|
7E70F0:  00 00 00 00 00 00 00 00  00 00 00 00 00 00 00 00  |................|
7E7100:  00 00 00 00 00 00 00 00  00 00 00 00 00 00 00 00  |................|
7E7110:  00 00 00 00 00 00 00 00  00 00 00 00 00 00 00 00  |................|
7E7120:  00 00 00 00 00 00 00 00  00 00 00 00 00 00 00 00  |................|
7E7130:  00 00 00 00 00 00 00 00  00 00 00 00 00 00 00 00  |................|
7E7140:  00 00 00 00 00 00 00 00  00 00 00 00 00 00 00 00  |................|
7E7150:  00 00 00 00 00 00 00 00  00 00 00 00 00 00 00 00  |................|
7E7160:  00 00 00 00 00 00 00 00  00 00 00 00 00 00 00 00  |................|
7E7170:  00 00 00 00 00 00 00 00  00 00 00 00 00 00 00 00  |................|
7E7180:  00 00 00 00 00 00 00 00  00 00 00 00 00 00 00 00  |................|
7E7190:  00 00 00 00 00 00 00 00  00 00 00 00 00 00 00 00  |................|
7E71A0:  00 00 00 00 00 00 00 00  00 00 00 00 00 00 00 00  |................|
7E71B0:  00 00 00 00 00 00 00 00  00 00 00 00 00 00 00 00  |................|
7E71C0:  00 00 00 00 00 00 00 00  00 00 00 00 00 00 00 00  |................|
7E71D0:  00 00 00 00 00 00 00 00  00 00 00 00 00 00 00 00  |................|
7E71E0:  00 00 00 00 00 00 00 00  00 00 00 00 00 00 00 00  |................|
7E71F0:  00 00 00 00 00 00 00 00  00 00 00 00 00 00 00 00  |................|
7E7200:  00 00 00 00 00 00 00 00  00 00 00 00 00 00 00 00  |................|
7E7210:  00 00 00 00 00 00 00 00  00 00 00 00 00 00 00 00  |................|
7E7220:  00 00 00 00 00 00 00 00  00 00 00 00 00 00 00 00  |................|
7E7230:  00 00 00 00 00 00 00 00  00 00 00 00 00 00 00 00  |................|
7E7240:  00 00 00 00 00 00 00 00  00 00 00 00 00 00 00 00  |................|
7E7250:  00 00 00 00 00 00 00 00  00 00 00 00 00 00 00 00  |................|
7E7260:  00 00 00 00 00 00 00 00  00 00 00 00 00 00 00 00  |................|
7E7270:  00 00 00 00 00 00 00 00  00 00 00 00 00 00 00 00  |................|
7E7280:  00 00 00 00 00 00 00 00  00 00 00 00 00 00 00 00  |................|
7E7290:  00 00 00 00 00 00 00 00  00 00 00 00 00 00 00 00  |................|
7E72A0:  00 00 00 00 00 00 00 00  00 00 00 00 00 00 00 00  |................|
7E72B0:  00 00 00 00 00 00 00 00  00 00 00 00 00 00 00 00  |................|
7E72C0:  00 00 00 00 00 00 00 00  00 00 00 00 00 00 00 00  |................|
7E72D0:  00 00 00 00 00 00 00 00  00 00 00 00 00 00 00 00  |................|
7E72E0:  00 00 00 00 00 00 00 00  00 00 00 00 00 00 00 00  |................|
7E72F0:  00 00 00 00 00 00 00 00  00 00 00 00 00 00 00 00  |................|
7E7300:  00 00 00 00 00 00 00 00  00 00 00 00 00 00 00 00  |................|
7E7310:  00 00 00 00 00 00 00 00  00 00 00 00 00 00 00 00  |................|
7E7320:  00 00 00 00 00 00 00 00  00 00 00 00 00 00 00 00  |................|
7E7330:  00 00 00 00 00 00 00 00  00 00 00 00 00 00 00 00  |................|
7E7340:  00 00 00 00 00 00 00 00  00 00 00 00 00 00 00 00  |................|
7E7350:  00 00 00 00 00 00 00 00  00 00 00 00 00 00 00 00  |................|
7E7360:  00 00 00 00 00 00 00 00  00 00 00 00 00 00 00 00  |................|
7E7370:  00 00 00 00 00 00 00 00  00 00 00 00 00 00 00 00  |................|
7E7380:  00 00 00 00 00 00 00 00  00 00 00 00 00 00 00 00  |................|
7E7390:  00 00 00 00 00 00 00 00  00 00 00 00 00 00 00 00  |................|
7E73A0:  00 00 00 00 00 00 00 00  00 00 00 00 00 00 00 00  |................|
7E73B0:  00 00 00 00 00 00 00 00  00 00 00 00 00 00 00 00  |................|
7E73C0:  00 00 00 00 00 00 00 00  00 00 00 00 00 00 00 00  |................|
7E73D0:  00 00 00 00 00 00 00 00  00 00 00 00 00 00 00 00  |................|
7E73E0:  00 00 00 00 00 00 00 00  00 00 00 00 00 00 00 00  |................|
7E73F0:  00 00 00 00 00 00 00 00  00 00 00 00 00 00 00 00  |................|
7E7400:  00 00 00 00 00 00 00 00  00 00 00 00 00 00 00 00  |................|
7E7410:  00 00 00 00 00 00 00 00  00 00 00 00 00 00 00 00  |................|
7E7420:  00 00 00 00 00 00 00 00  00 00 00 00 00 00 00 00  |................|
7E7430:  00 00 00 00 00 00 00 00  00 00 00 00 00 00 00 00  |................|
7E7440:  00 00 00 00 00 00 00 00  00 00 00 00 00 00 00 00  |................|
7E7450:  00 00 00 00 00 00 00 00  00 00 00 00 00 00 00 00  |................|
7E7460:  00 00 00 00 00 00 00 00  00 00 00 00 00 00 00 00  |................|
7E7470:  00 00 00 00 00 00 00 00  00 00 00 00 00 00 00 00  |................|
7E7480:  00 00 00 00 00 00 00 00  00 00 00 00 00 00 00 00  |................|
7E7490:  00 00 00 00 00 00 00 00  00 00 00 00 00 00 00 00  |................|
7E74A0:  00 00 00 00 00 00 00 00  00 00 00 00 00 00 00 00  |................|
7E74B0:  00 00 00 00 00 00 00 00  00 00 00 00 00 00 00 00  |................|
7E74C0:  00 00 00 00 00 00 00 00  00 00 00 00 00 00 00 00  |................|
7E74D0:  00 00 00 00 00 00 00 00  00 00 00 00 00 00 00 00  |................|
7E74E0:  00 00 00 00 00 00 00 00  00 00 00 00 00 00 00 00  |................|
7E74F0:  00 00 00 00 00 00 00 00  00 00 00 00 00 00 00 00  |................|
7E7500:  00 00 00 00 00 00 00 00  00 00 00 00 00 00 00 00  |................|
7E7510:  00 00 00 00 00 00 00 00  00 00 00 00 00 00 00 00  |................|
7E7520:  00 00 00 00 00 00 00 00  00 00 00 00 00 00 00 00  |................|
7E7530:  00 00 00 00 00 00 00 00  00 00 00 00 00 00 00 00  |................|
7E7540:  00 00 00 00 00 00 00 00  00 00 00 00 00 00 00 00  |................|
7E7550:  00 00 00 00 00 00 00 00  00 00 00 00 00 00 00 00  |................|
7E7560:  00 00 00 00 00 00 00 00  00 00 00 00 00 00 00 00  |................|
7E7570:  00 00 00 00 00 00 00 00  00 00 00 00 00 00 00 00  |................|
7E7580:  00 00 00 00 00 00 00 00  00 00 00 00 00 00 00 00  |................|
7E7590:  00 00 00 00 00 00 00 00  00 00 00 00 00 00 00 00  |................|
7E75A0:  00 00 00 00 00 00 00 00  00 00 00 00 00 00 00 00  |................|
7E75B0:  00 00 00 00 00 00 00 00  00 00 00 00 00 00 00 00  |................|
7E75C0:  00 00 00 00 00 00 00 00  00 00 00 00 00 00 00 00  |................|
7E75D0:  00 00 00 00 00 00 00 00  00 00 00 00 00 00 00 00  |................|
7E75E0:  00 00 00 00 00 00 00 00  00 00 00 00 00 00 00 00  |................|
7E75F0:  00 00 00 00 00 00 00 00  00 00 00 00 00 00 00 00  |................|
7E7600:  00 00 00 00 00 00 00 00  00 00 00 00 00 00 00 00  |................|
7E7610:  00 00 00 00 00 00 00 00  00 00 00 00 00 00 00 00  |................|
7E7620:  00 00 00 00 00 00 00 00  00 00 00 00 00 00 00 00  |................|
7E7630:  00 00 00 00 00 00 00 00  00 00 00 00 00 00 00 00  |................|
7E7640:  00 00 00 00 00 00 00 00  00 00 00 00 00 00 00 00  |................|
7E7650:  00 00 00 00 00 00 00 00  00 00 00 00 00 00 00 00  |................|
7E7660:  00 00 00 00 00 00 00 00  00 00 00 00 00 00 00 00  |................|
7E7670:  00 00 00 00 00 00 00 00  00 00 00 00 00 00 00 00  |................|
7E7680:  00 00 00 00 00 00 00 00  00 00 00 00 00 00 00 00  |................|
7E7690:  00 00 00 00 00 00 00 00  00 00 00 00 00 00 00 00  |................|
7E76A0:  00 00 00 00 00 00 00 00  00 00 00 00 00 00 00 00  |................|
7E76B0:  00 00 00 00 00 00 00 00  00 00 00 00 00 00 00 00  |................|
7E76C0:  00 00 00 00 00 00 00 00  00 00 00 00 00 00 00 00  |................|
7E76D0:  00 00 00 00 00 00 00 00  00 00 00 00 00 00 00 00  |................|
7E76E0:  00 00 00 00 00 00 00 00  00 00 00 00 00 00 00 00  |................|
7E76F0:  00 00 00 00 00 00 00 00  00 00 00 00 00 00 00 00  |................|
7E7700:  00 00 00 00 00 00 00 00  00 00 00 00 00 00 00 00  |................|
7E7710:  00 00 00 00 00 00 00 00  00 00 00 00 00 00 00 00  |................|
7E7720:  00 00 00 00 00 00 00 00  00 00 00 00 00 00 00 00  |................|
7E7730:  00 00 00 00 00 00 00 00  00 00 00 00 00 00 00 00  |................|
7E7740:  00 00 00 00 00 00 00 00  00 00 00 00 00 00 00 00  |................|
7E7750:  00 00 00 00 00 00 00 00  00 00 00 00 00 00 00 00  |................|
7E7760:  00 00 00 00 00 00 00 00  00 00 00 00 00 00 00 00  |................|
7E7770:  00 00 00 00 00 00 00 00  00 00 00 00 00 00 00 00  |................|
7E7780:  00 00 00 00 00 00 00 00  00 00 00 00 00 00 00 00  |................|
7E7790:  00 00 00 00 00 00 00 00  00 00 00 00 00 00 00 00  |................|
7E77A0:  00 00 00 00 00 00 00 00  00 00 00 00 00 00 00 00  |................|
7E77B0:  00 00 00 00 00 00 00 00  00 00 00 00 00 00 00 00  |................|
7E77C0:  00 00 00 00 00 00 00 00  00 00 00 00 00 00 00 00  |................|
7E77D0:  00 00 00 00 00 00 00 00  00 00 00 00 00 00 00 00  |................|
7E77E0:  00 00 00 00 00 00 00 00  00 00 00 00 00 00 00 00  |................|
7E77F0:  00 00 00 00 00 00 00 00  00 00 00 00 00 00 00 00  |................|
7E7800:  00 00 00 00 00 00 00 00  00 00 00 00 00 00 00 00  |................|
7E7810:  00 00 00 00 00 00 00 00  00 00 00 00 00 00 00 00  |................|
7E7820:  00 00 00 00 00 00 00 00  00 00 00 00 00 00 00 00  |................|
7E7830:  00 00 00 00 00 00 00 00  00 00 00 00 00 00 00 00  |................|
7E7840:  00 00 00 00 00 00 00 00  00 00 00 00 00 00 00 00  |................|
7E7850:  00 00 00 00 00 00 00 00  00 00 00 00 00 00 00 00  |................|
7E7860:  00 00 00 00 00 00 00 00  00 00 00 00 00 00 00 00  |................|
7E7870:  00 00 00 00 00 00 00 00  00 00 00 00 00 00 00 00  |................|
7E7880:  00 00 00 00 00 00 00 00  00 00 00 00 00 00 00 00  |................|
7E7890:  00 00 00 00 00 00 00 00  00 00 00 00 00 00 00 00  |................|
7E78A0:  00 00 00 00 00 00 00 00  00 00 00 00 00 00 00 00  |................|
7E78B0:  00 00 00 00 00 00 00 00  00 00 00 00 00 00 00 00  |................|
7E78C0:  00 00 00 00 00 00 00 00  00 00 00 00 00 00 00 00  |................|
7E78D0:  00 00 00 00 00 00 00 00  00 00 00 00 00 00 00 00  |................|
7E78E0:  00 00 00 00 00 00 00 00  00 00 00 00 00 00 00 00  |................|
7E78F0:  00 00 00 00 00 00 00 00  00 00 00 00 00 00 00 00  |................|
7E7900:  00 00 00 00 00 00 00 00  00 00 00 00 00 00 00 00  |................|
7E7910:  00 00 00 00 00 00 00 00  00 00 00 00 00 00 00 00  |................|
7E7920:  00 00 00 00 00 00 00 00  00 00 00 00 00 00 00 00  |................|
7E7930:  00 00 00 00 00 00 00 00  00 00 00 00 00 00 00 00  |................|
7E7940:  00 00 00 00 00 00 00 00  00 00 00 00 00 00 00 00  |................|
7E7950:  00 00 00 00 00 00 00 00  00 00 00 00 00 00 00 00  |................|
7E7960:  00 00 00 00 00 00 00 00  00 00 00 00 00 00 00 00  |................|
7E7970:  00 00 00 00 00 00 00 00  00 00 00 00 00 00 00 00  |................|
7E7980:  00 00 00 00 00 00 00 00  00 00 00 00 00 00 00 00  |................|
7E7990:  00 00 00 00 00 00 00 00  00 00 00 00 00 00 00 00  |................|
7E79A0:  00 00 00 00 00 00 00 00  00 00 00 00 00 00 00 00  |................|
7E79B0:  00 00 00 00 00 00 00 00  00 00 00 00 00 00 00 00  |................|
7E79C0:  00 00 00 00 00 00 00 00  00 00 00 00 00 00 00 00  |................|
7E79D0:  00 00 00 00 00 00 00 00  00 00 00 00 00 00 00 00  |................|
7E79E0:  00 00 00 00 00 00 00 00  00 00 00 00 00 00 00 00  |................|
7E79F0:  00 00 00 00 00 00 00 00  00 00 00 00 00 00 00 00  |................|
7E7A00:  00 00 00 00 00 00 00 00  00 00 00 00 00 00 00 00  |................|
7E7A10:  00 00 00 00 00 00 00 00  00 00 00 00 00 00 00 00  |................|
7E7A20:  00 00 00 00 00 00 00 00  00 00 00 00 00 00 00 00  |................|
7E7A30:  00 00 00 00 00 00 00 00  00 00 00 00 00 00 00 00  |................|
7E7A40:  00 00 00 00 00 00 00 00  00 00 00 00 00 00 00 00  |................|
7E7A50:  00 00 00 00 00 00 00 00  00 00 00 00 00 00 00 00  |................|
7E7A60:  00 00 00 00 00 00 00 00  00 00 00 00 00 00 00 00  |................|
7E7A70:  00 00 00 00 00 00 00 00  00 00 00 00 00 00 00 00  |................|
7E7A80:  00 00 00 00 00 00 00 00  00 00 00 00 00 00 00 00  |................|
7E7A90:  00 00 00 00 00 00 00 00  00 00 00 00 00 00 00 00  |................|
7E7AA0:  00 00 00 00 00 00 00 00  00 00 00 00 00 00 00 00  |................|
7E7AB0:  00 00 00 00 00 00 00 00  00 00 00 00 00 00 00 00  |................|
7E7AC0:  00 00 00 00 00 00 00 00  00 00 00 00 00 00 00 00  |................|
7E7AD0:  00 00 00 00 00 00 00 00  00 00 00 00 00 00 00 00  |................|
7E7AE0:  00 00 00 00 00 00 00 00  00 00 00 00 00 00 00 00  |................|
7E7AF0:  00 00 00 00 00 00 00 00  00 00 00 00 00 00 00 00  |................|
7E7B00:  00 00 00 00 00 00 00 00  00 00 00 00 00 00 00 00  |................|
7E7B10:  00 00 00 00 00 00 00 00  00 00 00 00 00 00 00 00  |................|
7E7B20:  00 00 00 00 00 00 00 00  00 00 00 00 00 00 00 00  |................|
7E7B30:  00 00 00 00 00 00 00 00  00 00 00 00 00 00 00 00  |................|
7E7B40:  00 00 00 00 00 00 00 00  00 00 00 00 00 00 00 00  |................|
7E7B50:  00 00 00 00 00 00 00 00  00 00 00 00 00 00 00 00  |................|
7E7B60:  00 00 00 00 00 00 00 00  00 00 00 00 00 00 00 00  |................|
7E7B70:  00 00 00 00 00 00 00 00  00 00 00 00 00 00 00 00  |................|
7E7B80:  00 00 00 00 00 00 00 00  00 00 00 00 00 00 00 00  |................|
7E7B90:  00 00 00 00 00 00 00 00  00 00 00 00 00 00 00 00  |................|
7E7BA0:  00 00 00 00 00 00 00 00  00 00 00 00 00 00 00 00  |................|
7E7BB0:  00 00 00 00 00 00 00 00  00 00 00 00 00 00 00 00  |................|
7E7BC0:  00 00 00 00 00 00 00 00  00 00 00 00 00 00 00 00  |................|
7E7BD0:  00 00 00 00 00 00 00 00  00 00 00 00 00 00 00 00  |................|
7E7BE0:  00 00 00 00 00 00 00 00  00 00 00 00 00 00 00 00  |................|
7E7BF0:  00 00 00 00 00 00 00 00  00 00 00 00 00 00 00 00  |................|
7E7C00:  00 00 00 00 00 00 00 00  00 00 00 00 00 00 00 00  |................|
7E7C10:  00 00 00 00 00 00 00 00  00 00 00 00 00 00 00 00  |................|
7E7C20:  00 00 00 00 00 00 00 00  00 00 00 00 00 00 00 00  |................|
7E7C30:  00 00 00 00 00 00 00 00  00 00 00 00 00 00 00 00  |................|
7E7C40:  00 00 00 00 00 00 00 00  00 00 00 00 00 00 00 00  |................|
7E7C50:  00 00 00 00 00 00 00 00  00 00 00 00 00 00 00 00  |................|
7E7C60:  00 00 00 00 00 00 00 00  00 00 00 00 00 00 00 00  |................|
7E7C70:  00 00 00 00 00 00 00 00  00 00 00 00 00 00 00 00  |................|
7E7C80:  00 00 00 00 00 00 00 00  00 00 00 00 00 00 00 00  |................|
7E7C90:  00 00 00 00 00 00 00 00  00 00 00 00 00 00 00 00  |................|
7E7CA0:  00 00 00 00 00 00 00 00  00 00 00 00 00 00 00 00  |................|
7E7CB0:  00 00 00 00 00 00 00 00  00 00 00 00 00 00 00 00  |................|
7E7CC0:  00 00 00 00 00 00 00 00  00 00 00 00 00 00 00 00  |................|
7E7CD0:  00 00 00 00 00 00 00 00  00 00 00 00 00 00 00 00  |................|
7E7CE0:  00 00 00 00 00 00 00 00  00 00 00 00 00 00 00 00  |................|
7E7CF0:  00 00 00 00 00 00 00 00  00 00 00 00 00 00 00 00  |................|
7E7D00:  00 00 00 00 00 00 00 00  00 00 00 00 00 00 00 00  |................|
7E7D10:  00 00 00 00 00 00 00 00  00 00 00 00 00 00 00 00  |................|
7E7D20:  00 00 00 00 00 00 00 00  00 00 00 00 00 00 00 00  |................|
7E7D30:  00 00 00 00 00 00 00 00  00 00 00 00 00 00 00 00  |................|
7E7D40:  00 00 00 00 00 00 00 00  00 00 00 00 00 00 00 00  |................|
7E7D50:  00 00 00 00 00 00 00 00  00 00 00 00 00 00 00 00  |................|
7E7D60:  00 00 00 00 00 00 00 00  00 00 00 00 00 00 00 00  |................|
7E7D70:  00 00 00 00 00 00 00 00  00 00 00 00 00 00 00 00  |................|
7E7D80:  00 00 00 00 00 00 00 00  00 00 00 00 00 00 00 00  |................|
7E7D90:  00 00 00 00 00 00 00 00  00 00 00 00 00 00 00 00  |................|
7E7DA0:  00 00 00 00 00 00 00 00  00 00 00 00 00 00 00 00  |................|
7E7DB0:  00 00 00 00 00 00 00 00  00 00 00 00 00 00 00 00  |................|
7E7DC0:  00 00 00 00 00 00 00 00  00 00 00 00 00 00 00 00  |................|
7E7DD0:  00 00 00 00 00 00 00 00  00 00 00 00 00 00 00 00  |................|
7E7DE0:  00 00 00 00 00 00 00 00  00 00 00 00 00 00 00 00  |................|
7E7DF0:  00 00 00 00 00 00 00 00  00 00 00 00 00 00 00 00  |................|
7E7E00:  00 00 00 00 00 00 00 00  00 00 00 00 00 00 00 00  |................|
7E7E10:  00 00 00 00 00 00 00 00  00 00 00 00 00 00 00 00  |................|
7E7E20:  00 00 00 00 00 00 00 00  00 00 00 00 00 00 00 00  |................|
7E7E30:  00 00 00 00 00 00 00 00  00 00 00 00 00 00 00 00  |................|
7E7E40:  00 00 00 00 00 00 00 00  00 00 00 00 00 00 00 00  |................|
7E7E50:  00 00 00 00 00 00 00 00  00 00 00 00 00 00 00 00  |................|
7E7E60:  00 00 00 00 00 00 00 00  00 00 00 00 00 00 00 00  |................|
7E7E70:  00 00 00 00 00 00 00 00  00 00 00 00 00 00 00 00  |................|
7E7E80:  00 00 00 00 00 00 00 00  00 00 00 00 00 00 00 00  |................|
7E7E90:  00 00 00 00 00 00 00 00  00 00 00 00 00 00 00 00  |................|
7E7EA0:  00 00 00 00 00 00 00 00  00 00 00 00 00 00 00 00  |................|
7E7EB0:  00 00 00 00 00 00 00 00  00 00 00 00 00 00 00 00  |................|
7E7EC0:  00 00 00 00 00 00 00 00  00 00 00 00 00 00 00 00  |................|
7E7ED0:  00 00 00 00 00 00 00 00  00 00 00 00 00 00 00 00  |................|
7E7EE0:  00 00 00 00 00 00 00 00  00 00 00 00 00 00 00 00  |................|
7E7EF0:  00 00 00 00 00 00 00 00  00 00 00 00 00 00 00 00  |................|
7E7F00:  00 00 00 00 00 00 00 00  00 00 00 00 00 00 00 00  |................|
7E7F10:  00 00 00 00 00 00 00 00  00 00 00 00 00 00 00 00  |................|
7E7F20:  00 00 00 00 00 00 00 00  00 00 00 00 00 00 00 00  |................|
7E7F30:  00 00 00 00 00 00 00 00  00 00 00 00 00 00 00 00  |................|
7E7F40:  00 00 00 00 00 00 00 00  00 00 00 00 00 00 00 00  |................|
7E7F50:  00 00 00 00 00 00 00 00  00 00 00 00 00 00 00 00  |................|
7E7F60:  00 00 00 00 00 00 00 00  00 00 00 00 00 00 00 00  |................|
7E7F70:  00 00 00 00 00 00 00 00  00 00 00 00 00 00 00 00  |................|
7E7F80:  00 00 00 00 00 00 00 00  00 00 00 00 00 00 00 00  |................|
7E7F90:  00 00 00 00 00 00 00 00  00 00 00 00 00 00 00 00  |................|
7E7FA0:  00 00 00 00 00 00 00 00  00 00 00 00 00 00 00 00  |................|
7E7FB0:  00 00 00 00 00 00 00 00  00 00 00 00 00 00 00 00  |................|
7E7FC0:  00 00 00 00 00 00 00 00  00 00 00 00 00 00 00 00  |................|
7E7FD0:  00 00 00 00 00 00 00 00  00 00 00 00 00 00 00 00  |................|
7E7FE0:  00 00 00 00 00 00 00 00  00 00 00 00 00 00 00 00  |................|
7E7FF0:  00 00 00 00 00 00 00 00  00 00 00 00 00 00 00 00  |................|
7E8000:  00 00 00 00 00 00 00 00  00 00 00 00 00 00 00 00  |................|
7E8010:  00 00 00 00 00 00 00 00  00 00 00 00 00 00 00 00  |................|
7E8020:  00 00 00 00 00 00 00 00  00 00 00 00 00 00 00 00  |................|
7E8030:  00 00 00 00 00 00 00 00  00 00 00 00 00 00 00 00  |................|
7E8040:  00 00 00 00 00 00 00 00  00 00 00 00 00 00 00 00  |................|
7E8050:  00 00 00 00 00 00 00 00  00 00 00 00 00 00 00 00  |................|
7E8060:  00 00 00 00 00 00 00 00  00 00 00 00 00 00 00 00  |................|
7E8070:  00 00 00 00 00 00 00 00  00 00 00 00 00 00 00 00  |................|
7E8080:  00 00 00 00 00 00 00 00  00 00 00 00 00 00 00 00  |................|
7E8090:  00 00 00 00 00 00 00 00  00 00 00 00 00 00 00 00  |................|
7E80A0:  00 00 00 00 00 00 00 00  00 00 00 00 00 00 00 00  |................|
7E80B0:  00 00 00 00 00 00 00 00  00 00 00 00 00 00 00 00  |................|
7E80C0:  00 00 00 00 00 00 00 00  00 00 00 00 00 00 00 00  |................|
7E80D0:  00 00 00 00 00 00 00 00  00 00 00 00 00 00 00 00  |................|
7E80E0:  00 00 00 00 00 00 00 00  00 00 00 00 00 00 00 00  |................|
7E80F0:  00 00 00 00 00 00 00 00  00 00 00 00 00 00 00 00  |................|
7E8100:  00 00 00 00 00 00 00 00  00 00 00 00 00 00 00 00  |................|
7E8110:  00 00 00 00 00 00 00 00  00 00 00 00 00 00 00 00  |................|
7E8120:  00 00 00 00 00 00 00 00  00 00 00 00 00 00 00 00  |................|
7E8130:  00 00 00 00 00 00 00 00  00 00 00 00 00 00 00 00  |................|
7E8140:  00 00 00 00 00 00 00 00  00 00 00 00 00 00 00 00  |................|
7E8150:  00 00 00 00 00 00 00 00  00 00 00 00 00 00 00 00  |................|
7E8160:  00 00 00 00 00 00 00 00  00 00 00 00 00 00 00 00  |................|
7E8170:  00 00 00 00 00 00 00 00  00 00 00 00 00 00 00 00  |................|
7E8180:  00 00 00 00 00 00 00 00  00 00 00 00 00 00 00 00  |................|
7E8190:  00 00 00 00 00 00 00 00  00 00 00 00 00 00 00 00  |................|
7E81A0:  00 00 00 00 00 00 00 00  00 00 00 00 00 00 00 00  |................|
7E81B0:  00 00 00 00 00 00 00 00  00 00 00 00 00 00 00 00  |................|
7E81C0:  00 00 00 00 00 00 00 00  00 00 00 00 00 00 00 00  |................|
7E81D0:  00 00 00 00 00 00 00 00  00 00 00 00 00 00 00 00  |................|
7E81E0:  00 00 00 00 00 00 00 00  00 00 00 00 00 00 00 00  |................|
7E81F0:  00 00 00 00 00 00 00 00  00 00 00 00 00 00 00 00  |................|
7E8200:  00 00 00 00 00 00 00 00  00 00 00 00 00 00 00 00  |................|
7E8210:  00 00 00 00 00 00 00 00  00 00 00 00 00 00 00 00  |................|
7E8220:  00 00 00 00 00 00 00 00  00 00 00 00 00 00 00 00  |................|
7E8230:  00 00 00 00 00 00 00 00  00 00 00 00 00 00 00 00  |................|
7E8240:  00 00 00 00 00 00 00 00  00 00 00 00 00 00 00 00  |................|
7E8250:  00 00 00 00 00 00 00 00  00 00 00 00 00 00 00 00  |................|
7E8260:  00 00 00 00 00 00 00 00  00 00 00 00 00 00 00 00  |................|
7E8270:  00 00 00 00 00 00 00 00  00 00 00 00 00 00 00 00  |................|
7E8280:  00 00 00 00 00 00 00 00  00 00 00 00 00 00 00 00  |................|
7E8290:  00 00 00 00 00 00 00 00  00 00 00 00 00 00 00 00  |................|
7E82A0:  00 00 00 00 00 00 00 00  00 00 00 00 00 00 00 00  |................|
7E82B0:  00 00 00 00 00 00 00 00  00 00 00 00 00 00 00 00  |................|
7E82C0:  00 00 00 00 00 00 00 00  00 00 00 00 00 00 00 00  |................|
7E82D0:  00 00 00 00 00 00 00 00  00 00 00 00 00 00 00 00  |................|
7E82E0:  00 00 00 00 00 00 00 00  00 00 00 00 00 00 00 00  |................|
7E82F0:  00 00 00 00 00 00 00 00  00 00 00 00 00 00 00 00  |................|
7E8300:  00 00 00 00 00 00 00 00  00 00 00 00 00 00 00 00  |................|
7E8310:  00 00 00 00 00 00 00 00  00 00 00 00 00 00 00 00  |................|
7E8320:  00 00 00 00 00 00 00 00  00 00 00 00 00 00 00 00  |................|
7E8330:  00 00 00 00 00 00 00 00  00 00 00 00 00 00 00 00  |................|
7E8340:  00 00 00 00 00 00 00 00  00 00 00 00 00 00 00 00  |................|
7E8350:  00 00 00 00 00 00 00 00  00 00 00 00 00 00 00 00  |................|
7E8360:  00 00 00 00 00 00 00 00  00 00 00 00 00 00 00 00  |................|
7E8370:  00 00 00 00 00 00 00 00  00 00 00 00 00 00 00 00  |................|
7E8380:  00 00 00 00 00 00 00 00  00 00 00 00 00 00 00 00  |................|
7E8390:  00 00 00 00 00 00 00 00  00 00 00 00 00 00 00 00  |................|
7E83A0:  00 00 00 00 00 00 00 00  00 00 00 00 00 00 00 00  |................|
7E83B0:  00 00 00 00 00 00 00 00  00 00 00 00 00 00 00 00  |................|
7E83C0:  00 00 00 00 00 00 00 00  00 00 00 00 00 00 00 00  |................|
7E83D0:  00 00 00 00 00 00 00 00  00 00 00 00 00 00 00 00  |................|
7E83E0:  00 00 00 00 00 00 00 00  00 00 00 00 00 00 00 00  |................|
7E83F0:  00 00 00 00 00 00 00 00  00 00 00 00 00 00 00 00  |................|
7E8400:  00 00 00 00 00 00 00 00  00 00 00 00 00 00 00 00  |................|
7E8410:  00 00 00 00 00 00 00 00  00 00 00 00 00 00 00 00  |................|
7E8420:  00 00 00 00 00 00 00 00  00 00 00 00 00 00 00 00  |................|
7E8430:  00 00 00 00 00 00 00 00  00 00 00 00 00 00 00 00  |................|
7E8440:  00 00 00 00 00 00 00 00  00 00 00 00 00 00 00 00  |................|
7E8450:  00 00 00 00 00 00 00 00  00 00 00 00 00 00 00 00  |................|
7E8460:  00 00 00 00 00 00 00 00  00 00 00 00 00 00 00 00  |................|
7E8470:  00 00 00 00 00 00 00 00  00 00 00 00 00 00 00 00  |................|
7E8480:  00 00 00 00 00 00 00 00  00 00 00 00 00 00 00 00  |................|
7E8490:  00 00 00 00 00 00 00 00  00 00 00 00 00 00 00 00  |................|
7E84A0:  00 00 00 00 00 00 00 00  00 00 00 00 00 00 00 00  |................|
7E84B0:  00 00 00 00 00 00 00 00  00 00 00 00 00 00 00 00  |................|
7E84C0:  00 00 00 00 00 00 00 00  00 00 00 00 00 00 00 00  |................|
7E84D0:  00 00 00 00 00 00 00 00  00 00 00 00 00 00 00 00  |................|
7E84E0:  00 00 00 00 00 00 00 00  00 00 00 00 00 00 00 00  |................|
7E84F0:  00 00 00 00 00 00 00 00  00 00 00 00 00 00 00 00  |................|
7E8500:  00 00 00 00 00 00 00 00  00 00 00 00 00 00 00 00  |................|
7E8510:  00 00 00 00 00 00 00 00  00 00 00 00 00 00 00 00  |................|
7E8520:  00 00 00 00 00 00 00 00  00 00 00 00 00 00 00 00  |................|
7E8530:  00 00 00 00 00 00 00 00  00 00 00 00 00 00 00 00  |................|
7E8540:  00 00 00 00 00 00 00 00  00 00 00 00 00 00 00 00  |................|
7E8550:  00 00 00 00 00 00 00 00  00 00 00 00 00 00 00 00  |................|
7E8560:  00 00 00 00 00 00 00 00  00 00 00 00 00 00 00 00  |................|
7E8570:  00 00 00 00 00 00 00 00  00 00 00 00 00 00 00 00  |................|
7E8580:  00 00 00 00 00 00 00 00  00 00 00 00 00 00 00 00  |................|
7E8590:  00 00 00 00 00 00 00 00  00 00 00 00 00 00 00 00  |................|
7E85A0:  00 00 00 00 00 00 00 00  00 00 00 00 00 00 00 00  |................|
7E85B0:  00 00 00 00 00 00 00 00  00 00 00 00 00 00 00 00  |................|
7E85C0:  00 00 00 00 00 00 00 00  00 00 00 00 00 00 00 00  |................|
7E85D0:  00 00 00 00 00 00 00 00  00 00 00 00 00 00 00 00  |................|
7E85E0:  00 00 00 00 00 00 00 00  00 00 00 00 00 00 00 00  |................|
7E85F0:  00 00 00 00 00 00 00 00  00 00 00 00 00 00 00 00  |................|
7E8600:  00 00 00 00 00 00 00 00  00 00 00 00 00 00 00 00  |................|
7E8610:  00 00 00 00 00 00 00 00  00 00 00 00 00 00 00 00  |................|
7E8620:  00 00 00 00 00 00 00 00  00 00 00 00 00 00 00 00  |................|
7E8630:  00 00 00 00 00 00 00 00  00 00 00 00 00 00 00 00  |................|
7E8640:  00 00 00 00 00 00 00 00  00 00 00 00 00 00 00 00  |................|
7E8650:  00 00 00 00 00 00 00 00  00 00 00 00 00 00 00 00  |................|
7E8660:  00 00 00 00 00 00 00 00  00 00 00 00 00 00 00 00  |................|
7E8670:  00 00 00 00 00 00 00 00  00 00 00 00 00 00 00 00  |................|
7E8680:  00 00 00 00 00 00 00 00  00 00 00 00 00 00 00 00  |................|
7E8690:  00 00 00 00 00 00 00 00  00 00 00 00 00 00 00 00  |................|
7E86A0:  00 00 00 00 00 00 00 00  00 00 00 00 00 00 00 00  |................|
7E86B0:  00 00 00 00 00 00 00 00  00 00 00 00 00 00 00 00  |................|
7E86C0:  00 00 00 00 00 00 00 00  00 00 00 00 00 00 00 00  |................|
7E86D0:  00 00 00 00 00 00 00 00  00 00 00 00 00 00 00 00  |................|
7E86E0:  00 00 00 00 00 00 00 00  00 00 00 00 00 00 00 00  |................|
7E86F0:  00 00 00 00 00 00 00 00  00 00 00 00 00 00 00 00  |................|
7E8700:  00 00 00 00 00 00 00 00  00 00 00 00 00 00 00 00  |................|
7E8710:  00 00 00 00 00 00 00 00  00 00 00 00 00 00 00 00  |................|
7E8720:  00 00 00 00 00 00 00 00  00 00 00 00 00 00 00 00  |................|
7E8730:  00 00 00 00 00 00 00 00  00 00 00 00 00 00 00 00  |................|
7E8740:  00 00 00 00 00 00 00 00  00 00 00 00 00 00 00 00  |................|
7E8750:  00 00 00 00 00 00 00 00  00 00 00 00 00 00 00 00  |................|
7E8760:  00 00 00 00 00 00 00 00  00 00 00 00 00 00 00 00  |................|
7E8770:  00 00 00 00 00 00 00 00  00 00 00 00 00 00 00 00  |................|
7E8780:  00 00 00 00 00 00 00 00  00 00 00 00 00 00 00 00  |................|
7E8790:  00 00 00 00 00 00 00 00  00 00 00 00 00 00 00 00  |................|
7E87A0:  00 00 00 00 00 00 00 00  00 00 00 00 00 00 00 00  |................|
7E87B0:  00 00 00 00 00 00 00 00  00 00 00 00 00 00 00 00  |................|
7E87C0:  00 00 00 00 00 00 00 00  00 00 00 00 00 00 00 00  |................|
7E87D0:  00 00 00 00 00 00 00 00  00 00 00 00 00 00 00 00  |................|
7E87E0:  00 00 00 00 00 00 00 00  00 00 00 00 00 00 00 00  |................|
7E87F0:  00 00 00 00 00 00 00 00  00 00 00 00 00 00 00 00  |................|
7E8800:  00 00 00 00 00 00 00 00  00 00 00 00 00 00 00 00  |................|
7E8810:  00 00 00 00 00 00 00 00  00 00 00 00 00 00 00 00  |................|
7E8820:  00 00 00 00 00 00 00 00  00 00 00 00 00 00 00 00  |................|
7E8830:  00 00 00 00 00 00 00 00  00 00 00 00 00 00 00 00  |................|
7E8840:  00 00 00 00 00 00 00 00  00 00 00 00 00 00 00 00  |................|
7E8850:  00 00 00 00 00 00 00 00  00 00 00 00 00 00 00 00  |................|
7E8860:  00 00 00 00 00 00 00 00  00 00 00 00 00 00 00 00  |................|
7E8870:  00 00 00 00 00 00 00 00  00 00 00 00 00 00 00 00  |................|
7E8880:  00 00 00 00 00 00 00 00  00 00 00 00 00 00 00 00  |................|
7E8890:  00 00 00 00 00 00 00 00  00 00 00 00 00 00 00 00  |................|
7E88A0:  00 00 00 00 00 00 00 00  00 00 00 00 00 00 00 00  |................|
7E88B0:  00 00 00 00 00 00 00 00  00 00 00 00 00 00 00 00  |................|
7E88C0:  00 00 00 00 00 00 00 00  00 00 00 00 00 00 00 00  |................|
7E88D0:  00 00 00 00 00 00 00 00  00 00 00 00 00 00 00 00  |................|
7E88E0:  00 00 00 00 00 00 00 00  00 00 00 00 00 00 00 00  |................|
7E88F0:  00 00 00 00 00 00 00 00  00 00 00 00 00 00 00 00  |................|
7E8900:  00 00 00 00 00 00 00 00  00 00 00 00 00 00 00 00  |................|
7E8910:  00 00 00 00 00 00 00 00  00 00 00 00 00 00 00 00  |................|
7E8920:  00 00 00 00 00 00 00 00  00 00 00 00 00 00 00 00  |................|
7E8930:  00 00 00 00 00 00 00 00  00 00 00 00 00 00 00 00  |................|
7E8940:  00 00 00 00 00 00 00 00  00 00 00 00 00 00 00 00  |................|
7E8950:  00 00 00 00 00 00 00 00  00 00 00 00 00 00 00 00  |................|
7E8960:  00 00 00 00 00 00 00 00  00 00 00 00 00 00 00 00  |................|
7E8970:  00 00 00 00 00 00 00 00  00 00 00 00 00 00 00 00  |................|
7E8980:  00 00 00 00 00 00 00 00  00 00 00 00 00 00 00 00  |................|
7E8990:  00 00 00 00 00 00 00 00  00 00 00 00 00 00 00 00  |................|
7E89A0:  00 00 00 00 00 00 00 00  00 00 00 00 00 00 00 00  |................|
7E89B0:  00 00 00 00 00 00 00 00  00 00 00 00 00 00 00 00  |................|
7E89C0:  00 00 00 00 00 00 00 00  00 00 00 00 00 00 00 00  |................|
7E89D0:  00 00 00 00 00 00 00 00  00 00 00 00 00 00 00 00  |................|
7E89E0:  00 00 00 00 00 00 00 00  00 00 00 00 00 00 00 00  |................|
7E89F0:  00 00 00 00 00 00 00 00  00 00 00 00 00 00 00 00  |................|
7E8A00:  00 00 00 00 00 00 00 00  00 00 00 00 00 00 00 00  |................|
7E8A10:  00 00 00 00 00 00 00 00  00 00 00 00 00 00 00 00  |................|
7E8A20:  00 00 00 00 00 00 00 00  00 00 00 00 00 00 00 00  |................|
7E8A30:  00 00 00 00 00 00 00 00  00 00 00 00 00 00 00 00  |................|
7E8A40:  00 00 00 00 00 00 00 00  00 00 00 00 00 00 00 00  |................|
7E8A50:  00 00 00 00 00 00 00 00  00 00 00 00 00 00 00 00  |................|
7E8A60:  00 00 00 00 00 00 00 00  00 00 00 00 00 00 00 00  |................|
7E8A70:  00 00 00 00 00 00 00 00  00 00 00 00 00 00 00 00  |................|
7E8A80:  00 00 00 00 00 00 00 00  00 00 00 00 00 00 00 00  |................|
7E8A90:  00 00 00 00 00 00 00 00  00 00 00 00 00 00 00 00  |................|
7E8AA0:  00 00 00 00 00 00 00 00  00 00 00 00 00 00 00 00  |................|
7E8AB0:  00 00 00 00 00 00 00 00  00 00 00 00 00 00 00 00  |................|
7E8AC0:  00 00 00 00 00 00 00 00  00 00 00 00 00 00 00 00  |................|
7E8AD0:  00 00 00 00 00 00 00 00  00 00 00 00 00 00 00 00  |................|
7E8AE0:  00 00 00 00 00 00 00 00  00 00 00 00 00 00 00 00  |................|
7E8AF0:  00 00 00 00 00 00 00 00  00 00 00 00 00 00 00 00  |................|
7E8B00:  00 00 00 00 00 00 00 00  00 00 00 00 00 00 00 00  |................|
7E8B10:  00 00 00 00 00 00 00 00  00 00 00 00 00 00 00 00  |................|
7E8B20:  00 00 00 00 00 00 00 00  00 00 00 00 00 00 00 00  |................|
7E8B30:  00 00 00 00 00 00 00 00  00 00 00 00 00 00 00 00  |................|
7E8B40:  00 00 00 00 00 00 00 00  00 00 00 00 00 00 00 00  |................|
7E8B50:  00 00 00 00 00 00 00 00  00 00 00 00 00 00 00 00  |................|
7E8B60:  00 00 00 00 00 00 00 00  00 00 00 00 00 00 00 00  |................|
7E8B70:  00 00 00 00 00 00 00 00  00 00 00 00 00 00 00 00  |................|
7E8B80:  00 00 00 00 00 00 00 00  00 00 00 00 00 00 00 00  |................|
7E8B90:  00 00 00 00 00 00 00 00  00 00 00 00 00 00 00 00  |................|
7E8BA0:  00 00 00 00 00 00 00 00  00 00 00 00 00 00 00 00  |................|
7E8BB0:  00 00 00 00 00 00 00 00  00 00 00 00 00 00 00 00  |................|
7E8BC0:  00 00 00 00 00 00 00 00  00 00 00 00 00 00 00 00  |................|
7E8BD0:  00 00 00 00 00 00 00 00  00 00 00 00 00 00 00 00  |................|
7E8BE0:  00 00 00 00 00 00 00 00  00 00 00 00 00 00 00 00  |................|
7E8BF0:  00 00 00 00 00 00 00 00  00 00 00 00 00 00 00 00  |................|
7E8C00:  00 00 00 00 00 00 00 00  00 00 00 00 00 00 00 00  |................|
7E8C10:  00 00 00 00 00 00 00 00  00 00 00 00 00 00 00 00  |................|
7E8C20:  00 00 00 00 00 00 00 00  00 00 00 00 00 00 00 00  |................|
7E8C30:  00 00 00 00 00 00 00 00  00 00 00 00 00 00 00 00  |................|
7E8C40:  00 00 00 00 00 00 00 00  00 00 00 00 00 00 00 00  |................|
7E8C50:  00 00 00 00 00 00 00 00  00 00 00 00 00 00 00 00  |................|
7E8C60:  00 00 00 00 00 00 00 00  00 00 00 00 00 00 00 00  |................|
7E8C70:  00 00 00 00 00 00 00 00  00 00 00 00 00 00 00 00  |................|
7E8C80:  00 00 00 00 00 00 00 00  00 00 00 00 00 00 00 00  |................|
7E8C90:  00 00 00 00 00 00 00 00  00 00 00 00 00 00 00 00  |................|
7E8CA0:  00 00 00 00 00 00 00 00  00 00 00 00 00 00 00 00  |................|
7E8CB0:  00 00 00 00 00 00 00 00  00 00 00 00 00 00 00 00  |................|
7E8CC0:  00 00 00 00 00 00 00 00  00 00 00 00 00 00 00 00  |................|
7E8CD0:  00 00 00 00 00 00 00 00  00 00 00 00 00 00 00 00  |................|
7E8CE0:  00 00 00 00 00 00 00 00  00 00 00 00 00 00 00 00  |................|
7E8CF0:  00 00 00 00 00 00 00 00  00 00 00 00 00 00 00 00  |................|
7E8D00:  00 00 00 00 00 00 00 00  00 00 00 00 00 00 00 00  |................|
7E8D10:  00 00 00 00 00 00 00 00  00 00 00 00 00 00 00 00  |................|
7E8D20:  00 00 00 00 00 00 00 00  00 00 00 00 00 00 00 00  |................|
7E8D30:  00 00 00 00 00 00 00 00  00 00 00 00 00 00 00 00  |................|
7E8D40:  00 00 00 00 00 00 00 00  00 00 00 00 00 00 00 00  |................|
7E8D50:  00 00 00 00 00 00 00 00  00 00 00 00 00 00 00 00  |................|
7E8D60:  00 00 00 00 00 00 00 00  00 00 00 00 00 00 00 00  |................|
7E8D70:  00 00 00 00 00 00 00 00  00 00 00 00 00 00 00 00  |................|
7E8D80:  00 00 00 00 00 00 00 00  00 00 00 00 00 00 00 00  |................|
7E8D90:  00 00 00 00 00 00 00 00  00 00 00 00 00 00 00 00  |................|
7E8DA0:  00 00 00 00 00 00 00 00  00 00 00 00 00 00 00 00  |................|
7E8DB0:  00 00 00 00 00 00 00 00  00 00 00 00 00 00 00 00  |................|
7E8DC0:  00 00 00 00 00 00 00 00  00 00 00 00 00 00 00 00  |................|
7E8DD0:  00 00 00 00 00 00 00 00  00 00 00 00 00 00 00 00  |................|
7E8DE0:  00 00 00 00 00 00 00 00  00 00 00 00 00 00 00 00  |................|
7E8DF0:  00 00 00 00 00 00 00 00  00 00 00 00 00 00 00 00  |................|
7E8E00:  00 00 00 00 00 00 00 00  00 00 00 00 00 00 00 00  |................|
7E8E10:  00 00 00 00 00 00 00 00  00 00 00 00 00 00 00 00  |................|
7E8E20:  00 00 00 00 00 00 00 00  00 00 00 00 00 00 00 00  |................|
7E8E30:  00 00 00 00 00 00 00 00  00 00 00 00 00 00 00 00  |................|
7E8E40:  00 00 00 00 00 00 00 00  00 00 00 00 00 00 00 00  |................|
7E8E50:  00 00 00 00 00 00 00 00  00 00 00 00 00 00 00 00  |................|
7E8E60:  00 00 00 00 00 00 00 00  00 00 00 00 00 00 00 00  |................|
7E8E70:  00 00 00 00 00 00 00 00  00 00 00 00 00 00 00 00  |................|
7E8E80:  00 00 00 00 00 00 00 00  00 00 00 00 00 00 00 00  |................|
7E8E90:  00 00 00 00 00 00 00 00  00 00 00 00 00 00 00 00  |................|
7E8EA0:  00 00 00 00 00 00 00 00  00 00 00 00 00 00 00 00  |................|
7E8EB0:  00 00 00 00 00 00 00 00  00 00 00 00 00 00 00 00  |................|
7E8EC0:  00 00 00 00 00 00 00 00  00 00 00 00 00 00 00 00  |................|
7E8ED0:  00 00 00 00 00 00 00 00  00 00 00 00 00 00 00 00  |................|
7E8EE0:  00 00 00 00 00 00 00 00  00 00 00 00 00 00 00 00  |................|
7E8EF0:  00 00 00 00 00 00 00 00  00 00 00 00 00 00 00 00  |................|
7E8F00:  00 00 00 00 00 00 00 00  00 00 00 00 00 00 00 00  |................|
7E8F10:  00 00 00 00 00 00 00 00  00 00 00 00 00 00 00 00  |................|
7E8F20:  00 00 00 00 00 00 00 00  00 00 00 00 00 00 00 00  |................|
7E8F30:  00 00 00 00 00 00 00 00  00 00 00 00 00 00 00 00  |................|
7E8F40:  00 00 00 00 00 00 00 00  00 00 00 00 00 00 00 00  |................|
7E8F50:  00 00 00 00 00 00 00 00  00 00 00 00 00 00 00 00  |................|
7E8F60:  00 00 00 00 00 00 00 00  00 00 00 00 00 00 00 00  |................|
7E8F70:  00 00 00 00 00 00 00 00  00 00 00 00 00 00 00 00  |................|
7E8F80:  00 00 00 00 00 00 00 00  00 00 00 00 00 00 00 00  |................|
7E8F90:  00 00 00 00 00 00 00 00  00 00 00 00 00 00 00 00  |................|
7E8FA0:  00 00 00 00 00 00 00 00  00 00 00 00 00 00 00 00  |................|
7E8FB0:  00 00 00 00 00 00 00 00  00 00 00 00 00 00 00 00  |................|
7E8FC0:  00 00 00 00 00 00 00 00  00 00 00 00 00 00 00 00  |................|
7E8FD0:  00 00 00 00 00 00 00 00  00 00 00 00 00 00 00 00  |................|
7E8FE0:  00 00 00 00 00 00 00 00  00 00 00 00 00 00 00 00  |................|
7E8FF0:  00 00 00 00 00 00 00 00  00 00 00 00 00 00 00 00  |................|
7E9000:  00 00 00 00 00 00 00 00  00 00 00 00 00 00 00 00  |................|
7E9010:  00 00 00 00 00 00 00 00  00 00 00 00 00 00 00 00  |................|
7E9020:  00 00 00 00 00 00 00 00  00 00 00 00 00 00 00 00  |................|
7E9030:  00 00 00 00 00 00 00 00  00 00 00 00 00 00 00 00  |................|
7E9040:  00 00 00 00 00 00 00 00  00 00 00 00 00 00 00 00  |................|
7E9050:  00 00 00 00 00 00 00 00  00 00 00 00 00 00 00 00  |................|
7E9060:  00 00 00 00 00 00 00 00  00 00 00 00 00 00 00 00  |................|
7E9070:  00 00 00 00 00 00 00 00  00 00 00 00 00 00 00 00  |................|
7E9080:  00 00 00 00 00 00 00 00  00 00 00 00 00 00 00 00  |................|
7E9090:  00 00 00 00 00 00 00 00  00 00 00 00 00 00 00 00  |................|
7E90A0:  00 00 00 00 00 00 00 00  00 00 00 00 00 00 00 00  |................|
7E90B0:  00 00 00 00 00 00 00 00  00 00 00 00 00 00 00 00  |................|
7E90C0:  00 00 00 00 00 00 00 00  00 00 00 00 00 00 00 00  |................|
7E90D0:  00 00 00 00 00 00 00 00  00 00 00 00 00 00 00 00  |................|
7E90E0:  00 00 00 00 00 00 00 00  00 00 00 00 00 00 00 00  |................|
7E90F0:  00 00 00 00 00 00 00 00  00 00 00 00 00 00 00 00  |................|
7E9100:  00 00 00 00 00 00 00 00  00 00 00 00 00 00 00 00  |................|
7E9110:  00 00 00 00 00 00 00 00  00 00 00 00 00 00 00 00  |................|
7E9120:  00 00 00 00 00 00 00 00  00 00 00 00 00 00 00 00  |................|
7E9130:  00 00 00 00 00 00 00 00  00 00 00 00 00 00 00 00  |................|
7E9140:  00 00 00 00 00 00 00 00  00 00 00 00 00 00 00 00  |................|
7E9150:  00 00 00 00 00 00 00 00  00 00 00 00 00 00 00 00  |................|
7E9160:  00 00 00 00 00 00 00 00  00 00 00 00 00 00 00 00  |................|
7E9170:  00 00 00 00 00 00 00 00  00 00 00 00 00 00 00 00  |................|
7E9180:  00 00 00 00 00 00 00 00  00 00 00 00 00 00 00 00  |................|
7E9190:  00 00 00 00 00 00 00 00  00 00 00 00 00 00 00 00  |................|
7E91A0:  00 00 00 00 00 00 00 00  00 00 00 00 00 00 00 00  |................|
7E91B0:  00 00 00 00 00 00 00 00  00 00 00 00 00 00 00 00  |................|
7E91C0:  00 00 00 00 00 00 00 00  00 00 00 00 00 00 00 00  |................|
7E91D0:  00 00 00 00 00 00 00 00  00 00 00 00 00 00 00 00  |................|
7E91E0:  00 00 00 00 00 00 00 00  00 00 00 00 00 00 00 00  |................|
7E91F0:  00 00 00 00 00 00 00 00  00 00 00 00 00 00 00 00  |................|
7E9200:  00 00 00 00 00 00 00 00  00 00 00 00 00 00 00 00  |................|
7E9210:  00 00 00 00 00 00 00 00  00 00 00 00 00 00 00 00  |................|
7E9220:  00 00 00 00 00 00 00 00  00 00 00 00 00 00 00 00  |................|
7E9230:  00 00 00 00 00 00 00 00  00 00 00 00 00 00 00 00  |................|
7E9240:  00 00 00 00 00 00 00 00  00 00 00 00 00 00 00 00  |................|
7E9250:  00 00 00 00 00 00 00 00  00 00 00 00 00 00 00 00  |................|
7E9260:  00 00 00 00 00 00 00 00  00 00 00 00 00 00 00 00  |................|
7E9270:  00 00 00 00 00 00 00 00  00 00 00 00 00 00 00 00  |................|
7E9280:  00 00 00 00 00 00 00 00  00 00 00 00 00 00 00 00  |................|
7E9290:  00 00 00 00 00 00 00 00  00 00 00 00 00 00 00 00  |................|
7E92A0:  00 00 00 00 00 00 00 00  00 00 00 00 00 00 00 00  |................|
7E92B0:  00 00 00 00 00 00 00 00  00 00 00 00 00 00 00 00  |................|
7E92C0:  00 00 00 00 00 00 00 00  00 00 00 00 00 00 00 00  |................|
7E92D0:  00 00 00 00 00 00 00 00  00 00 00 00 00 00 00 00  |................|
7E92E0:  00 00 00 00 00 00 00 00  00 00 00 00 00 00 00 00  |................|
7E92F0:  00 00 00 00 00 00 00 00  00 00 00 00 00 00 00 00  |................|
7E9300:  00 00 00 00 00 00 00 00  00 00 00 00 00 00 00 00  |................|
7E9310:  00 00 00 00 00 00 00 00  00 00 00 00 00 00 00 00  |................|
7E9320:  00 00 00 00 00 00 00 00  00 00 00 00 00 00 00 00  |................|
7E9330:  00 00 00 00 00 00 00 00  00 00 00 00 00 00 00 00  |................|
7E9340:  00 00 00 00 00 00 00 00  00 00 00 00 00 00 00 00  |................|
7E9350:  00 00 00 00 00 00 00 00  00 00 00 00 00 00 00 00  |................|
7E9360:  00 00 00 00 00 00 00 00  00 00 00 00 00 00 00 00  |................|
7E9370:  00 00 00 00 00 00 00 00  00 00 00 00 00 00 00 00  |................|
7E9380:  00 00 00 00 00 00 00 00  00 00 00 00 00 00 00 00  |................|
7E9390:  00 00 00 00 00 00 00 00  00 00 00 00 00 00 00 00  |................|
7E93A0:  00 00 00 00 00 00 00 00  00 00 00 00 00 00 00 00  |................|
7E93B0:  00 00 00 00 00 00 00 00  00 00 00 00 00 00 00 00  |................|
7E93C0:  00 00 00 00 00 00 00 00  00 00 00 00 00 00 00 00  |................|
7E93D0:  00 00 00 00 00 00 00 00  00 00 00 00 00 00 00 00  |................|
7E93E0:  00 00 00 00 00 00 00 00  00 00 00 00 00 00 00 00  |................|
7E93F0:  00 00 00 00 00 00 00 00  00 00 00 00 00 00 00 00  |................|
7E9400:  00 00 00 00 00 00 00 00  00 00 00 00 00 00 00 00  |................|
7E9410:  00 00 00 00 00 00 00 00  00 00 00 00 00 00 00 00  |................|
7E9420:  00 00 00 00 00 00 00 00  00 00 00 00 00 00 00 00  |................|
7E9430:  00 00 00 00 00 00 00 00  00 00 00 00 00 00 00 00  |................|
7E9440:  00 00 00 00 00 00 00 00  00 00 00 00 00 00 00 00  |................|
7E9450:  00 00 00 00 00 00 00 00  00 00 00 00 00 00 00 00  |................|
7E9460:  00 00 00 00 00 00 00 00  00 00 00 00 00 00 00 00  |................|
7E9470:  00 00 00 00 00 00 00 00  00 00 00 00 00 00 00 00  |................|
7E9480:  00 00 00 00 00 00 00 00  00 00 00 00 00 00 00 00  |................|
7E9490:  00 00 00 00 00 00 00 00  00 00 00 00 00 00 00 00  |................|
7E94A0:  00 00 00 00 00 00 00 00  00 00 00 00 00 00 00 00  |................|
7E94B0:  00 00 00 00 00 00 00 00  00 00 00 00 00 00 00 00  |................|
7E94C0:  00 00 00 00 00 00 00 00  00 00 00 00 00 00 00 00  |................|
7E94D0:  00 00 00 00 00 00 00 00  00 00 00 00 00 00 00 00  |................|
7E94E0:  00 00 00 00 00 00 00 00  00 00 00 00 00 00 00 00  |................|
7E94F0:  00 00 00 00 00 00 00 00  00 00 00 00 00 00 00 00  |................|
7E9500:  00 00 00 00 00 00 00 00  00 00 00 00 00 00 00 00  |................|
7E9510:  00 00 00 00 00 00 00 00  00 00 00 00 00 00 00 00  |................|
7E9520:  00 00 00 00 00 00 00 00  00 00 00 00 00 00 00 00  |................|
7E9530:  00 00 00 00 00 00 00 00  00 00 00 00 00 00 00 00  |................|
7E9540:  00 00 00 00 00 00 00 00  00 00 00 00 00 00 00 00  |................|
7E9550:  00 00 00 00 00 00 00 00  00 00 00 00 00 00 00 00  |................|
7E9560:  00 00 00 00 00 00 00 00  00 00 00 00 00 00 00 00  |................|
7E9570:  00 00 00 00 00 00 00 00  00 00 00 00 00 00 00 00  |................|
7E9580:  00 00 00 00 00 00 00 00  00 00 00 00 00 00 00 00  |................|
7E9590:  00 00 00 00 00 00 00 00  00 00 00 00 00 00 00 00  |................|
7E95A0:  00 00 00 00 00 00 00 00  00 00 00 00 00 00 00 00  |................|
7E95B0:  00 00 00 00 00 00 00 00  00 00 00 00 00 00 00 00  |................|
7E95C0:  00 00 00 00 00 00 00 00  00 00 00 00 00 00 00 00  |................|
7E95D0:  00 00 00 00 00 00 00 00  00 00 00 00 00 00 00 00  |................|
7E95E0:  00 00 00 00 00 00 00 00  00 00 00 00 00 00 00 00  |................|
7E95F0:  00 00 00 00 00 00 00 00  00 00 00 00 00 00 00 00  |................|
7E9600:  00 00 00 00 00 00 00 00  00 00 00 00 00 00 00 00  |................|
7E9610:  00 00 00 00 00 00 00 00  00 00 00 00 00 00 00 00  |................|
7E9620:  00 00 00 00 00 00 00 00  00 00 00 00 00 00 00 00  |................|
7E9630:  00 00 00 00 00 00 00 00  00 00 00 00 00 00 00 00  |................|
7E9640:  00 00 00 00 00 00 00 00  00 00 00 00 00 00 00 00  |................|
7E9650:  00 00 00 00 00 00 00 00  00 00 00 00 00 00 00 00  |................|
7E9660:  00 00 00 00 00 00 00 00  00 00 00 00 00 00 00 00  |................|
7E9670:  00 00 00 00 00 00 00 00  00 00 00 00 00 00 00 00  |................|
7E9680:  00 00 00 00 00 00 00 00  00 00 00 00 00 00 00 00  |................|
7E9690:  00 00 00 00 00 00 00 00  00 00 00 00 00 00 00 00  |................|
7E96A0:  00 00 00 00 00 00 00 00  00 00 00 00 00 00 00 00  |................|
7E96B0:  00 00 00 00 00 00 00 00  00 00 00 00 00 00 00 00  |................|
7E96C0:  00 00 00 00 00 00 00 00  00 00 00 00 00 00 00 00  |................|
7E96D0:  00 00 00 00 00 00 00 00  00 00 00 00 00 00 00 00  |................|
7E96E0:  00 00 00 00 00 00 00 00  00 00 00 00 00 00 00 00  |................|
7E96F0:  00 00 00 00 00 00 00 00  00 00 00 00 00 00 00 00  |................|
7E9700:  00 00 00 00 00 00 00 00  00 00 00 00 00 00 00 00  |................|
7E9710:  00 00 00 00 00 00 00 00  00 00 00 00 00 00 00 00  |................|
7E9720:  00 00 00 00 00 00 00 00  00 00 00 00 00 00 00 00  |................|
7E9730:  00 00 00 00 00 00 00 00  00 00 00 00 00 00 00 00  |................|
7E9740:  00 00 00 00 00 00 00 00  00 00 00 00 00 00 00 00  |................|
7E9750:  00 00 00 00 00 00 00 00  00 00 00 00 00 00 00 00  |................|
7E9760:  00 00 00 00 00 00 00 00  00 00 00 00 00 00 00 00  |................|
7E9770:  00 00 00 00 00 00 00 00  00 00 00 00 00 00 00 00  |................|
7E9780:  00 00 00 00 00 00 00 00  00 00 00 00 00 00 00 00  |................|
7E9790:  00 00 00 00 00 00 00 00  00 00 00 00 00 00 00 00  |................|
7E97A0:  00 00 00 00 00 00 00 00  00 00 00 00 00 00 00 00  |................|
7E97B0:  00 00 00 00 00 00 00 00  00 00 00 00 00 00 00 00  |................|
7E97C0:  00 00 00 00 00 00 00 00  00 00 00 00 00 00 00 00  |................|
7E97D0:  00 00 00 00 00 00 00 00  00 00 00 00 00 00 00 00  |................|
7E97E0:  00 00 00 00 00 00 00 00  00 00 00 00 00 00 00 00  |................|
7E97F0:  00 00 00 00 00 00 00 00  00 00 00 00 00 00 00 00  |................|
7E9800:  00 00 00 00 00 00 00 00  00 00 00 00 00 00 00 00  |................|
7E9810:  00 00 00 00 00 00 00 00  00 00 00 00 00 00 00 00  |................|
7E9820:  00 00 00 00 00 00 00 00  00 00 00 00 00 00 00 00  |................|
7E9830:  00 00 00 00 00 00 00 00  00 00 00 00 00 00 00 00  |................|
7E9840:  00 00 00 00 00 00 00 00  00 00 00 00 00 00 00 00  |................|
7E9850:  00 00 00 00 00 00 00 00  00 00 00 00 00 00 00 00  |................|
7E9860:  00 00 00 00 00 00 00 00  00 00 00 00 00 00 00 00  |................|
7E9870:  00 00 00 00 00 00 00 00  00 00 00 00 00 00 00 00  |................|
7E9880:  00 00 00 00 00 00 00 00  00 00 00 00 00 00 00 00  |................|
7E9890:  00 00 00 00 00 00 00 00  00 00 00 00 00 00 00 00  |................|
7E98A0:  00 00 00 00 00 00 00 00  00 00 00 00 00 00 00 00  |................|
7E98B0:  00 00 00 00 00 00 00 00  00 00 00 00 00 00 00 00  |................|
7E98C0:  00 00 00 00 00 00 00 00  00 00 00 00 00 00 00 00  |................|
7E98D0:  00 00 00 00 00 00 00 00  00 00 00 00 00 00 00 00  |................|
7E98E0:  00 00 00 00 00 00 00 00  00 00 00 00 00 00 00 00  |................|
7E98F0:  00 00 00 00 00 00 00 00  00 00 00 00 00 00 00 00  |................|
7E9900:  00 00 00 00 00 00 00 00  00 00 00 00 00 00 00 00  |................|
7E9910:  00 00 00 00 00 00 00 00  00 00 00 00 00 00 00 00  |................|
7E9920:  00 00 00 00 00 00 00 00  00 00 00 00 00 00 00 00  |................|
7E9930:  00 00 00 00 00 00 00 00  00 00 00 00 00 00 00 00  |................|
7E9940:  00 00 00 00 00 00 00 00  00 00 00 00 00 00 00 00  |................|
7E9950:  00 00 00 00 00 00 00 00  00 00 00 00 00 00 00 00  |................|
7E9960:  00 00 00 00 00 00 00 00  00 00 00 00 00 00 00 00  |................|
7E9970:  00 00 00 00 00 00 00 00  00 00 00 00 00 00 00 00  |................|
7E9980:  00 00 00 00 00 00 00 00  00 00 00 00 00 00 00 00  |................|
7E9990:  00 00 00 00 00 00 00 00  00 00 00 00 00 00 00 00  |................|
7E99A0:  00 00 00 00 00 00 00 00  00 00 00 00 00 00 00 00  |................|
7E99B0:  00 00 00 00 00 00 00 00  00 00 00 00 00 00 00 00  |................|
7E99C0:  00 00 00 00 00 00 00 00  00 00 00 00 00 00 00 00  |................|
7E99D0:  00 00 00 00 00 00 00 00  00 00 00 00 00 00 00 00  |................|
7E99E0:  00 00 00 00 00 00 00 00  00 00 00 00 00 00 00 00  |................|
7E99F0:  00 00 00 00 00 00 00 00  00 00 00 00 00 00 00 00  |................|
7E9A00:  00 00 00 00 00 00 00 00  00 00 00 00 00 00 00 00  |................|
7E9A10:  00 00 00 00 00 00 00 00  00 00 00 00 00 00 00 00  |................|
7E9A20:  00 00 00 00 00 00 00 00  00 00 00 00 00 00 00 00  |................|
7E9A30:  00 00 00 00 00 00 00 00  00 00 00 00 00 00 00 00  |................|
7E9A40:  00 00 00 00 00 00 00 00  00 00 00 00 00 00 00 00  |................|
7E9A50:  00 00 00 00 00 00 00 00  00 00 00 00 00 00 00 00  |................|
7E9A60:  00 00 00 00 00 00 00 00  00 00 00 00 00 00 00 00  |................|
7E9A70:  00 00 00 00 00 00 00 00  00 00 00 00 00 00 00 00  |................|
7E9A80:  00 00 00 00 00 00 00 00  00 00 00 00 00 00 00 00  |................|
7E9A90:  00 00 00 00 00 00 00 00  00 00 00 00 00 00 00 00  |................|
7E9AA0:  00 00 00 00 00 00 00 00  00 00 00 00 00 00 00 00  |................|
7E9AB0:  00 00 00 00 00 00 00 00  00 00 00 00 00 00 00 00  |................|
7E9AC0:  00 00 00 00 00 00 00 00  00 00 00 00 00 00 00 00  |................|
7E9AD0:  00 00 00 00 00 00 00 00  00 00 00 00 00 00 00 00  |................|
7E9AE0:  00 00 00 00 00 00 00 00  00 00 00 00 00 00 00 00  |................|
7E9AF0:  00 00 00 00 00 00 00 00  00 00 00 00 00 00 00 00  |................|
7E9B00:  00 00 00 00 00 00 00 00  00 00 00 00 00 00 00 00  |................|
7E9B10:  00 00 00 00 00 00 00 00  00 00 00 00 00 00 00 00  |................|
7E9B20:  00 00 00 00 00 00 00 00  00 00 00 00 00 00 00 00  |................|
7E9B30:  00 00 00 00 00 00 00 00  00 00 00 00 00 00 00 00  |................|
7E9B40:  00 00 00 00 00 00 00 00  00 00 00 00 00 00 00 00  |................|
7E9B50:  00 00 00 00 00 00 00 00  00 00 00 00 00 00 00 00  |................|
7E9B60:  00 00 00 00 00 00 00 00  00 00 00 00 00 00 00 00  |................|
7E9B70:  00 00 00 00 00 00 00 00  00 00 00 00 00 00 00 00  |................|
7E9B80:  00 00 00 00 00 00 00 00  00 00 00 00 00 00 00 00  |................|
7E9B90:  00 00 00 00 00 00 00 00  00 00 00 00 00 00 00 00  |................|
7E9BA0:  00 00 00 00 00 00 00 00  00 00 00 00 00 00 00 00  |................|
7E9BB0:  00 00 00 00 00 00 00 00  00 00 00 00 00 00 00 00  |................|
7E9BC0:  00 00 00 00 00 00 00 00  00 00 00 00 00 00 00 00  |................|
7E9BD0:  00 00 00 00 00 00 00 00  00 00 00 00 00 00 00 00  |................|
7E9BE0:  00 00 00 00 00 00 00 00  00 00 00 00 00 00 00 00  |................|
7E9BF0:  00 00 00 00 00 00 00 00  00 00 00 00 00 00 00 00  |................|
7E9C00:  00 00 00 00 00 00 00 00  00 00 00 00 00 00 00 00  |................|
7E9C10:  00 00 00 00 00 00 00 00  00 00 00 00 00 00 00 00  |................|
7E9C20:  00 00 00 00 00 00 00 00  00 00 00 00 00 00 00 00  |................|
7E9C30:  00 00 00 00 00 00 00 00  00 00 00 00 00 00 00 00  |................|
7E9C40:  00 00 00 00 00 00 00 00  00 00 00 00 00 00 00 00  |................|
7E9C50:  00 00 00 00 00 00 00 00  00 00 00 00 00 00 00 00  |................|
7E9C60:  00 00 00 00 00 00 00 00  00 00 00 00 00 00 00 00  |................|
7E9C70:  00 00 00 00 00 00 00 00  00 00 00 00 00 00 00 00  |................|
7E9C80:  00 00 00 00 00 00 00 00  00 00 00 00 00 00 00 00  |................|
7E9C90:  00 00 00 00 00 00 00 00  00 00 00 00 00 00 00 00  |................|
7E9CA0:  00 00 00 00 00 00 00 00  00 00 00 00 00 00 00 00  |................|
7E9CB0:  00 00 00 00 00 00 00 00  00 00 00 00 00 00 00 00  |................|
7E9CC0:  00 00 00 00 00 00 00 00  00 00 00 00 00 00 00 00  |................|
7E9CD0:  00 00 00 00 00 00 00 00  00 00 00 00 00 00 00 00  |................|
7E9CE0:  00 00 00 00 00 00 00 00  00 00 00 00 00 00 00 00  |................|
7E9CF0:  00 00 00 00 00 00 00 00  00 00 00 00 00 00 00 00  |................|
7E9D00:  00 00 00 00 00 00 00 00  00 00 00 00 00 00 00 00  |................|
7E9D10:  00 00 00 00 00 00 00 00  00 00 00 00 00 00 00 00  |................|
7E9D20:  00 00 00 00 00 00 00 00  00 00 00 00 00 00 00 00  |................|
7E9D30:  00 00 00 00 00 00 00 00  00 00 00 00 00 00 00 00  |................|
7E9D40:  00 00 00 00 00 00 00 00  00 00 00 00 00 00 00 00  |................|
7E9D50:  00 00 00 00 00 00 00 00  00 00 00 00 00 00 00 00  |................|
7E9D60:  00 00 00 00 00 00 00 00  00 00 00 00 00 00 00 00  |................|
7E9D70:  00 00 00 00 00 00 00 00  00 00 00 00 00 00 00 00  |................|
7E9D80:  00 00 00 00 00 00 00 00  00 00 00 00 00 00 00 00  |................|
7E9D90:  00 00 00 00 00 00 00 00  00 00 00 00 00 00 00 00  |................|
7E9DA0:  00 00 00 00 00 00 00 00  00 00 00 00 00 00 00 00  |................|
7E9DB0:  00 00 00 00 00 00 00 00  00 00 00 00 00 00 00 00  |................|
7E9DC0:  00 00 00 00 00 00 00 00  00 00 00 00 00 00 00 00  |................|
7E9DD0:  00 00 00 00 00 00 00 00  00 00 00 00 00 00 00 00  |................|
7E9DE0:  00 00 00 00 00 00 00 00  00 00 00 00 00 00 00 00  |................|
7E9DF0:  00 00 00 00 00 00 00 00  00 00 00 00 00 00 00 00  |................|
7E9E00:  00 00 00 00 00 00 00 00  00 00 00 00 00 00 00 00  |................|
7E9E10:  00 00 00 00 00 00 00 00  00 00 00 00 00 00 00 00  |................|
7E9E20:  00 00 00 00 00 00 00 00  00 00 00 00 00 00 00 00  |................|
7E9E30:  00 00 00 00 00 00 00 00  00 00 00 00 00 00 00 00  |................|
7E9E40:  00 00 00 00 00 00 00 00  00 00 00 00 00 00 00 00  |................|
7E9E50:  00 00 00 00 00 00 00 00  00 00 00 00 00 00 00 00  |................|
7E9E60:  00 00 00 00 00 00 00 00  00 00 00 00 00 00 00 00  |................|
7E9E70:  00 00 00 00 00 00 00 00  00 00 00 00 00 00 00 00  |................|
7E9E80:  00 00 00 00 00 00 00 00  00 00 00 00 00 00 00 00  |................|
7E9E90:  00 00 00 00 00 00 00 00  00 00 00 00 00 00 00 00  |................|
7E9EA0:  00 00 00 00 00 00 00 00  00 00 00 00 00 00 00 00  |................|
7E9EB0:  00 00 00 00 00 00 00 00  00 00 00 00 00 00 00 00  |................|
7E9EC0:  00 00 00 00 00 00 00 00  00 00 00 00 00 00 00 00  |................|
7E9ED0:  00 00 00 00 00 00 00 00  00 00 00 00 00 00 00 00  |................|
7E9EE0:  00 00 00 00 00 00 00 00  00 00 00 00 00 00 00 00  |................|
7E9EF0:  00 00 00 00 00 00 00 00  00 00 00 00 00 00 00 00  |................|
7E9F00:  00 00 00 00 00 00 00 00  00 00 00 00 00 00 00 00  |................|
7E9F10:  00 00 00 00 00 00 00 00  00 00 00 00 00 00 00 00  |................|
7E9F20:  00 00 00 00 00 00 00 00  00 00 00 00 00 00 00 00  |................|
7E9F30:  00 00 00 00 00 00 00 00  00 00 00 00 00 00 00 00  |................|
7E9F40:  00 00 00 00 00 00 00 00  00 00 00 00 00 00 00 00  |................|
7E9F50:  00 00 00 00 00 00 00 00  00 00 00 00 00 00 00 00  |................|
7E9F60:  00 00 00 00 00 00 00 00  00 00 00 00 00 00 00 00  |................|
7E9F70:  00 00 00 00 00 00 00 00  00 00 00 00 00 00 00 00  |................|
7E9F80:  00 00 00 00 00 00 00 00  00 00 00 00 00 00 00 00  |................|
7E9F90:  00 00 00 00 00 00 00 00  00 00 00 00 00 00 00 00  |................|
7E9FA0:  00 00 00 00 00 00 00 00  00 00 00 00 00 00 00 00  |................|
7E9FB0:  00 00 00 00 00 00 00 00  00 00 00 00 00 00 00 00  |................|
7E9FC0:  00 00 00 00 00 00 00 00  00 00 00 00 00 00 00 00  |................|
7E9FD0:  00 00 00 00 00 00 00 00  00 00 00 00 00 00 00 00  |................|
7E9FE0:  00 00 00 00 00 00 00 00  00 00 00 00 00 00 00 00  |................|
7E9FF0:  00 00 00 00 00 00 00 00  00 00 00 00 00 00 00 00  |................|
7EA000:  00 00 00 00 00 00 00 00  00 00 00 00 00 00 00 00  |................|
7EA010:  00 00 00 00 00 00 00 00  00 00 00 00 00 00 00 00  |................|
7EA020:  00 00 00 00 00 00 00 00  00 00 00 00 00 00 00 00  |................|
7EA030:  00 00 00 00 00 00 00 00  00 00 00 00 00 00 00 00  |................|
7EA040:  00 00 00 00 00 00 00 00  00 00 00 00 00 00 00 00  |................|
7EA050:  00 00 00 00 00 00 00 00  00 00 00 00 00 00 00 00  |................|
7EA060:  00 00 00 00 00 00 00 00  00 00 00 00 00 00 00 00  |................|
7EA070:  00 00 00 00 00 00 00 00  00 00 00 00 00 00 00 00  |................|
7EA080:  00 00 00 00 00 00 00 00  00 00 00 00 00 00 00 00  |................|
7EA090:  00 00 00 00 00 00 00 00  00 00 00 00 00 00 00 00  |................|
7EA0A0:  00 00 00 00 00 00 00 00  00 00 00 00 00 00 00 00  |................|
7EA0B0:  00 00 00 00 00 00 00 00  00 00 00 00 00 00 00 00  |................|
7EA0C0:  00 00 00 00 00 00 00 00  00 00 00 00 00 00 00 00  |................|
7EA0D0:  00 00 00 00 00 00 00 00  00 00 00 00 00 00 00 00  |................|
7EA0E0:  00 00 00 00 00 00 00 00  00 00 00 00 00 00 00 00  |................|
7EA0F0:  00 00 00 00 00 00 00 00  00 00 00 00 00 00 00 00  |................|
7EA100:  00 00 00 00 00 00 00 00  00 00 00 00 00 00 00 00  |................|
7EA110:  00 00 00 00 00 00 00 00  00 00 00 00 00 00 00 00  |................|
7EA120:  00 00 00 00 00 00 00 00  00 00 00 00 00 00 00 00  |................|
7EA130:  00 00 00 00 00 00 00 00  00 00 00 00 00 00 00 00  |................|
7EA140:  00 00 00 00 00 00 00 00  00 00 00 00 00 00 00 00  |................|
7EA150:  00 00 00 00 00 00 00 00  00 00 00 00 00 00 00 00  |................|
7EA160:  00 00 00 00 00 00 00 00  00 00 00 00 00 00 00 00  |................|
7EA170:  00 00 00 00 00 00 00 00  00 00 00 00 00 00 00 00  |................|
7EA180:  00 00 00 00 00 00 00 00  00 00 00 00 00 00 00 00  |................|
7EA190:  00 00 00 00 00 00 00 00  00 00 00 00 00 00 00 00  |................|
7EA1A0:  00 00 00 00 00 00 00 00  00 00 00 00 00 00 00 00  |................|
7EA1B0:  00 00 00 00 00 00 00 00  00 00 00 00 00 00 00 00  |................|
7EA1C0:  00 00 00 00 00 00 00 00  00 00 00 00 00 00 00 00  |................|
7EA1D0:  00 00 00 00 00 00 00 00  00 00 00 00 00 00 00 00  |................|
7EA1E0:  00 00 00 00 00 00 00 00  00 00 00 00 00 00 00 00  |................|
7EA1F0:  00 00 00 00 00 00 00 00  00 00 00 00 00 00 00 00  |................|
7EA200:  00 00 00 00 00 00 00 00  00 00 00 00 00 00 00 00  |................|
7EA210:  00 00 00 00 00 00 00 00  00 00 00 00 00 00 00 00  |................|
7EA220:  00 00 00 00 00 00 00 00  00 00 00 00 00 00 00 00  |................|
7EA230:  00 00 00 00 00 00 00 00  00 00 00 00 00 00 00 00  |................|
7EA240:  00 00 00 00 00 00 00 00  00 00 00 00 00 00 00 00  |................|
7EA250:  00 00 00 00 00 00 00 00  00 00 00 00 00 00 00 00  |................|
7EA260:  00 00 00 00 00 00 00 00  00 00 00 00 00 00 00 00  |................|
7EA270:  00 00 00 00 00 00 00 00  00 00 00 00 00 00 00 00  |................|
7EA280:  00 00 00 00 00 00 00 00  00 00 00 00 00 00 00 00  |................|
7EA290:  00 00 00 00 00 00 00 00  00 00 00 00 00 00 00 00  |................|
7EA2A0:  00 00 00 00 00 00 00 00  00 00 00 00 00 00 00 00  |................|
7EA2B0:  00 00 00 00 00 00 00 00  00 00 00 00 00 00 00 00  |................|
7EA2C0:  00 00 00 00 00 00 00 00  00 00 00 00 00 00 00 00  |................|
7EA2D0:  00 00 00 00 00 00 00 00  00 00 00 00 00 00 00 00  |................|
7EA2E0:  00 00 00 00 00 00 00 00  00 00 00 00 00 00 00 00  |................|
7EA2F0:  00 00 00 00 00 00 00 00  00 00 00 00 00 00 00 00  |................|
7EA300:  00 00 00 00 00 00 00 00  00 00 00 00 00 00 00 00  |................|
7EA310:  00 00 00 00 00 00 00 00  00 00 00 00 00 00 00 00  |................|
7EA320:  00 00 00 00 00 00 00 00  00 00 00 00 00 00 00 00  |................|
7EA330:  00 00 00 00 00 00 00 00  00 00 00 00 00 00 00 00  |................|
7EA340:  00 00 00 00 00 00 00 00  00 00 00 00 00 00 00 00  |................|
7EA350:  00 00 00 00 00 00 00 00  00 00 00 00 00 00 00 00  |................|
7EA360:  00 00 00 00 00 00 00 00  00 00 00 00 00 00 00 00  |................|
7EA370:  00 00 00 00 00 00 00 00  00 00 00 00 00 00 00 00  |................|
7EA380:  00 00 00 00 00 00 00 00  00 00 00 00 00 00 00 00  |................|
7EA390:  00 00 00 00 00 00 00 00  00 00 00 00 00 00 00 00  |................|
7EA3A0:  00 00 00 00 00 00 00 00  00 00 00 00 00 00 00 00  |................|
7EA3B0:  00 00 00 00 00 00 00 00  00 00 00 00 00 00 00 00  |................|
7EA3C0:  00 00 00 00 00 00 00 00  00 00 00 00 00 00 00 00  |................|
7EA3D0:  00 00 00 00 00 00 00 00  00 00 00 00 00 00 00 00  |................|
7EA3E0:  00 00 00 00 00 00 00 00  00 00 00 00 00 00 00 00  |................|
7EA3F0:  00 00 00 00 00 00 00 00  00 00 00 00 00 00 00 00  |................|
7EA400:  00 00 00 00 00 00 00 00  00 00 00 00 00 00 00 00  |................|
7EA410:  00 00 00 00 00 00 00 00  00 00 00 00 00 00 00 00  |................|
7EA420:  00 00 00 00 00 00 00 00  00 00 00 00 00 00 00 00  |................|
7EA430:  00 00 00 00 00 00 00 00  00 00 00 00 00 00 00 00  |................|
7EA440:  00 00 00 00 00 00 00 00  00 00 00 00 00 00 00 00  |................|
7EA450:  00 00 00 00 00 00 00 00  00 00 00 00 00 00 00 00  |................|
7EA460:  00 00 00 00 00 00 00 00  00 00 00 00 00 00 00 00  |................|
7EA470:  00 00 00 00 00 00 00 00  00 00 00 00 00 00 00 00  |................|
7EA480:  00 00 00 00 00 00 00 00  00 00 00 00 00 00 00 00  |................|
7EA490:  00 00 00 00 00 00 00 00  00 00 00 00 00 00 00 00  |................|
7EA4A0:  00 00 00 00 00 00 00 00  00 00 00 00 00 00 00 00  |................|
7EA4B0:  00 00 00 00 00 00 00 00  00 00 00 00 00 00 00 00  |................|
7EA4C0:  00 00 00 00 00 00 00 00  00 00 00 00 00 00 00 00  |................|
7EA4D0:  00 00 00 00 00 00 00 00  00 00 00 00 00 00 00 00  |................|
7EA4E0:  00 00 00 00 00 00 00 00  00 00 00 00 00 00 00 00  |................|
7EA4F0:  00 00 00 00 00 00 00 00  00 00 00 00 00 00 00 00  |................|
7EA500:  00 00 00 00 00 00 00 00  00 00 00 00 00 00 00 00  |................|
7EA510:  00 00 00 00 00 00 00 00  00 00 00 00 00 00 00 00  |................|
7EA520:  00 00 00 00 00 00 00 00  00 00 00 00 00 00 00 00  |................|
7EA530:  00 00 00 00 00 00 00 00  00 00 00 00 00 00 00 00  |................|
7EA540:  00 00 00 00 00 00 00 00  00 00 00 00 00 00 00 00  |................|
7EA550:  00 00 00 00 00 00 00 00  00 00 00 00 00 00 00 00  |................|
7EA560:  00 00 00 00 00 00 00 00  00 00 00 00 00 00 00 00  |................|
7EA570:  00 00 00 00 00 00 00 00  00 00 00 00 00 00 00 00  |................|
7EA580:  00 00 00 00 00 00 00 00  00 00 00 00 00 00 00 00  |................|
7EA590:  00 00 00 00 00 00 00 00  00 00 00 00 00 00 00 00  |................|
7EA5A0:  00 00 00 00 00 00 00 00  00 00 00 00 00 00 00 00  |................|
7EA5B0:  00 00 00 00 00 00 00 00  00 00 00 00 00 00 00 00  |................|
7EA5C0:  00 00 00 00 00 00 00 00  00 00 00 00 00 00 00 00  |................|
7EA5D0:  00 00 00 00 00 00 00 00  00 00 00 00 00 00 00 00  |................|
7EA5E0:  00 00 00 00 00 00 00 00  00 00 00 00 00 00 00 00  |................|
7EA5F0:  00 00 00 00 00 00 00 00  00 00 00 00 00 00 00 00  |................|
7EA600:  00 00 00 00 00 00 00 00  00 00 00 00 00 00 00 00  |................|
7EA610:  00 00 00 00 00 00 00 00  00 00 00 00 00 00 00 00  |................|
7EA620:  00 00 00 00 00 00 00 00  00 00 00 00 00 00 00 00  |................|
7EA630:  00 00 00 00 00 00 00 00  00 00 00 00 00 00 00 00  |................|
7EA640:  00 00 00 00 00 00 00 00  00 00 00 00 00 00 00 00  |................|
7EA650:  00 00 00 00 00 00 00 00  00 00 00 00 00 00 00 00  |................|
7EA660:  00 00 00 00 00 00 00 00  00 00 00 00 00 00 00 00  |................|
7EA670:  00 00 00 00 00 00 00 00  00 00 00 00 00 00 00 00  |................|
7EA680:  00 00 00 00 00 00 00 00  00 00 00 00 00 00 00 00  |................|
7EA690:  00 00 00 00 00 00 00 00  00 00 00 00 00 00 00 00  |................|
7EA6A0:  00 00 00 00 00 00 00 00  00 00 00 00 00 00 00 00  |................|
7EA6B0:  00 00 00 00 00 00 00 00  00 00 00 00 00 00 00 00  |................|
7EA6C0:  00 00 00 00 00 00 00 00  00 00 00 00 00 00 00 00  |................|
7EA6D0:  00 00 00 00 00 00 00 00  00 00 00 00 00 00 00 00  |................|
7EA6E0:  00 00 00 00 00 00 00 00  00 00 00 00 00 00 00 00  |................|
7EA6F0:  00 00 00 00 00 00 00 00  00 00 00 00 00 00 00 00  |................|
7EA700:  00 00 00 00 00 00 00 00  00 00 00 00 00 00 00 00  |................|
7EA710:  00 00 00 00 00 00 00 00  00 00 00 00 00 00 00 00  |................|
7EA720:  00 00 00 00 00 00 00 00  00 00 00 00 00 00 00 00  |................|
7EA730:  00 00 00 00 00 00 00 00  00 00 00 00 00 00 00 00  |................|
7EA740:  00 00 00 00 00 00 00 00  00 00 00 00 00 00 00 00  |................|
7EA750:  00 00 00 00 00 00 00 00  00 00 00 00 00 00 00 00  |................|
7EA760:  00 00 00 00 00 00 00 00  00 00 00 00 00 00 00 00  |................|
7EA770:  00 00 00 00 00 00 00 00  00 00 00 00 00 00 00 00  |................|
7EA780:  00 00 00 00 00 00 00 00  00 00 00 00 00 00 00 00  |................|
7EA790:  00 00 00 00 00 00 00 00  00 00 00 00 00 00 00 00  |................|
7EA7A0:  00 00 00 00 00 00 00 00  00 00 00 00 00 00 00 00  |................|
7EA7B0:  00 00 00 00 00 00 00 00  00 00 00 00 00 00 00 00  |................|
7EA7C0:  00 00 00 00 00 00 00 00  00 00 00 00 00 00 00 00  |................|
7EA7D0:  00 00 00 00 00 00 00 00  00 00 00 00 00 00 00 00  |................|
7EA7E0:  00 00 00 00 00 00 00 00  00 00 00 00 00 00 00 00  |................|
7EA7F0:  00 00 00 00 00 00 00 00  00 00 00 00 00 00 00 00  |................|
7EA800:  00 00 00 00 00 00 00 00  00 00 00 00 00 00 00 00  |................|
7EA810:  00 00 00 00 00 00 00 00  00 00 00 00 00 00 00 00  |................|
7EA820:  00 00 00 00 00 00 00 00  00 00 00 00 00 00 00 00  |................|
7EA830:  00 00 00 00 00 00 00 00  00 00 00 00 00 00 00 00  |................|
7EA840:  00 00 00 00 00 00 00 00  00 00 00 00 00 00 00 00  |................|
7EA850:  00 00 00 00 00 00 00 00  00 00 00 00 00 00 00 00  |................|
7EA860:  00 00 00 00 00 00 00 00  00 00 00 00 00 00 00 00  |................|
7EA870:  00 00 00 00 00 00 00 00  00 00 00 00 00 00 00 00  |................|
7EA880:  00 00 00 00 00 00 00 00  00 00 00 00 00 00 00 00  |................|
7EA890:  00 00 00 00 00 00 00 00  00 00 00 00 00 00 00 00  |................|
7EA8A0:  00 00 00 00 00 00 00 00  00 00 00 00 00 00 00 00  |................|
7EA8B0:  00 00 00 00 00 00 00 00  00 00 00 00 00 00 00 00  |................|
7EA8C0:  00 00 00 00 00 00 00 00  00 00 00 00 00 00 00 00  |................|
7EA8D0:  00 00 00 00 00 00 00 00  00 00 00 00 00 00 00 00  |................|
7EA8E0:  00 00 00 00 00 00 00 00  00 00 00 00 00 00 00 00  |................|
7EA8F0:  00 00 00 00 00 00 00 00  00 00 00 00 00 00 00 00  |................|
7EA900:  00 00 00 00 00 00 00 00  00 00 00 00 00 00 00 00  |................|
7EA910:  00 00 00 00 00 00 00 00  00 00 00 00 00 00 00 00  |................|
7EA920:  00 00 00 00 00 00 00 00  00 00 00 00 00 00 00 00  |................|
7EA930:  00 00 00 00 00 00 00 00  00 00 00 00 00 00 00 00  |................|
7EA940:  00 00 00 00 00 00 00 00  00 00 00 00 00 00 00 00  |................|
7EA950:  00 00 00 00 00 00 00 00  00 00 00 00 00 00 00 00  |................|
7EA960:  00 00 00 00 00 00 00 00  00 00 00 00 00 00 00 00  |................|
7EA970:  00 00 00 00 00 00 00 00  00 00 00 00 00 00 00 00  |................|
7EA980:  00 00 00 00 00 00 00 00  00 00 00 00 00 00 00 00  |................|
7EA990:  00 00 00 00 00 00 00 00  00 00 00 00 00 00 00 00  |................|
7EA9A0:  00 00 00 00 00 00 00 00  00 00 00 00 00 00 00 00  |................|
7EA9B0:  00 00 00 00 00 00 00 00  00 00 00 00 00 00 00 00  |................|
7EA9C0:  00 00 00 00 00 00 00 00  00 00 00 00 00 00 00 00  |................|
7EA9D0:  00 00 00 00 00 00 00 00  00 00 00 00 00 00 00 00  |................|
7EA9E0:  00 00 00 00 00 00 00 00  00 00 00 00 00 00 00 00  |................|
7EA9F0:  00 00 00 00 00 00 00 00  00 00 00 00 00 00 00 00  |................|
7EAA00:  00 00 00 00 00 00 00 00  00 00 00 00 00 00 00 00  |................|
7EAA10:  00 00 00 00 00 00 00 00  00 00 00 00 00 00 00 00  |................|
7EAA20:  00 00 00 00 00 00 00 00  00 00 00 00 00 00 00 00  |................|
7EAA30:  00 00 00 00 00 00 00 00  00 00 00 00 00 00 00 00  |................|
7EAA40:  00 00 00 00 00 00 00 00  00 00 00 00 00 00 00 00  |................|
7EAA50:  00 00 00 00 00 00 00 00  00 00 00 00 00 00 00 00  |................|
7EAA60:  00 00 00 00 00 00 00 00  00 00 00 00 00 00 00 00  |................|
7EAA70:  00 00 00 00 00 00 00 00  00 00 00 00 00 00 00 00  |................|
7EAA80:  00 00 00 00 00 00 00 00  00 00 00 00 00 00 00 00  |................|
7EAA90:  00 00 00 00 00 00 00 00  00 00 00 00 00 00 00 00  |................|
7EAAA0:  00 00 00 00 00 00 00 00  00 00 00 00 00 00 00 00  |................|
7EAAB0:  00 00 00 00 00 00 00 00  00 00 00 00 00 00 00 00  |................|
7EAAC0:  00 00 00 00 00 00 00 00  00 00 00 00 00 00 00 00  |................|
7EAAD0:  00 00 00 00 00 00 00 00  00 00 00 00 00 00 00 00  |................|
7EAAE0:  00 00 00 00 00 00 00 00  00 00 00 00 00 00 00 00  |................|
7EAAF0:  00 00 00 00 00 00 00 00  00 00 00 00 00 00 00 00  |................|
7EAB00:  00 00 00 00 00 00 00 00  00 00 00 00 00 00 00 00  |................|
7EAB10:  00 00 00 00 00 00 00 00  00 00 00 00 00 00 00 00  |................|
7EAB20:  00 00 00 00 00 00 00 00  00 00 00 00 00 00 00 00  |................|
7EAB30:  00 00 00 00 00 00 00 00  00 00 00 00 00 00 00 00  |................|
7EAB40:  00 00 00 00 00 00 00 00  00 00 00 00 00 00 00 00  |................|
7EAB50:  00 00 00 00 00 00 00 00  00 00 00 00 00 00 00 00  |................|
7EAB60:  00 00 00 00 00 00 00 00  00 00 00 00 00 00 00 00  |................|
7EAB70:  00 00 00 00 00 00 00 00  00 00 00 00 00 00 00 00  |................|
7EAB80:  00 00 00 00 00 00 00 00  00 00 00 00 00 00 00 00  |................|
7EAB90:  00 00 00 00 00 00 00 00  00 00 00 00 00 00 00 00  |................|
7EABA0:  00 00 00 00 00 00 00 00  00 00 00 00 00 00 00 00  |................|
7EABB0:  00 00 00 00 00 00 00 00  00 00 00 00 00 00 00 00  |................|
7EABC0:  00 00 00 00 00 00 00 00  00 00 00 00 00 00 00 00  |................|
7EABD0:  00 00 00 00 00 00 00 00  00 00 00 00 00 00 00 00  |................|
7EABE0:  00 00 00 00 00 00 00 00  00 00 00 00 00 00 00 00  |................|
7EABF0:  00 00 00 00 00 00 00 00  00 00 00 00 00 00 00 00  |................|
7EAC00:  00 00 00 00 00 00 00 00  00 00 00 00 00 00 00 00  |................|
7EAC10:  00 00 00 00 00 00 00 00  00 00 00 00 00 00 00 00  |................|
7EAC20:  00 00 00 00 00 00 00 00  00 00 00 00 00 00 00 00  |................|
7EAC30:  00 00 00 00 00 00 00 00  00 00 00 00 00 00 00 00  |................|
7EAC40:  00 00 00 00 00 00 00 00  00 00 00 00 00 00 00 00  |................|
7EAC50:  00 00 00 00 00 00 00 00  00 00 00 00 00 00 00 00  |................|
7EAC60:  00 00 00 00 00 00 00 00  00 00 00 00 00 00 00 00  |................|
7EAC70:  00 00 00 00 00 00 00 00  00 00 00 00 00 00 00 00  |................|
7EAC80:  00 00 00 00 00 00 00 00  00 00 00 00 00 00 00 00  |................|
7EAC90:  00 00 00 00 00 00 00 00  00 00 00 00 00 00 00 00  |................|
7EACA0:  00 00 00 00 00 00 00 00  00 00 00 00 00 00 00 00  |................|
7EACB0:  00 00 00 00 00 00 00 00  00 00 00 00 00 00 00 00  |................|
7EACC0:  00 00 00 00 00 00 00 00  00 00 00 00 00 00 00 00  |................|
7EACD0:  00 00 00 00 00 00 00 00  00 00 00 00 00 00 00 00  |................|
7EACE0:  00 00 00 00 00 00 00 00  00 00 00 00 00 00 00 00  |................|
7EACF0:  00 00 00 00 00 00 00 00  00 00 00 00 00 00 00 00  |................|
7EAD00:  00 00 00 00 00 00 00 00  00 00 00 00 00 00 00 00  |................|
7EAD10:  00 00 00 00 00 00 00 00  00 00 00 00 00 00 00 00  |................|
7EAD20:  00 00 00 00 00 00 00 00  00 00 00 00 00 00 00 00  |................|
7EAD30:  00 00 00 00 00 00 00 00  00 00 00 00 00 00 00 00  |................|
7EAD40:  00 00 00 00 00 00 00 00  00 00 00 00 00 00 00 00  |................|
7EAD50:  00 00 00 00 00 00 00 00  00 00 00 00 00 00 00 00  |................|
7EAD60:  00 00 00 00 00 00 00 00  00 00 00 00 00 00 00 00  |................|
7EAD70:  00 00 00 00 00 00 00 00  00 00 00 00 00 00 00 00  |................|
7EAD80:  00 00 00 00 00 00 00 00  00 00 00 00 00 00 00 00  |................|
7EAD90:  00 00 00 00 00 00 00 00  00 00 00 00 00 00 00 00  |................|
7EADA0:  00 00 00 00 00 00 00 00  00 00 00 00 00 00 00 00  |................|
7EADB0:  00 00 00 00 00 00 00 00  00 00 00 00 00 00 00 00  |................|
7EADC0:  00 00 00 00 00 00 00 00  00 00 00 00 00 00 00 00  |................|
7EADD0:  00 00 00 00 00 00 00 00  00 00 00 00 00 00 00 00  |................|
7EADE0:  00 00 00 00 00 00 00 00  00 00 00 00 00 00 00 00  |................|
7EADF0:  00 00 00 00 00 00 00 00  00 00 00 00 00 00 00 00  |................|
7EAE00:  00 00 00 00 00 00 00 00  00 00 00 00 00 00 00 00  |................|
7EAE10:  00 00 00 00 00 00 00 00  00 00 00 00 00 00 00 00  |................|
7EAE20:  00 00 00 00 00 00 00 00  00 00 00 00 00 00 00 00  |................|
7EAE30:  00 00 00 00 00 00 00 00  00 00 00 00 00 00 00 00  |................|
7EAE40:  00 00 00 00 00 00 00 00  00 00 00 00 00 00 00 00  |................|
7EAE50:  00 00 00 00 00 00 00 00  00 00 00 00 00 00 00 00  |................|
7EAE60:  00 00 00 00 00 00 00 00  00 00 00 00 00 00 00 00  |................|
7EAE70:  00 00 00 00 00 00 00 00  00 00 00 00 00 00 00 00  |................|
7EAE80:  00 00 00 00 00 00 00 00  00 00 00 00 00 00 00 00  |................|
7EAE90:  00 00 00 00 00 00 00 00  00 00 00 00 00 00 00 00  |................|
7EAEA0:  00 00 00 00 00 00 00 00  00 00 00 00 00 00 00 00  |................|
7EAEB0:  00 00 00 00 00 00 00 00  00 00 00 00 00 00 00 00  |................|
7EAEC0:  00 00 00 00 00 00 00 00  00 00 00 00 00 00 00 00  |................|
7EAED0:  00 00 00 00 00 00 00 00  00 00 00 00 00 00 00 00  |................|
7EAEE0:  00 00 00 00 00 00 00 00  00 00 00 00 00 00 00 00  |................|
7EAEF0:  00 00 00 00 00 00 00 00  00 00 00 00 00 00 00 00  |................|
7EAF00:  00 00 00 00 00 00 00 00  00 00 00 00 00 00 00 00  |................|
7EAF10:  00 00 00 00 00 00 00 00  00 00 00 00 00 00 00 00  |................|
7EAF20:  00 00 00 00 00 00 00 00  00 00 00 00 00 00 00 00  |................|
7EAF30:  00 00 00 00 00 00 00 00  00 00 00 00 00 00 00 00  |................|
7EAF40:  00 00 00 00 00 00 00 00  00 00 00 00 00 00 00 00  |................|
7EAF50:  00 00 00 00 00 00 00 00  00 00 00 00 00 00 00 00  |................|
7EAF60:  00 00 00 00 00 00 00 00  00 00 00 00 00 00 00 00  |................|
7EAF70:  00 00 00 00 00 00 00 00  00 00 00 00 00 00 00 00  |................|
7EAF80:  00 00 00 00 00 00 00 00  00 00 00 00 00 00 00 00  |................|
7EAF90:  00 00 00 00 00 00 00 00  00 00 00 00 00 00 00 00  |................|
7EAFA0:  00 00 00 00 00 00 00 00  00 00 00 00 00 00 00 00  |................|
7EAFB0:  00 00 00 00 00 00 00 00  00 00 00 00 00 00 00 00  |................|
7EAFC0:  00 00 00 00 00 00 00 00  00 00 00 00 00 00 00 00  |................|
7EAFD0:  00 00 00 00 00 00 00 00  00 00 00 00 00 00 00 00  |................|
7EAFE0:  00 00 00 00 00 00 00 00  00 00 00 00 00 00 00 00  |................|
7EAFF0:  00 00 00 00 00 00 00 00  00 00 00 00 00 00 00 00  |................|
7EB000:  00 00 00 00 00 00 00 00  00 00 00 00 00 00 00 00  |................|
7EB010:  00 00 00 00 00 00 00 00  00 00 00 00 00 00 00 00  |................|
7EB020:  00 00 00 00 00 00 00 00  00 00 00 00 00 00 00 00  |................|
7EB030:  00 00 00 00 00 00 00 00  00 00 00 00 00 00 00 00  |................|
7EB040:  00 00 00 00 00 00 00 00  00 00 00 00 00 00 00 00  |................|
7EB050:  00 00 00 00 00 00 00 00  00 00 00 00 00 00 00 00  |................|
7EB060:  00 00 00 00 00 00 00 00  00 00 00 00 00 00 00 00  |................|
7EB070:  00 00 00 00 00 00 00 00  00 00 00 00 00 00 00 00  |................|
7EB080:  00 00 00 00 00 00 00 00  00 00 00 00 00 00 00 00  |................|
7EB090:  00 00 00 00 00 00 00 00  00 00 00 00 00 00 00 00  |................|
7EB0A0:  00 00 00 00 00 00 00 00  00 00 00 00 00 00 00 00  |................|
7EB0B0:  00 00 00 00 00 00 00 00  00 00 00 00 00 00 00 00  |................|
7EB0C0:  00 00 00 00 00 00 00 00  00 00 00 00 00 00 00 00  |................|
7EB0D0:  00 00 00 00 00 00 00 00  00 00 00 00 00 00 00 00  |................|
7EB0E0:  00 00 00 00 00 00 00 00  00 00 00 00 00 00 00 00  |................|
7EB0F0:  00 00 00 00 00 00 00 00  00 00 00 00 00 00 00 00  |................|
7EB100:  00 00 00 00 00 00 00 00  00 00 00 00 00 00 00 00  |................|
7EB110:  00 00 00 00 00 00 00 00  00 00 00 00 00 00 00 00  |................|
7EB120:  00 00 00 00 00 00 00 00  00 00 00 00 00 00 00 00  |................|
7EB130:  00 00 00 00 00 00 00 00  00 00 00 00 00 00 00 00  |................|
7EB140:  00 00 00 00 00 00 00 00  00 00 00 00 00 00 00 00  |................|
7EB150:  00 00 00 00 00 00 00 00  00 00 00 00 00 00 00 00  |................|
7EB160:  00 00 00 00 00 00 00 00  00 00 00 00 00 00 00 00  |................|
7EB170:  00 00 00 00 00 00 00 00  00 00 00 00 00 00 00 00  |................|
7EB180:  00 00 00 00 00 00 00 00  00 00 00 00 00 00 00 00  |................|
7EB190:  00 00 00 00 00 00 00 00  00 00 00 00 00 00 00 00  |................|
7EB1A0:  00 00 00 00 00 00 00 00  00 00 00 00 00 00 00 00  |................|
7EB1B0:  00 00 00 00 00 00 00 00  00 00 00 00 00 00 00 00  |................|
7EB1C0:  00 00 00 00 00 00 00 00  00 00 00 00 00 00 00 00  |................|
7EB1D0:  00 00 00 00 00 00 00 00  00 00 00 00 00 00 00 00  |................|
7EB1E0:  00 00 00 00 00 00 00 00  00 00 00 00 00 00 00 00  |................|
7EB1F0:  00 00 00 00 00 00 00 00  00 00 00 00 00 00 00 00  |................|
7EB200:  00 00 00 00 00 00 00 00  00 00 00 00 00 00 00 00  |................|
7EB210:  00 00 00 00 00 00 00 00  00 00 00 00 00 00 00 00  |................|
7EB220:  00 00 00 00 00 00 00 00  00 00 00 00 00 00 00 00  |................|
7EB230:  00 00 00 00 00 00 00 00  00 00 00 00 00 00 00 00  |................|
7EB240:  00 00 00 00 00 00 00 00  00 00 00 00 00 00 00 00  |................|
7EB250:  00 00 00 00 00 00 00 00  00 00 00 00 00 00 00 00  |................|
7EB260:  00 00 00 00 00 00 00 00  00 00 00 00 00 00 00 00  |................|
7EB270:  00 00 00 00 00 00 00 00  00 00 00 00 00 00 00 00  |................|
7EB280:  00 00 00 00 00 00 00 00  00 00 00 00 00 00 00 00  |................|
7EB290:  00 00 00 00 00 00 00 00  00 00 00 00 00 00 00 00  |................|
7EB2A0:  00 00 00 00 00 00 00 00  00 00 00 00 00 00 00 00  |................|
7EB2B0:  00 00 00 00 00 00 00 00  00 00 00 00 00 00 00 00  |................|
7EB2C0:  00 00 00 00 00 00 00 00  00 00 00 00 00 00 00 00  |................|
7EB2D0:  00 00 00 00 00 00 00 00  00 00 00 00 00 00 00 00  |................|
7EB2E0:  00 00 00 00 00 00 00 00  00 00 00 00 00 00 00 00  |................|
7EB2F0:  00 00 00 00 00 00 00 00  00 00 00 00 00 00 00 00  |................|
7EB300:  00 00 00 00 00 00 00 00  00 00 00 00 00 00 00 00  |................|
7EB310:  00 00 00 00 00 00 00 00  00 00 00 00 00 00 00 00  |................|
7EB320:  00 00 00 00 00 00 00 00  00 00 00 00 00 00 00 00  |................|
7EB330:  00 00 00 00 00 00 00 00  00 00 00 00 00 00 00 00  |................|
7EB340:  00 00 00 00 00 00 00 00  00 00 00 00 00 00 00 00  |................|
7EB350:  00 00 00 00 00 00 00 00  00 00 00 00 00 00 00 00  |................|
7EB360:  00 00 00 00 00 00 00 00  00 00 00 00 00 00 00 00  |................|
7EB370:  00 00 00 00 00 00 00 00  00 00 00 00 00 00 00 00  |................|
7EB380:  00 00 00 00 00 00 00 00  00 00 00 00 00 00 00 00  |................|
7EB390:  00 00 00 00 00 00 00 00  00 00 00 00 00 00 00 00  |................|
7EB3A0:  00 00 00 00 00 00 00 00  00 00 00 00 00 00 00 00  |................|
7EB3B0:  00 00 00 00 00 00 00 00  00 00 00 00 00 00 00 00  |................|
7EB3C0:  00 00 00 00 00 00 00 00  00 00 00 00 00 00 00 00  |................|
7EB3D0:  00 00 00 00 00 00 00 00  00 00 00 00 00 00 00 00  |................|
7EB3E0:  00 00 00 00 00 00 00 00  00 00 00 00 00 00 00 00  |................|
7EB3F0:  00 00 00 00 00 00 00 00  00 00 00 00 00 00 00 00  |................|
7EB400:  00 00 00 00 00 00 00 00  00 00 00 00 00 00 00 00  |................|
7EB410:  00 00 00 00 00 00 00 00  00 00 00 00 00 00 00 00  |................|
7EB420:  00 00 00 00 00 00 00 00  00 00 00 00 00 00 00 00  |................|
7EB430:  00 00 00 00 00 00 00 00  00 00 00 00 00 00 00 00  |................|
7EB440:  00 00 00 00 00 00 00 00  00 00 00 00 00 00 00 00  |................|
7EB450:  00 00 00 00 00 00 00 00  00 00 00 00 00 00 00 00  |................|
7EB460:  00 00 00 00 00 00 00 00  00 00 00 00 00 00 00 00  |................|
7EB470:  00 00 00 00 00 00 00 00  00 00 00 00 00 00 00 00  |................|
7EB480:  00 00 00 00 00 00 00 00  00 00 00 00 00 00 00 00  |................|
7EB490:  00 00 00 00 00 00 00 00  00 00 00 00 00 00 00 00  |................|
7EB4A0:  00 00 00 00 00 00 00 00  00 00 00 00 00 00 00 00  |................|
7EB4B0:  00 00 00 00 00 00 00 00  00 00 00 00 00 00 00 00  |................|
7EB4C0:  00 00 00 00 00 00 00 00  00 00 00 00 00 00 00 00  |................|
7EB4D0:  00 00 00 00 00 00 00 00  00 00 00 00 00 00 00 00  |................|
7EB4E0:  00 00 00 00 00 00 00 00  00 00 00 00 00 00 00 00  |................|
7EB4F0:  00 00 00 00 00 00 00 00  00 00 00 00 00 00 00 00  |................|
7EB500:  00 00 00 00 00 00 00 00  00 00 00 00 00 00 00 00  |................|
7EB510:  00 00 00 00 00 00 00 00  00 00 00 00 00 00 00 00  |................|
7EB520:  00 00 00 00 00 00 00 00  00 00 00 00 00 00 00 00  |................|
7EB530:  00 00 00 00 00 00 00 00  00 00 00 00 00 00 00 00  |................|
7EB540:  00 00 00 00 00 00 00 00  00 00 00 00 00 00 00 00  |................|
7EB550:  00 00 00 00 00 00 00 00  00 00 00 00 00 00 00 00  |................|
7EB560:  00 00 00 00 00 00 00 00  00 00 00 00 00 00 00 00  |................|
7EB570:  00 00 00 00 00 00 00 00  00 00 00 00 00 00 00 00  |................|
7EB580:  00 00 00 00 00 00 00 00  00 00 00 00 00 00 00 00  |................|
7EB590:  00 00 00 00 00 00 00 00  00 00 00 00 00 00 00 00  |................|
7EB5A0:  00 00 00 00 00 00 00 00  00 00 00 00 00 00 00 00  |................|
7EB5B0:  00 00 00 00 00 00 00 00  00 00 00 00 00 00 00 00  |................|
7EB5C0:  00 00 00 00 00 00 00 00  00 00 00 00 00 00 00 00  |................|
7EB5D0:  00 00 00 00 00 00 00 00  00 00 00 00 00 00 00 00  |................|
7EB5E0:  00 00 00 00 00 00 00 00  00 00 00 00 00 00 00 00  |................|
7EB5F0:  00 00 00 00 00 00 00 00  00 00 00 00 00 00 00 00  |................|
7EB600:  00 00 00 00 00 00 00 00  00 00 00 00 00 00 00 00  |................|
7EB610:  00 00 00 00 00 00 00 00  00 00 00 00 00 00 00 00  |................|
7EB620:  00 00 00 00 00 00 00 00  00 00 00 00 00 00 00 00  |................|
7EB630:  00 00 00 00 00 00 00 00  00 00 00 00 00 00 00 00  |................|
7EB640:  00 00 00 00 00 00 00 00  00 00 00 00 00 00 00 00  |................|
7EB650:  00 00 00 00 00 00 00 00  00 00 00 00 00 00 00 00  |................|
7EB660:  00 00 00 00 00 00 00 00  00 00 00 00 00 00 00 00  |................|
7EB670:  00 00 00 00 00 00 00 00  00 00 00 00 00 00 00 00  |................|
7EB680:  00 00 00 00 00 00 00 00  00 00 00 00 00 00 00 00  |................|
7EB690:  00 00 00 00 00 00 00 00  00 00 00 00 00 00 00 00  |................|
7EB6A0:  00 00 00 00 00 00 00 00  00 00 00 00 00 00 00 00  |................|
7EB6B0:  00 00 00 00 00 00 00 00  00 00 00 00 00 00 00 00  |................|
7EB6C0:  00 00 00 00 00 00 00 00  00 00 00 00 00 00 00 00  |................|
7EB6D0:  00 00 00 00 00 00 00 00  00 00 00 00 00 00 00 00  |................|
7EB6E0:  00 00 00 00 00 00 00 00  00 00 00 00 00 00 00 00  |................|
7EB6F0:  00 00 00 00 00 00 00 00  00 00 00 00 00 00 00 00  |................|
7EB700:  00 00 00 00 00 00 00 00  00 00 00 00 00 00 00 00  |................|
7EB710:  00 00 00 00 00 00 00 00  00 00 00 00 00 00 00 00  |................|
7EB720:  00 00 00 00 00 00 00 00  00 00 00 00 00 00 00 00  |................|
7EB730:  00 00 00 00 00 00 00 00  00 00 00 00 00 00 00 00  |................|
7EB740:  00 00 00 00 00 00 00 00  00 00 00 00 00 00 00 00  |................|
7EB750:  00 00 00 00 00 00 00 00  00 00 00 00 00 00 00 00  |................|
7EB760:  00 00 00 00 00 00 00 00  00 00 00 00 00 00 00 00  |................|
7EB770:  00 00 00 00 00 00 00 00  00 00 00 00 00 00 00 00  |................|
7EB780:  00 00 00 00 00 00 00 00  00 00 00 00 00 00 00 00  |................|
7EB790:  00 00 00 00 00 00 00 00  00 00 00 00 00 00 00 00  |................|
7EB7A0:  00 00 00 00 00 00 00 00  00 00 00 00 00 00 00 00  |................|
7EB7B0:  00 00 00 00 00 00 00 00  00 00 00 00 00 00 00 00  |................|
7EB7C0:  00 00 00 00 00 00 00 00  00 00 00 00 00 00 00 00  |................|
7EB7D0:  00 00 00 00 00 00 00 00  00 00 00 00 00 00 00 00  |................|
7EB7E0:  00 00 00 00 00 00 00 00  00 00 00 00 00 00 00 00  |................|
7EB7F0:  00 00 00 00 00 00 00 00  00 00 00 00 00 00 00 00  |................|
7EB800:  00 00 00 00 00 00 00 00  00 00 00 00 00 00 00 00  |................|
7EB810:  00 00 00 00 00 00 00 00  00 00 00 00 00 00 00 00  |................|
7EB820:  00 00 00 00 00 00 00 00  00 00 00 00 00 00 00 00  |................|
7EB830:  00 00 00 00 00 00 00 00  00 00 00 00 00 00 00 00  |................|
7EB840:  00 00 00 00 00 00 00 00  00 00 00 00 00 00 00 00  |................|
7EB850:  00 00 00 00 00 00 00 00  00 00 00 00 00 00 00 00  |................|
7EB860:  00 00 00 00 00 00 00 00  00 00 00 00 00 00 00 00  |................|
7EB870:  00 00 00 00 00 00 00 00  00 00 00 00 00 00 00 00  |................|
7EB880:  00 00 00 00 00 00 00 00  00 00 00 00 00 00 00 00  |................|
7EB890:  00 00 00 00 00 00 00 00  00 00 00 00 00 00 00 00  |................|
7EB8A0:  00 00 00 00 00 00 00 00  00 00 00 00 00 00 00 00  |................|
7EB8B0:  00 00 00 00 00 00 00 00  00 00 00 00 00 00 00 00  |................|
7EB8C0:  00 00 00 00 00 00 00 00  00 00 00 00 00 00 00 00  |................|
7EB8D0:  00 00 00 00 00 00 00 00  00 00 00 00 00 00 00 00  |................|
7EB8E0:  00 00 00 00 00 00 00 00  00 00 00 00 00 00 00 00  |................|
7EB8F0:  00 00 00 00 00 00 00 00  00 00 00 00 00 00 00 00  |................|
7EB900:  00 00 00 00 00 00 00 00  00 00 00 00 00 00 00 00  |................|
7EB910:  00 00 00 00 00 00 00 00  00 00 00 00 00 00 00 00  |................|
7EB920:  00 00 00 00 00 00 00 00  00 00 00 00 00 00 00 00  |................|
7EB930:  00 00 00 00 00 00 00 00  00 00 00 00 00 00 00 00  |................|
7EB940:  00 00 00 00 00 00 00 00  00 00 00 00 00 00 00 00  |................|
7EB950:  00 00 00 00 00 00 00 00  00 00 00 00 00 00 00 00  |................|
7EB960:  00 00 00 00 00 00 00 00  00 00 00 00 00 00 00 00  |................|
7EB970:  00 00 00 00 00 00 00 00  00 00 00 00 00 00 00 00  |................|
7EB980:  00 00 00 00 00 00 00 00  00 00 00 00 00 00 00 00  |................|
7EB990:  00 00 00 00 00 00 00 00  00 00 00 00 00 00 00 00  |................|
7EB9A0:  00 00 00 00 00 00 00 00  00 00 00 00 00 00 00 00  |................|
7EB9B0:  00 00 00 00 00 00 00 00  00 00 00 00 00 00 00 00  |................|
7EB9C0:  00 00 00 00 00 00 00 00  00 00 00 00 00 00 00 00  |................|
7EB9D0:  00 00 00 00 00 00 00 00  00 00 00 00 00 00 00 00  |................|
7EB9E0:  00 00 00 00 00 00 00 00  00 00 00 00 00 00 00 00  |................|
7EB9F0:  00 00 00 00 00 00 00 00  00 00 00 00 00 00 00 00  |................|
7EBA00:  00 00 00 00 00 00 00 00  00 00 00 00 00 00 00 00  |................|
7EBA10:  00 00 00 00 00 00 00 00  00 00 00 00 00 00 00 00  |................|
7EBA20:  00 00 00 00 00 00 00 00  00 00 00 00 00 00 00 00  |................|
7EBA30:  00 00 00 00 00 00 00 00  00 00 00 00 00 00 00 00  |................|
7EBA40:  00 00 00 00 00 00 00 00  00 00 00 00 00 00 00 00  |................|
7EBA50:  00 00 00 00 00 00 00 00  00 00 00 00 00 00 00 00  |................|
7EBA60:  00 00 00 00 00 00 00 00  00 00 00 00 00 00 00 00  |................|
7EBA70:  00 00 00 00 00 00 00 00  00 00 00 00 00 00 00 00  |................|
7EBA80:  00 00 00 00 00 00 00 00  00 00 00 00 00 00 00 00  |................|
7EBA90:  00 00 00 00 00 00 00 00  00 00 00 00 00 00 00 00  |................|
7EBAA0:  00 00 00 00 00 00 00 00  00 00 00 00 00 00 00 00  |................|
7EBAB0:  00 00 00 00 00 00 00 00  00 00 00 00 00 00 00 00  |................|
7EBAC0:  00 00 00 00 00 00 00 00  00 00 00 00 00 00 00 00  |................|
7EBAD0:  00 00 00 00 00 00 00 00  00 00 00 00 00 00 00 00  |................|
7EBAE0:  00 00 00 00 00 00 00 00  00 00 00 00 00 00 00 00  |................|
7EBAF0:  00 00 00 00 00 00 00 00  00 00 00 00 00 00 00 00  |................|
7EBB00:  00 00 00 00 00 00 00 00  00 00 00 00 00 00 00 00  |................|
7EBB10:  00 00 00 00 00 00 00 00  00 00 00 00 00 00 00 00  |................|
7EBB20:  00 00 00 00 00 00 00 00  00 00 00 00 00 00 00 00  |................|
7EBB30:  00 00 00 00 00 00 00 00  00 00 00 00 00 00 00 00  |................|
7EBB40:  00 00 00 00 00 00 00 00  00 00 00 00 00 00 00 00  |................|
7EBB50:  00 00 00 00 00 00 00 00  00 00 00 00 00 00 00 00  |................|
7EBB60:  00 00 00 00 00 00 00 00  00 00 00 00 00 00 00 00  |................|
7EBB70:  00 00 00 00 00 00 00 00  00 00 00 00 00 00 00 00  |................|
7EBB80:  00 00 00 00 00 00 00 00  00 00 00 00 00 00 00 00  |................|
7EBB90:  00 00 00 00 00 00 00 00  00 00 00 00 00 00 00 00  |................|
7EBBA0:  00 00 00 00 00 00 00 00  00 00 00 00 00 00 00 00  |................|
7EBBB0:  00 00 00 00 00 00 00 00  00 00 00 00 00 00 00 00  |................|
7EBBC0:  00 00 00 00 00 00 00 00  00 00 00 00 00 00 00 00  |................|
7EBBD0:  00 00 00 00 00 00 00 00  00 00 00 00 00 00 00 00  |................|
7EBBE0:  00 00 00 00 00 00 00 00  00 00 00 00 00 00 00 00  |................|
7EBBF0:  00 00 00 00 00 00 00 00  00 00 00 00 00 00 00 00  |................|
7EBC00:  00 00 00 00 00 00 00 00  00 00 00 00 00 00 00 00  |................|
7EBC10:  00 00 00 00 00 00 00 00  00 00 00 00 00 00 00 00  |................|
7EBC20:  00 00 00 00 00 00 00 00  00 00 00 00 00 00 00 00  |................|
7EBC30:  00 00 00 00 00 00 00 00  00 00 00 00 00 00 00 00  |................|
7EBC40:  00 00 00 00 00 00 00 00  00 00 00 00 00 00 00 00  |................|
7EBC50:  00 00 00 00 00 00 00 00  00 00 00 00 00 00 00 00  |................|
7EBC60:  00 00 00 00 00 00 00 00  00 00 00 00 00 00 00 00  |................|
7EBC70:  00 00 00 00 00 00 00 00  00 00 00 00 00 00 00 00  |................|
7EBC80:  00 00 00 00 00 00 00 00  00 00 00 00 00 00 00 00  |................|
7EBC90:  00 00 00 00 00 00 00 00  00 00 00 00 00 00 00 00  |................|
7EBCA0:  00 00 00 00 00 00 00 00  00 00 00 00 00 00 00 00  |................|
7EBCB0:  00 00 00 00 00 00 00 00  00 00 00 00 00 00 00 00  |................|
7EBCC0:  00 00 00 00 00 00 00 00  00 00 00 00 00 00 00 00  |................|
7EBCD0:  00 00 00 00 00 00 00 00  00 00 00 00 00 00 00 00  |................|
7EBCE0:  00 00 00 00 00 00 00 00  00 00 00 00 00 00 00 00  |................|
7EBCF0:  00 00 00 00 00 00 00 00  00 00 00 00 00 00 00 00  |................|
7EBD00:  00 00 00 00 00 00 00 00  00 00 00 00 00 00 00 00  |................|
7EBD10:  00 00 00 00 00 00 00 00  00 00 00 00 00 00 00 00  |................|
7EBD20:  00 00 00 00 00 00 00 00  00 00 00 00 00 00 00 00  |................|
7EBD30:  00 00 00 00 00 00 00 00  00 00 00 00 00 00 00 00  |................|
7EBD40:  00 00 00 00 00 00 00 00  00 00 00 00 00 00 00 00  |................|
7EBD50:  00 00 00 00 00 00 00 00  00 00 00 00 00 00 00 00  |................|
7EBD60:  00 00 00 00 00 00 00 00  00 00 00 00 00 00 00 00  |................|
7EBD70:  00 00 00 00 00 00 00 00  00 00 00 00 00 00 00 00  |................|
7EBD80:  00 00 00 00 00 00 00 00  00 00 00 00 00 00 00 00  |................|
7EBD90:  00 00 00 00 00 00 00 00  00 00 00 00 00 00 00 00  |................|
7EBDA0:  00 00 00 00 00 00 00 00  00 00 00 00 00 00 00 00  |................|
7EBDB0:  00 00 00 00 00 00 00 00  00 00 00 00 00 00 00 00  |................|
7EBDC0:  00 00 00 00 00 00 00 00  00 00 00 00 00 00 00 00  |................|
7EBDD0:  00 00 00 00 00 00 00 00  00 00 00 00 00 00 00 00  |................|
7EBDE0:  00 00 00 00 00 00 00 00  00 00 00 00 00 00 00 00  |................|
7EBDF0:  00 00 00 00 00 00 00 00  00 00 00 00 00 00 00 00  |................|
7EBE00:  00 00 00 00 00 00 00 00  00 00 00 00 00 00 00 00  |................|
7EBE10:  00 00 00 00 00 00 00 00  00 00 00 00 00 00 00 00  |................|
7EBE20:  00 00 00 00 00 00 00 00  00 00 00 00 00 00 00 00  |................|
7EBE30:  00 00 00 00 00 00 00 00  00 00 00 00 00 00 00 00  |................|
7EBE40:  00 00 00 00 00 00 00 00  00 00 00 00 00 00 00 00  |................|
7EBE50:  00 00 00 00 00 00 00 00  00 00 00 00 00 00 00 00  |................|
7EBE60:  00 00 00 00 00 00 00 00  00 00 00 00 00 00 00 00  |................|
7EBE70:  00 00 00 00 00 00 00 00  00 00 00 00 00 00 00 00  |................|
7EBE80:  00 00 00 00 00 00 00 00  00 00 00 00 00 00 00 00  |................|
7EBE90:  00 00 00 00 00 00 00 00  00 00 00 00 00 00 00 00  |................|
7EBEA0:  00 00 00 00 00 00 00 00  00 00 00 00 00 00 00 00  |................|
7EBEB0:  00 00 00 00 00 00 00 00  00 00 00 00 00 00 00 00  |................|
7EBEC0:  00 00 00 00 00 00 00 00  00 00 00 00 00 00 00 00  |................|
7EBED0:  00 00 00 00 00 00 00 00  00 00 00 00 00 00 00 00  |................|
7EBEE0:  00 00 00 00 00 00 00 00  00 00 00 00 00 00 00 00  |................|
7EBEF0:  00 00 00 00 00 00 00 00  00 00 00 00 00 00 00 00  |................|
7EBF00:  00 00 00 00 00 00 00 00  00 00 00 00 00 00 00 00  |................|
7EBF10:  00 00 00 00 00 00 00 00  00 00 00 00 00 00 00 00  |................|
7EBF20:  00 00 00 00 00 00 00 00  00 00 00 00 00 00 00 00  |................|
7EBF30:  00 00 00 00 00 00 00 00  00 00 00 00 00 00 00 00  |................|
7EBF40:  00 00 00 00 00 00 00 00  00 00 00 00 00 00 00 00  |................|
7EBF50:  00 00 00 00 00 00 00 00  00 00 00 00 00 00 00 00  |................|
7EBF60:  00 00 00 00 00 00 00 00  00 00 00 00 00 00 00 00  |................|
7EBF70:  00 00 00 00 00 00 00 00  00 00 00 00 00 00 00 00  |................|
7EBF80:  00 00 00 00 00 00 00 00  00 00 00 00 00 00 00 00  |................|
7EBF90:  00 00 00 00 00 00 00 00  00 00 00 00 00 00 00 00  |................|
7EBFA0:  00 00 00 00 00 00 00 00  00 00 00 00 00 00 00 00  |................|
7EBFB0:  00 00 00 00 00 00 00 00  00 00 00 00 00 00 00 00  |................|
7EBFC0:  00 00 00 00 00 00 00 00  00 00 00 00 00 00 00 00  |................|
7EBFD0:  00 00 00 00 00 00 00 00  00 00 00 00 00 00 00 00  |................|
7EBFE0:  00 00 00 00 00 00 00 00  00 00 00 00 00 00 00 00  |................|
7EBFF0:  00 00 00 00 00 00 00 00  00 00 00 00 00 00 00 00  |................|
7EC000:  00 00 00 00 00 00 00 00  00 00 00 00 00 00 00 00  |................|
7EC010:  00 00 00 00 00 00 00 00  00 00 00 00 00 00 00 00  |................|
7EC020:  00 00 00 00 00 00 00 00  00 00 00 00 00 00 00 00  |................|
7EC030:  00 00 00 00 00 00 00 00  00 00 00 00 00 00 00 00  |................|
7EC040:  00 00 00 00 00 00 00 00  00 00 00 00 00 00 00 00  |................|
7EC050:  00 00 00 00 00 00 00 00  00 00 00 00 00 00 00 00  |................|
7EC060:  00 00 00 00 00 00 00 00  00 00 00 00 00 00 00 00  |................|
7EC070:  00 00 00 00 00 00 00 00  00 00 00 00 00 00 00 00  |................|
7EC080:  00 00 00 00 00 00 00 00  00 00 00 00 00 00 00 00  |................|
7EC090:  00 00 00 00 00 00 00 00  00 00 00 00 00 00 00 00  |................|
7EC0A0:  00 00 00 00 00 00 00 00  00 00 00 00 00 00 00 00  |................|
7EC0B0:  00 00 00 00 00 00 00 00  00 00 00 00 00 00 00 00  |................|
7EC0C0:  00 00 00 00 00 00 00 00  00 00 00 00 00 00 00 00  |................|
7EC0D0:  00 00 00 00 00 00 00 00  00 00 00 00 00 00 00 00  |................|
7EC0E0:  00 00 00 00 00 00 00 00  00 00 00 00 00 00 00 00  |................|
7EC0F0:  00 00 00 00 00 00 00 00  00 00 00 00 00 00 00 00  |................|
7EC100:  00 00 00 00 00 00 00 00  00 00 00 00 00 00 00 00  |................|
7EC110:  00 00 00 00 00 00 00 00  00 00 00 00 00 00 00 00  |................|
7EC120:  00 00 00 00 00 00 00 00  00 00 00 00 00 00 00 00  |................|
7EC130:  00 00 00 00 00 00 00 00  00 00 00 00 00 00 00 00  |................|
7EC140:  00 00 00 00 00 00 00 00  00 00 00 00 00 00 00 00  |................|
7EC150:  00 00 00 00 00 00 00 00  00 00 00 00 00 00 00 00  |................|
7EC160:  00 00 00 00 00 00 00 00  00 00 00 00 00 00 00 00  |................|
7EC170:  00 00 00 00 00 00 00 00  00 00 00 00 00 00 00 00  |................|
7EC180:  00 00 00 00 00 00 00 00  00 00 00 00 00 00 00 00  |................|
7EC190:  00 00 00 00 00 00 00 00  00 00 00 00 00 00 00 00  |................|
7EC1A0:  00 00 00 00 00 00 00 00  00 00 00 00 00 00 00 00  |................|
7EC1B0:  00 00 00 00 00 00 00 00  00 00 00 00 00 00 00 00  |................|
7EC1C0:  00 00 00 00 00 00 00 00  00 00 00 00 00 00 00 00  |................|
7EC1D0:  00 00 00 00 00 00 00 00  00 00 00 00 00 00 00 00  |................|
7EC1E0:  00 00 00 00 00 00 00 00  00 00 00 00 00 00 00 00  |................|
7EC1F0:  00 00 00 00 00 00 00 00  00 00 00 00 00 00 00 00  |................|
7EC200:  00 00 00 00 00 00 00 00  00 00 00 00 00 00 00 00  |................|
7EC210:  00 00 00 00 00 00 00 00  00 00 00 00 00 00 00 00  |................|
7EC220:  00 00 00 00 00 00 00 00  00 00 00 00 00 00 00 00  |................|
7EC230:  00 00 00 00 00 00 00 00  00 00 00 00 00 00 00 00  |................|
7EC240:  00 00 00 00 00 00 00 00  00 00 00 00 00 00 00 00  |................|
7EC250:  00 00 00 00 00 00 00 00  00 00 00 00 00 00 00 00  |................|
7EC260:  00 00 00 00 00 00 00 00  00 00 00 00 00 00 00 00  |................|
7EC270:  00 00 00 00 00 00 00 00  00 00 00 00 00 00 00 00  |................|
7EC280:  00 00 00 00 00 00 00 00  00 00 00 00 00 00 00 00  |................|
7EC290:  00 00 00 00 00 00 00 00  00 00 00 00 00 00 00 00  |................|
7EC2A0:  00 00 00 00 00 00 00 00  00 00 00 00 00 00 00 00  |................|
7EC2B0:  00 00 00 00 00 00 00 00  00 00 00 00 00 00 00 00  |................|
7EC2C0:  00 00 00 00 00 00 00 00  00 00 00 00 00 00 00 00  |................|
7EC2D0:  00 00 00 00 00 00 00 00  00 00 00 00 00 00 00 00  |................|
7EC2E0:  00 00 00 00 00 00 00 00  00 00 00 00 00 00 00 00  |................|
7EC2F0:  00 00 00 00 00 00 00 00  00 00 00 00 00 00 00 00  |................|
7EC300:  00 00 00 00 00 00 00 00  00 00 00 00 00 00 00 00  |................|
7EC310:  00 00 00 00 00 00 00 00  00 00 00 00 00 00 00 00  |................|
7EC320:  00 00 00 00 00 00 00 00  00 00 00 00 00 00 00 00  |................|
7EC330:  00 00 00 00 00 00 00 00  00 00 00 00 00 00 00 00  |................|
7EC340:  00 00 00 00 00 00 00 00  00 00 00 00 00 00 00 00  |................|
7EC350:  00 00 00 00 00 00 00 00  00 00 00 00 00 00 00 00  |................|
7EC360:  00 00 00 00 00 00 00 00  00 00 00 00 00 00 00 00  |................|
7EC370:  00 00 00 00 00 00 00 00  00 00 00 00 00 00 00 00  |................|
7EC380:  00 00 00 00 00 00 00 00  00 00 00 00 00 00 00 00  |................|
7EC390:  00 00 00 00 00 00 00 00  00 00 00 00 00 00 00 00  |................|
7EC3A0:  00 00 00 00 00 00 00 00  00 00 00 00 00 00 00 00  |................|
7EC3B0:  00 00 00 00 00 00 00 00  00 00 00 00 00 00 00 00  |................|
7EC3C0:  00 00 00 00 00 00 00 00  00 00 00 00 00 00 00 00  |................|
7EC3D0:  00 00 00 00 00 00 00 00  00 00 00 00 00 00 00 00  |................|
7EC3E0:  00 00 00 00 00 00 00 00  00 00 00 00 00 00 00 00  |................|
7EC3F0:  00 00 00 00 00 00 00 00  00 00 00 00 00 00 00 00  |................|
7EC400:  00 00 00 00 00 00 00 00  00 00 00 00 00 00 00 00  |................|
7EC410:  00 00 00 00 00 00 00 00  00 00 00 00 00 00 00 00  |................|
7EC420:  00 00 00 00 00 00 00 00  00 00 00 00 00 00 00 00  |................|
7EC430:  00 00 00 00 00 00 00 00  00 00 00 00 00 00 00 00  |................|
7EC440:  00 00 00 00 00 00 00 00  00 00 00 00 00 00 00 00  |................|
7EC450:  00 00 00 00 00 00 00 00  00 00 00 00 00 00 00 00  |................|
7EC460:  00 00 00 00 00 00 00 00  00 00 00 00 00 00 00 00  |................|
7EC470:  00 00 00 00 00 00 00 00  00 00 00 00 00 00 00 00  |................|
7EC480:  00 00 00 00 00 00 00 00  00 00 00 00 00 00 00 00  |................|
7EC490:  00 00 00 00 00 00 00 00  00 00 00 00 00 00 00 00  |................|
7EC4A0:  00 00 00 00 00 00 00 00  00 00 00 00 00 00 00 00  |................|
7EC4B0:  00 00 00 00 00 00 00 00  00 00 00 00 00 00 00 00  |................|
7EC4C0:  00 00 00 00 00 00 00 00  00 00 00 00 00 00 00 00  |................|
7EC4D0:  00 00 00 00 00 00 00 00  00 00 00 00 00 00 00 00  |................|
7EC4E0:  00 00 00 00 00 00 00 00  00 00 00 00 00 00 00 00  |................|
7EC4F0:  00 00 00 00 00 00 00 00  00 00 00 00 00 00 00 00  |................|
7EC500:  00 00 00 00 00 00 00 00  00 00 00 00 00 00 00 00  |................|
7EC510:  00 00 00 00 00 00 00 00  00 00 00 00 00 00 00 00  |................|
7EC520:  00 00 00 00 00 00 00 00  00 00 00 00 00 00 00 00  |................|
7EC530:  00 00 00 00 00 00 00 00  00 00 00 00 00 00 00 00  |................|
7EC540:  00 00 00 00 00 00 00 00  00 00 00 00 00 00 00 00  |................|
7EC550:  00 00 00 00 00 00 00 00  00 00 00 00 00 00 00 00  |................|
7EC560:  00 00 00 00 00 00 00 00  00 00 00 00 00 00 00 00  |................|
7EC570:  00 00 00 00 00 00 00 00  00 00 00 00 00 00 00 00  |................|
7EC580:  00 00 00 00 00 00 00 00  00 00 00 00 00 00 00 00  |................|
7EC590:  00 00 00 00 00 00 00 00  00 00 00 00 00 00 00 00  |................|
7EC5A0:  00 00 00 00 00 00 00 00  00 00 00 00 00 00 00 00  |................|
7EC5B0:  00 00 00 00 00 00 00 00  00 00 00 00 00 00 00 00  |................|
7EC5C0:  00 00 00 00 00 00 00 00  00 00 00 00 00 00 00 00  |................|
7EC5D0:  00 00 00 00 00 00 00 00  00 00 00 00 00 00 00 00  |................|
7EC5E0:  00 00 00 00 00 00 00 00  00 00 00 00 00 00 00 00  |................|
7EC5F0:  00 00 00 00 00 00 00 00  00 00 00 00 00 00 00 00  |................|
7EC600:  00 00 00 00 00 00 00 00  00 00 00 00 00 00 00 00  |................|
7EC610:  00 00 00 00 00 00 00 00  00 00 00 00 00 00 00 00  |................|
7EC620:  00 00 00 00 00 00 00 00  00 00 00 00 00 00 00 00  |................|
7EC630:  00 00 00 00 00 00 00 00  00 00 00 00 00 00 00 00  |................|
7EC640:  00 00 00 00 00 00 00 00  00 00 00 00 00 00 00 00  |................|
7EC650:  00 00 00 00 00 00 00 00  00 00 00 00 00 00 00 00  |................|
7EC660:  00 00 00 00 00 00 00 00  00 00 00 00 00 00 00 00  |................|
7EC670:  00 00 00 00 00 00 00 00  00 00 00 00 00 00 00 00  |................|
7EC680:  00 00 00 00 00 00 00 00  00 00 00 00 00 00 00 00  |................|
7EC690:  00 00 00 00 00 00 00 00  00 00 00 00 00 00 00 00  |................|
7EC6A0:  00 00 00 00 00 00 00 00  00 00 00 00 00 00 00 00  |................|
7EC6B0:  00 00 00 00 00 00 00 00  00 00 00 00 00 00 00 00  |................|
7EC6C0:  00 00 00 00 00 00 00 00  00 00 00 00 00 00 00 00  |................|
7EC6D0:  00 00 00 00 00 00 00 00  00 00 00 00 00 00 00 00  |................|
7EC6E0:  00 00 00 00 00 00 00 00  00 00 00 00 00 00 00 00  |................|
7EC6F0:  00 00 00 00 00 00 00 00  00 00 00 00 00 00 00 00  |................|
7EC700:  00 00 00 00 00 00 00 00  00 00 00 00 00 00 00 00  |................|
7EC710:  00 00 00 00 00 00 00 00  00 00 00 00 00 00 00 00  |................|
7EC720:  00 00 00 00 00 00 00 00  00 00 00 00 00 00 00 00  |................|
7EC730:  00 00 00 00 00 00 00 00  00 00 00 00 00 00 00 00  |................|
7EC740:  00 00 00 00 00 00 00 00  00 00 00 00 00 00 00 00  |................|
7EC750:  00 00 00 00 00 00 00 00  00 00 00 00 00 00 00 00  |................|
7EC760:  00 00 00 00 00 00 00 00  00 00 00 00 00 00 00 00  |................|
7EC770:  00 00 00 00 00 00 00 00  00 00 00 00 00 00 00 00  |................|
7EC780:  00 00 00 00 00 00 00 00  00 00 00 00 00 00 00 00  |................|
7EC790:  00 00 00 00 00 00 00 00  00 00 00 00 00 00 00 00  |................|
7EC7A0:  00 00 00 00 00 00 00 00  00 00 00 00 00 00 00 00  |................|
7EC7B0:  00 00 00 00 00 00 00 00  00 00 00 00 00 00 00 00  |................|
7EC7C0:  00 00 00 00 00 00 00 00  00 00 00 00 00 00 00 00  |................|
7EC7D0:  00 00 00 00 00 00 00 00  00 00 00 00 00 00 00 00  |................|
7EC7E0:  00 00 00 00 00 00 00 00  00 00 00 00 00 00 00 00  |................|
7EC7F0:  00 00 00 00 00 00 00 00  00 00 00 00 00 00 00 00  |................|
7EC800:  00 00 00 00 00 00 00 00  00 00 00 00 00 00 00 00  |................|
7EC810:  00 00 00 00 00 00 00 00  00 00 00 00 00 00 00 00  |................|
7EC820:  00 00 00 00 00 00 00 00  00 00 00 00 00 00 00 00  |................|
7EC830:  00 00 00 00 00 00 00 00  00 00 00 00 00 00 00 00  |................|
7EC840:  00 00 00 00 00 00 00 00  00 00 00 00 00 00 00 00  |................|
7EC850:  00 00 00 00 00 00 00 00  00 00 00 00 00 00 00 00  |................|
7EC860:  00 00 00 00 00 00 00 00  00 00 00 00 00 00 00 00  |................|
7EC870:  00 00 00 00 00 00 00 00  00 00 00 00 00 00 00 00  |................|
7EC880:  00 00 00 00 00 00 00 00  00 00 00 00 00 00 00 00  |................|
7EC890:  00 00 00 00 00 00 00 00  00 00 00 00 00 00 00 00  |................|
7EC8A0:  00 00 00 00 00 00 00 00  00 00 00 00 00 00 00 00  |................|
7EC8B0:  00 00 00 00 00 00 00 00  00 00 00 00 00 00 00 00  |................|
7EC8C0:  00 00 00 00 00 00 00 00  00 00 00 00 00 00 00 00  |................|
7EC8D0:  00 00 00 00 00 00 00 00  00 00 00 00 00 00 00 00  |................|
7EC8E0:  00 00 00 00 00 00 00 00  00 00 00 00 00 00 00 00  |................|
7EC8F0:  00 00 00 00 00 00 00 00  00 00 00 00 00 00 00 00  |................|
7EC900:  00 00 00 00 00 00 00 00  00 00 00 00 00 00 00 00  |................|
7EC910:  00 00 00 00 00 00 00 00  00 00 00 00 00 00 00 00  |................|
7EC920:  00 00 00 00 00 00 00 00  00 00 00 00 00 00 00 00  |................|
7EC930:  00 00 00 00 00 00 00 00  00 00 00 00 00 00 00 00  |................|
7EC940:  00 00 00 00 00 00 00 00  00 00 00 00 00 00 00 00  |................|
7EC950:  00 00 00 00 00 00 00 00  00 00 00 00 00 00 00 00  |................|
7EC960:  00 00 00 00 00 00 00 00  00 00 00 00 00 00 00 00  |................|
7EC970:  00 00 00 00 00 00 00 00  00 00 00 00 00 00 00 00  |................|
7EC980:  00 00 00 00 00 00 00 00  00 00 00 00 00 00 00 00  |................|
7EC990:  00 00 00 00 00 00 00 00  00 00 00 00 00 00 00 00  |................|
7EC9A0:  00 00 00 00 00 00 00 00  00 00 00 00 00 00 00 00  |................|
7EC9B0:  00 00 00 00 00 00 00 00  00 00 00 00 00 00 00 00  |................|
7EC9C0:  00 00 00 00 00 00 00 00  00 00 00 00 00 00 00 00  |................|
7EC9D0:  00 00 00 00 00 00 00 00  00 00 00 00 00 00 00 00  |................|
7EC9E0:  00 00 00 00 00 00 00 00  00 00 00 00 00 00 00 00  |................|
7EC9F0:  00 00 00 00 00 00 00 00  00 00 00 00 00 00 00 00  |................|
7ECA00:  00 00 00 00 00 00 00 00  00 00 00 00 00 00 00 00  |................|
7ECA10:  00 00 00 00 00 00 00 00  00 00 00 00 00 00 00 00  |................|
7ECA20:  00 00 00 00 00 00 00 00  00 00 00 00 00 00 00 00  |................|
7ECA30:  00 00 00 00 00 00 00 00  00 00 00 00 00 00 00 00  |................|
7ECA40:  00 00 00 00 00 00 00 00  00 00 00 00 00 00 00 00  |................|
7ECA50:  00 00 00 00 00 00 00 00  00 00 00 00 00 00 00 00  |................|
7ECA60:  00 00 00 00 00 00 00 00  00 00 00 00 00 00 00 00  |................|
7ECA70:  00 00 00 00 00 00 00 00  00 00 00 00 00 00 00 00  |................|
7ECA80:  00 00 00 00 00 00 00 00  00 00 00 00 00 00 00 00  |................|
7ECA90:  00 00 00 00 00 00 00 00  00 00 00 00 00 00 00 00  |................|
7ECAA0:  00 00 00 00 00 00 00 00  00 00 00 00 00 00 00 00  |................|
7ECAB0:  00 00 00 00 00 00 00 00  00 00 00 00 00 00 00 00  |................|
7ECAC0:  00 00 00 00 00 00 00 00  00 00 00 00 00 00 00 00  |................|
7ECAD0:  00 00 00 00 00 00 00 00  00 00 00 00 00 00 00 00  |................|
7ECAE0:  00 00 00 00 00 00 00 00  00 00 00 00 00 00 00 00  |................|
7ECAF0:  00 00 00 00 00 00 00 00  00 00 00 00 00 00 00 00  |................|
7ECB00:  00 00 00 00 00 00 00 00  00 00 00 00 00 00 00 00  |................|
7ECB10:  00 00 00 00 00 00 00 00  00 00 00 00 00 00 00 00  |................|
7ECB20:  00 00 00 00 00 00 00 00  00 00 00 00 00 00 00 00  |................|
7ECB30:  00 00 00 00 00 00 00 00  00 00 00 00 00 00 00 00  |................|
7ECB40:  00 00 00 00 00 00 00 00  00 00 00 00 00 00 00 00  |................|
7ECB50:  00 00 00 00 00 00 00 00  00 00 00 00 00 00 00 00  |................|
7ECB60:  00 00 00 00 00 00 00 00  00 00 00 00 00 00 00 00  |................|
7ECB70:  00 00 00 00 00 00 00 00  00 00 00 00 00 00 00 00  |................|
7ECB80:  00 00 00 00 00 00 00 00  00 00 00 00 00 00 00 00  |................|
7ECB90:  00 00 00 00 00 00 00 00  00 00 00 00 00 00 00 00  |................|
7ECBA0:  00 00 00 00 00 00 00 00  00 00 00 00 00 00 00 00  |................|
7ECBB0:  00 00 00 00 00 00 00 00  00 00 00 00 00 00 00 00  |................|
7ECBC0:  00 00 00 00 00 00 00 00  00 00 00 00 00 00 00 00  |................|
7ECBD0:  00 00 00 00 00 00 00 00  00 00 00 00 00 00 00 00  |................|
7ECBE0:  00 00 00 00 00 00 00 00  00 00 00 00 00 00 00 00  |................|
7ECBF0:  00 00 00 00 00 00 00 00  00 00 00 00 00 00 00 00  |................|
7ECC00:  00 00 00 00 00 00 00 00  00 00 00 00 00 00 00 00  |................|
7ECC10:  00 00 00 00 00 00 00 00  00 00 00 00 00 00 00 00  |................|
7ECC20:  00 00 00 00 00 00 00 00  00 00 00 00 00 00 00 00  |................|
7ECC30:  00 00 00 00 00 00 00 00  00 00 00 00 00 00 00 00  |................|
7ECC40:  00 00 00 00 00 00 00 00  00 00 00 00 00 00 00 00  |................|
7ECC50:  00 00 00 00 00 00 00 00  00 00 00 00 00 00 00 00  |................|
7ECC60:  00 00 00 00 00 00 00 00  00 00 00 00 00 00 00 00  |................|
7ECC70:  00 00 00 00 00 00 00 00  00 00 00 00 00 00 00 00  |................|
7ECC80:  00 00 00 00 00 00 00 00  00 00 00 00 00 00 00 00  |................|
7ECC90:  00 00 00 00 00 00 00 00  00 00 00 00 00 00 00 00  |................|
7ECCA0:  00 00 00 00 00 00 00 00  00 00 00 00 00 00 00 00  |................|
7ECCB0:  00 00 00 00 00 00 00 00  00 00 00 00 00 00 00 00  |................|
7ECCC0:  00 00 00 00 00 00 00 00  00 00 00 00 00 00 00 00  |................|
7ECCD0:  00 00 00 00 00 00 00 00  00 00 00 00 00 00 00 00  |................|
7ECCE0:  00 00 00 00 00 00 00 00  00 00 00 00 00 00 00 00  |................|
7ECCF0:  00 00 00 00 00 00 00 00  00 00 00 00 00 00 00 00  |................|
7ECD00:  00 00 00 00 00 00 00 00  00 00 00 00 00 00 00 00  |................|
7ECD10:  00 00 00 00 00 00 00 00  00 00 00 00 00 00 00 00  |................|
7ECD20:  00 00 00 00 00 00 00 00  00 00 00 00 00 00 00 00  |................|
7ECD30:  00 00 00 00 00 00 00 00  00 00 00 00 00 00 00 00  |................|
7ECD40:  00 00 00 00 00 00 00 00  00 00 00 00 00 00 00 00  |................|
7ECD50:  00 00 00 00 00 00 00 00  00 00 00 00 00 00 00 00  |................|
7ECD60:  00 00 00 00 00 00 00 00  00 00 00 00 00 00 00 00  |................|
7ECD70:  00 00 00 00 00 00 00 00  00 00 00 00 00 00 00 00  |................|
7ECD80:  00 00 00 00 00 00 00 00  00 00 00 00 00 00 00 00  |................|
7ECD90:  00 00 00 00 00 00 00 00  00 00 00 00 00 00 00 00  |................|
7ECDA0:  00 00 00 00 00 00 00 00  00 00 00 00 00 00 00 00  |................|
7ECDB0:  00 00 00 00 00 00 00 00  00 00 00 00 00 00 00 00  |................|
7ECDC0:  00 00 00 00 00 00 00 00  00 00 00 00 00 00 00 00  |................|
7ECDD0:  00 00 00 00 00 00 00 00  00 00 00 00 00 00 00 00  |................|
7ECDE0:  00 00 00 00 00 00 00 00  00 00 00 00 00 00 00 00  |................|
7ECDF0:  00 00 00 00 00 00 00 00  00 00 00 00 00 00 00 00  |................|
7ECE00:  00 00 00 00 00 00 00 00  00 00 00 00 00 00 00 00  |................|
7ECE10:  00 00 00 00 00 00 00 00  00 00 00 00 00 00 00 00  |................|
7ECE20:  00 00 00 00 00 00 00 00  00 00 00 00 00 00 00 00  |................|
7ECE30:  00 00 00 00 00 00 00 00  00 00 00 00 00 00 00 00  |................|
7ECE40:  00 00 00 00 00 00 00 00  00 00 00 00 00 00 00 00  |................|
7ECE50:  00 00 00 00 00 00 00 00  00 00 00 00 00 00 00 00  |................|
7ECE60:  00 00 00 00 00 00 00 00  00 00 00 00 00 00 00 00  |................|
7ECE70:  00 00 00 00 00 00 00 00  00 00 00 00 00 00 00 00  |................|
7ECE80:  00 00 00 00 00 00 00 00  00 00 00 00 00 00 00 00  |................|
7ECE90:  00 00 00 00 00 00 00 00  00 00 00 00 00 00 00 00  |................|
7ECEA0:  00 00 00 00 00 00 00 00  00 00 00 00 00 00 00 00  |................|
7ECEB0:  00 00 00 00 00 00 00 00  00 00 00 00 00 00 00 00  |................|
7ECEC0:  00 00 00 00 00 00 00 00  00 00 00 00 00 00 00 00  |................|
7ECED0:  00 00 00 00 00 00 00 00  00 00 00 00 00 00 00 00  |................|
7ECEE0:  00 00 00 00 00 00 00 00  00 00 00 00 00 00 00 00  |................|
7ECEF0:  00 00 00 00 00 00 00 00  00 00 00 00 00 00 00 00  |................|
7ECF00:  00 00 00 00 00 00 00 00  00 00 00 00 00 00 00 00  |................|
7ECF10:  00 00 00 00 00 00 00 00  00 00 00 00 00 00 00 00  |................|
7ECF20:  00 00 00 00 00 00 00 00  00 00 00 00 00 00 00 00  |................|
7ECF30:  00 00 00 00 00 00 00 00  00 00 00 00 00 00 00 00  |................|
7ECF40:  00 00 00 00 00 00 00 00  00 00 00 00 00 00 00 00  |................|
7ECF50:  00 00 00 00 00 00 00 00  00 00 00 00 00 00 00 00  |................|
7ECF60:  00 00 00 00 00 00 00 00  00 00 00 00 00 00 00 00  |................|
7ECF70:  00 00 00 00 00 00 00 00  00 00 00 00 00 00 00 00  |................|
7ECF80:  00 00 00 00 00 00 00 00  00 00 00 00 00 00 00 00  |................|
7ECF90:  00 00 00 00 00 00 00 00  00 00 00 00 00 00 00 00  |................|
7ECFA0:  00 00 00 00 00 00 00 00  00 00 00 00 00 00 00 00  |................|
7ECFB0:  00 00 00 00 00 00 00 00  00 00 00 00 00 00 00 00  |................|
7ECFC0:  00 00 00 00 00 00 00 00  00 00 00 00 00 00 00 00  |................|
7ECFD0:  00 00 00 00 00 00 00 00  00 00 00 00 00 00 00 00  |................|
7ECFE0:  00 00 00 00 00 00 00 00  00 00 00 00 00 00 00 00  |................|
7ECFF0:  00 00 00 00 00 00 00 00  00 00 00 00 00 00 00 00  |................|
7ED000:  00 00 00 00 00 00 00 00  00 00 00 00 00 00 00 00  |................|
7ED010:  00 00 00 00 00 00 00 00  00 00 00 00 00 00 00 00  |................|
7ED020:  00 00 00 00 00 00 00 00  00 00 00 00 00 00 00 00  |................|
7ED030:  00 00 00 00 00 00 00 00  00 00 00 00 00 00 00 00  |................|
7ED040:  00 00 00 00 00 00 00 00  00 00 00 00 00 00 00 00  |................|
7ED050:  00 00 00 00 00 00 00 00  00 00 00 00 00 00 00 00  |................|
7ED060:  00 00 00 00 00 00 00 00  00 00 00 00 00 00 00 00  |................|
7ED070:  00 00 00 00 00 00 00 00  00 00 00 00 00 00 00 00  |................|
7ED080:  00 00 00 00 00 00 00 00  00 00 00 00 00 00 00 00  |................|
7ED090:  00 00 00 00 00 00 00 00  00 00 00 00 00 00 00 00  |................|
7ED0A0:  00 00 00 00 00 00 00 00  00 00 00 00 00 00 00 00  |................|
7ED0B0:  00 00 00 00 00 00 00 00  00 00 00 00 00 00 00 00  |................|
7ED0C0:  00 00 00 00 00 00 00 00  00 00 00 00 00 00 00 00  |................|
7ED0D0:  00 00 00 00 00 00 00 00  00 00 00 00 00 00 00 00  |................|
7ED0E0:  00 00 00 00 00 00 00 00  00 00 00 00 00 00 00 00  |................|
7ED0F0:  00 00 00 00 00 00 00 00  00 00 00 00 00 00 00 00  |................|
7ED100:  00 00 00 00 00 00 00 00  00 00 00 00 00 00 00 00  |................|
7ED110:  00 00 00 00 00 00 00 00  00 00 00 00 00 00 00 00  |................|
7ED120:  00 00 00 00 00 00 00 00  00 00 00 00 00 00 00 00  |................|
7ED130:  00 00 00 00 00 00 00 00  00 00 00 00 00 00 00 00  |................|
7ED140:  00 00 00 00 00 00 00 00  00 00 00 00 00 00 00 00  |................|
7ED150:  00 00 00 00 00 00 00 00  00 00 00 00 00 00 00 00  |................|
7ED160:  00 00 00 00 00 00 00 00  00 00 00 00 00 00 00 00  |................|
7ED170:  00 00 00 00 00 00 00 00  00 00 00 00 00 00 00 00  |................|
7ED180:  00 00 00 00 00 00 00 00  00 00 00 00 00 00 00 00  |................|
7ED190:  00 00 00 00 00 00 00 00  00 00 00 00 00 00 00 00  |................|
7ED1A0:  00 00 00 00 00 00 00 00  00 00 00 00 00 00 00 00  |................|
7ED1B0:  00 00 00 00 00 00 00 00  00 00 00 00 00 00 00 00  |................|
7ED1C0:  00 00 00 00 00 00 00 00  00 00 00 00 00 00 00 00  |................|
7ED1D0:  00 00 00 00 00 00 00 00  00 00 00 00 00 00 00 00  |................|
7ED1E0:  00 00 00 00 00 00 00 00  00 00 00 00 00 00 00 00  |................|
7ED1F0:  00 00 00 00 00 00 00 00  00 00 00 00 00 00 00 00  |................|
7ED200:  00 00 00 00 00 00 00 00  00 00 00 00 00 00 00 00  |................|
7ED210:  00 00 00 00 00 00 00 00  00 00 00 00 00 00 00 00  |................|
7ED220:  00 00 00 00 00 00 00 00  00 00 00 00 00 00 00 00  |................|
7ED230:  00 00 00 00 00 00 00 00  00 00 00 00 00 00 00 00  |................|
7ED240:  00 00 00 00 00 00 00 00  00 00 00 00 00 00 00 00  |................|
7ED250:  00 00 00 00 00 00 00 00  00 00 00 00 00 00 00 00  |................|
7ED260:  00 00 00 00 00 00 00 00  00 00 00 00 00 00 00 00  |................|
7ED270:  00 00 00 00 00 00 00 00  00 00 00 00 00 00 00 00  |................|
7ED280:  00 00 00 00 00 00 00 00  00 00 00 00 00 00 00 00  |................|
7ED290:  00 00 00 00 00 00 00 00  00 00 00 00 00 00 00 00  |................|
7ED2A0:  00 00 00 00 00 00 00 00  00 00 00 00 00 00 00 00  |................|
7ED2B0:  00 00 00 00 00 00 00 00  00 00 00 00 00 00 00 00  |................|
7ED2C0:  00 00 00 00 00 00 00 00  00 00 00 00 00 00 00 00  |................|
7ED2D0:  00 00 00 00 00 00 00 00  00 00 00 00 00 00 00 00  |................|
7ED2E0:  00 00 00 00 00 00 00 00  00 00 00 00 00 00 00 00  |................|
7ED2F0:  00 00 00 00 00 00 00 00  00 00 00 00 00 00 00 00  |................|
7ED300:  00 00 00 00 00 00 00 00  00 00 00 00 00 00 00 00  |................|
7ED310:  00 00 00 00 00 00 00 00  00 00 00 00 00 00 00 00  |................|
7ED320:  00 00 00 00 00 00 00 00  00 00 00 00 00 00 00 00  |................|
7ED330:  00 00 00 00 00 00 00 00  00 00 00 00 00 00 00 00  |................|
7ED340:  00 00 00 00 00 00 00 00  00 00 00 00 00 00 00 00  |................|
7ED350:  00 00 00 00 00 00 00 00  00 00 00 00 00 00 00 00  |................|
7ED360:  00 00 00 00 00 00 00 00  00 00 00 00 00 00 00 00  |................|
7ED370:  00 00 00 00 00 00 00 00  00 00 00 00 00 00 00 00  |................|
7ED380:  00 00 00 00 00 00 00 00  00 00 00 00 00 00 00 00  |................|
7ED390:  00 00 00 00 00 00 00 00  00 00 00 00 00 00 00 00  |................|
7ED3A0:  00 00 00 00 00 00 00 00  00 00 00 00 00 00 00 00  |................|
7ED3B0:  00 00 00 00 00 00 00 00  00 00 00 00 00 00 00 00  |................|
7ED3C0:  00 00 00 00 00 00 00 00  00 00 00 00 00 00 00 00  |................|
7ED3D0:  00 00 00 00 00 00 00 00  00 00 00 00 00 00 00 00  |................|
7ED3E0:  00 00 00 00 00 00 00 00  00 00 00 00 00 00 00 00  |................|
7ED3F0:  00 00 00 00 00 00 00 00  00 00 00 00 00 00 00 00  |................|
7ED400:  00 00 00 00 00 00 00 00  00 00 00 00 00 00 00 00  |................|
7ED410:  00 00 00 00 00 00 00 00  00 00 00 00 00 00 00 00  |................|
7ED420:  00 00 00 00 00 00 00 00  00 00 00 00 00 00 00 00  |................|
7ED430:  00 00 00 00 00 00 00 00  00 00 00 00 00 00 00 00  |................|
7ED440:  00 00 00 00 00 00 00 00  00 00 00 00 00 00 00 00  |................|
7ED450:  00 00 00 00 00 00 00 00  00 00 00 00 00 00 00 00  |................|
7ED460:  00 00 00 00 00 00 00 00  00 00 00 00 00 00 00 00  |................|
7ED470:  00 00 00 00 00 00 00 00  00 00 00 00 00 00 00 00  |................|
7ED480:  00 00 00 00 00 00 00 00  00 00 00 00 00 00 00 00  |................|
7ED490:  00 00 00 00 00 00 00 00  00 00 00 00 00 00 00 00  |................|
7ED4A0:  00 00 00 00 00 00 00 00  00 00 00 00 00 00 00 00  |................|
7ED4B0:  00 00 00 00 00 00 00 00  00 00 00 00 00 00 00 00  |................|
7ED4C0:  00 00 00 00 00 00 00 00  00 00 00 00 00 00 00 00  |................|
7ED4D0:  00 00 00 00 00 00 00 00  00 00 00 00 00 00 00 00  |................|
7ED4E0:  00 00 00 00 00 00 00 00  00 00 00 00 00 00 00 00  |................|
7ED4F0:  00 00 00 00 00 00 00 00  00 00 00 00 00 00 00 00  |................|
7ED500:  00 00 00 00 00 00 00 00  00 00 00 00 00 00 00 00  |................|
7ED510:  00 00 00 00 00 00 00 00  00 00 00 00 00 00 00 00  |................|
7ED520:  00 00 00 00 00 00 00 00  00 00 00 00 00 00 00 00  |................|
7ED530:  00 00 00 00 00 00 00 00  00 00 00 00 00 00 00 00  |................|
7ED540:  00 00 00 00 00 00 00 00  00 00 00 00 00 00 00 00  |................|
7ED550:  00 00 00 00 00 00 00 00  00 00 00 00 00 00 00 00  |................|
7ED560:  00 00 00 00 00 00 00 00  00 00 00 00 00 00 00 00  |................|
7ED570:  00 00 00 00 00 00 00 00  00 00 00 00 00 00 00 00  |................|
7ED580:  00 00 00 00 00 00 00 00  00 00 00 00 00 00 00 00  |................|
7ED590:  00 00 00 00 00 00 00 00  00 00 00 00 00 00 00 00  |................|
7ED5A0:  00 00 00 00 00 00 00 00  00 00 00 00 00 00 00 00  |................|
7ED5B0:  00 00 00 00 00 00 00 00  00 00 00 00 00 00 00 00  |................|
7ED5C0:  00 00 00 00 00 00 00 00  00 00 00 00 00 00 00 00  |................|
7ED5D0:  00 00 00 00 00 00 00 00  00 00 00 00 00 00 00 00  |................|
7ED5E0:  00 00 00 00 00 00 00 00  00 00 00 00 00 00 00 00  |................|
7ED5F0:  00 00 00 00 00 00 00 00  00 00 00 00 00 00 00 00  |................|
7ED600:  00 00 00 00 00 00 00 00  00 00 00 00 00 00 00 00  |................|
7ED610:  00 00 00 00 00 00 00 00  00 00 00 00 00 00 00 00  |................|
7ED620:  00 00 00 00 00 00 00 00  00 00 00 00 00 00 00 00  |................|
7ED630:  00 00 00 00 00 00 00 00  00 00 00 00 00 00 00 00  |................|
7ED640:  00 00 00 00 00 00 00 00  00 00 00 00 00 00 00 00  |................|
7ED650:  00 00 00 00 00 00 00 00  00 00 00 00 00 00 00 00  |................|
7ED660:  00 00 00 00 00 00 00 00  00 00 00 00 00 00 00 00  |................|
7ED670:  00 00 00 00 00 00 00 00  00 00 00 00 00 00 00 00  |................|
7ED680:  00 00 00 00 00 00 00 00  00 00 00 00 00 00 00 00  |................|
7ED690:  00 00 00 00 00 00 00 00  00 00 00 00 00 00 00 00  |................|
7ED6A0:  00 00 00 00 00 00 00 00  00 00 00 00 00 00 00 00  |................|
7ED6B0:  00 00 00 00 00 00 00 00  00 00 00 00 00 00 00 00  |................|
7ED6C0:  00 00 00 00 00 00 00 00  00 00 00 00 00 00 00 00  |................|
7ED6D0:  00 00 00 00 00 00 00 00  00 00 00 00 00 00 00 00  |................|
7ED6E0:  00 00 00 00 00 00 00 00  00 00 00 00 00 00 00 00  |................|
7ED6F0:  00 00 00 00 00 00 00 00  00 00 00 00 00 00 00 00  |................|
7ED700:  00 00 00 00 00 00 00 00  00 00 00 00 00 00 00 00  |................|
7ED710:  00 00 00 00 00 00 00 00  00 00 00 00 00 00 00 00  |................|
7ED720:  00 00 00 00 00 00 00 00  00 00 00 00 00 00 00 00  |................|
7ED730:  00 00 00 00 00 00 00 00  00 00 00 00 00 00 00 00  |................|
7ED740:  00 00 00 00 00 00 00 00  00 00 00 00 00 00 00 00  |................|
7ED750:  00 00 00 00 00 00 00 00  00 00 00 00 00 00 00 00  |................|
7ED760:  00 00 00 00 00 00 00 00  00 00 00 00 00 00 00 00  |................|
7ED770:  00 00 00 00 00 00 00 00  00 00 00 00 00 00 00 00  |................|
7ED780:  00 00 00 00 00 00 00 00  00 00 00 00 00 00 00 00  |................|
7ED790:  00 00 00 00 00 00 00 00  00 00 00 00 00 00 00 00  |................|
7ED7A0:  00 00 00 00 00 00 00 00  00 00 00 00 00 00 00 00  |................|
7ED7B0:  00 00 00 00 00 00 00 00  00 00 00 00 00 00 00 00  |................|
7ED7C0:  00 00 00 00 00 00 00 00  00 00 00 00 00 00 00 00  |................|
7ED7D0:  00 00 00 00 00 00 00 00  00 00 00 00 00 00 00 00  |................|
7ED7E0:  00 00 00 00 00 00 00 00  00 00 00 00 00 00 00 00  |................|
7ED7F0:  00 00 00 00 00 00 00 00  00 00 00 00 00 00 00 00  |................|
7ED800:  00 00 00 00 00 00 00 00  00 00 00 00 00 00 00 00  |................|
7ED810:  00 00 00 00 00 00 00 00  00 00 00 00 00 00 00 00  |................|
7ED820:  00 00 00 00 00 00 00 00  00 00 00 00 00 00 00 00  |................|
7ED830:  00 00 00 00 00 00 00 00  00 00 00 00 00 00 00 00  |................|
7ED840:  00 00 00 00 00 00 00 00  00 00 00 00 00 00 00 00  |................|
7ED850:  00 00 00 00 00 00 00 00  00 00 00 00 00 00 00 00  |................|
7ED860:  00 00 00 00 00 00 00 00  00 00 00 00 00 00 00 00  |................|
7ED870:  00 00 00 00 00 00 00 00  00 00 00 00 00 00 00 00  |................|
7ED880:  00 00 00 00 00 00 00 00  00 00 00 00 00 00 00 00  |................|
7ED890:  00 00 00 00 00 00 00 00  00 00 00 00 00 00 00 00  |................|
7ED8A0:  00 00 00 00 00 00 00 00  00 00 00 00 00 00 00 00  |................|
7ED8B0:  00 00 00 00 00 00 00 00  00 00 00 00 00 00 00 00  |................|
7ED8C0:  00 00 00 00 00 00 00 00  00 00 00 00 00 00 00 00  |................|
7ED8D0:  00 00 00 00 00 00 00 00  00 00 00 00 00 00 00 00  |................|
7ED8E0:  00 00 00 00 00 00 00 00  00 00 00 00 00 00 00 00  |................|
7ED8F0:  00 00 00 00 00 00 00 00  00 00 00 00 00 00 00 00  |................|
7ED900:  00 00 00 00 00 00 00 00  00 00 00 00 00 00 00 00  |................|
7ED910:  00 00 00 00 00 00 00 00  00 00 00 00 00 00 00 00  |................|
7ED920:  00 00 00 00 00 00 00 00  00 00 00 00 00 00 00 00  |................|
7ED930:  00 00 00 00 00 00 00 00  00 00 00 00 00 00 00 00  |................|
7ED940:  00 00 00 00 00 00 00 00  00 00 00 00 00 00 00 00  |................|
7ED950:  00 00 00 00 00 00 00 00  00 00 00 00 00 00 00 00  |................|
7ED960:  00 00 00 00 00 00 00 00  00 00 00 00 00 00 00 00  |................|
7ED970:  00 00 00 00 00 00 00 00  00 00 00 00 00 00 00 00  |................|
7ED980:  00 00 00 00 00 00 00 00  00 00 00 00 00 00 00 00  |................|
7ED990:  00 00 00 00 00 00 00 00  00 00 00 00 00 00 00 00  |................|
7ED9A0:  00 00 00 00 00 00 00 00  00 00 00 00 00 00 00 00  |................|
7ED9B0:  00 00 00 00 00 00 00 00  00 00 00 00 00 00 00 00  |................|
7ED9C0:  00 00 00 00 00 00 00 00  00 00 00 00 00 00 00 00  |................|
7ED9D0:  00 00 00 00 00 00 00 00  00 00 00 00 00 00 00 00  |................|
7ED9E0:  00 00 00 00 00 00 00 00  00 00 00 00 00 00 00 00  |................|
7ED9F0:  00 00 00 00 00 00 00 00  00 00 00 00 00 00 00 00  |................|
7EDA00:  00 00 00 00 00 00 00 00  00 00 00 00 00 00 00 00  |................|
7EDA10:  00 00 00 00 00 00 00 00  00 00 00 00 00 00 00 00  |................|
7EDA20:  00 00 00 00 00 00 00 00  00 00 00 00 00 00 00 00  |................|
7EDA30:  00 00 00 00 00 00 00 00  00 00 00 00 00 00 00 00  |................|
7EDA40:  00 00 00 00 00 00 00 00  00 00 00 00 00 00 00 00  |................|
7EDA50:  00 00 00 00 00 00 00 00  00 00 00 00 00 00 00 00  |................|
7EDA60:  00 00 00 00 00 00 00 00  00 00 00 00 00 00 00 00  |................|
7EDA70:  00 00 00 00 00 00 00 00  00 00 00 00 00 00 00 00  |................|
7EDA80:  00 00 00 00 00 00 00 00  00 00 00 00 00 00 00 00  |................|
7EDA90:  00 00 00 00 00 00 00 00  00 00 00 00 00 00 00 00  |................|
7EDAA0:  00 00 00 00 00 00 00 00  00 00 00 00 00 00 00 00  |................|
7EDAB0:  00 00 00 00 00 00 00 00  00 00 00 00 00 00 00 00  |................|
7EDAC0:  00 00 00 00 00 00 00 00  00 00 00 00 00 00 00 00  |................|
7EDAD0:  00 00 00 00 00 00 00 00  00 00 00 00 00 00 00 00  |................|
7EDAE0:  00 00 00 00 00 00 00 00  00 00 00 00 00 00 00 00  |................|
7EDAF0:  00 00 00 00 00 00 00 00  00 00 00 00 00 00 00 00  |................|
7EDB00:  00 00 00 00 00 00 00 00  00 00 00 00 00 00 00 00  |................|
7EDB10:  00 00 00 00 00 00 00 00  00 00 00 00 00 00 00 00  |................|
7EDB20:  00 00 00 00 00 00 00 00  00 00 00 00 00 00 00 00  |................|
7EDB30:  00 00 00 00 00 00 00 00  00 00 00 00 00 00 00 00  |................|
7EDB40:  00 00 00 00 00 00 00 00  00 00 00 00 00 00 00 00  |................|
7EDB50:  00 00 00 00 00 00 00 00  00 00 00 00 00 00 00 00  |................|
7EDB60:  00 00 00 00 00 00 00 00  00 00 00 00 00 00 00 00  |................|
7EDB70:  00 00 00 00 00 00 00 00  00 00 00 00 00 00 00 00  |................|
7EDB80:  00 00 00 00 00 00 00 00  00 00 00 00 00 00 00 00  |................|
7EDB90:  00 00 00 00 00 00 00 00  00 00 00 00 00 00 00 00  |................|
7EDBA0:  00 00 00 00 00 00 00 00  00 00 00 00 00 00 00 00  |................|
7EDBB0:  00 00 00 00 00 00 00 00  00 00 00 00 00 00 00 00  |................|
7EDBC0:  00 00 00 00 00 00 00 00  00 00 00 00 00 00 00 00  |................|
7EDBD0:  00 00 00 00 00 00 00 00  00 00 00 00 00 00 00 00  |................|
7EDBE0:  00 00 00 00 00 00 00 00  00 00 00 00 00 00 00 00  |................|
7EDBF0:  00 00 00 00 00 00 00 00  00 00 00 00 00 00 00 00  |................|
7EDC00:  00 00 00 00 00 00 00 00  00 00 00 00 00 00 00 00  |................|
7EDC10:  00 00 00 00 00 00 00 00  00 00 00 00 00 00 00 00  |................|
7EDC20:  00 00 00 00 00 00 00 00  00 00 00 00 00 00 00 00  |................|
7EDC30:  00 00 00 00 00 00 00 00  00 00 00 00 00 00 00 00  |................|
7EDC40:  00 00 00 00 00 00 00 00  00 00 00 00 00 00 00 00  |................|
7EDC50:  00 00 00 00 00 00 00 00  00 00 00 00 00 00 00 00  |................|
7EDC60:  00 00 00 00 00 00 00 00  00 00 00 00 00 00 00 00  |................|
7EDC70:  00 00 00 00 00 00 00 00  00 00 00 00 00 00 00 00  |................|
7EDC80:  00 00 00 00 00 00 00 00  00 00 00 00 00 00 00 00  |................|
7EDC90:  00 00 00 00 00 00 00 00  00 00 00 00 00 00 00 00  |................|
7EDCA0:  00 00 00 00 00 00 00 00  00 00 00 00 00 00 00 00  |................|
7EDCB0:  00 00 00 00 00 00 00 00  00 00 00 00 00 00 00 00  |................|
7EDCC0:  00 00 00 00 00 00 00 00  00 00 00 00 00 00 00 00  |................|
7EDCD0:  00 00 00 00 00 00 00 00  00 00 00 00 00 00 00 00  |................|
7EDCE0:  00 00 00 00 00 00 00 00  00 00 00 00 00 00 00 00  |................|
7EDCF0:  00 00 00 00 00 00 00 00  00 00 00 00 00 00 00 00  |................|
7EDD00:  00 00 00 00 00 00 00 00  00 00 00 00 00 00 00 00  |................|
7EDD10:  00 00 00 00 00 00 00 00  00 00 00 00 00 00 00 00  |................|
7EDD20:  00 00 00 00 00 00 00 00  00 00 00 00 00 00 00 00  |................|
7EDD30:  00 00 00 00 00 00 00 00  00 00 00 00 00 00 00 00  |................|
7EDD40:  00 00 00 00 00 00 00 00  00 00 00 00 00 00 00 00  |................|
7EDD50:  00 00 00 00 00 00 00 00  00 00 00 00 00 00 00 00  |................|
7EDD60:  00 00 00 00 00 00 00 00  00 00 00 00 00 00 00 00  |................|
7EDD70:  00 00 00 00 00 00 00 00  00 00 00 00 00 00 00 00  |................|
7EDD80:  00 00 00 00 00 00 00 00  00 00 00 00 00 00 00 00  |................|
7EDD90:  00 00 00 00 00 00 00 00  00 00 00 00 00 00 00 00  |................|
7EDDA0:  00 00 00 00 00 00 00 00  00 00 00 00 00 00 00 00  |................|
7EDDB0:  00 00 00 00 00 00 00 00  00 00 00 00 00 00 00 00  |................|
7EDDC0:  00 00 00 00 00 00 00 00  00 00 00 00 00 00 00 00  |................|
7EDDD0:  00 00 00 00 00 00 00 00  00 00 00 00 00 00 00 00  |................|
7EDDE0:  00 00 00 00 00 00 00 00  00 00 00 00 00 00 00 00  |................|
7EDDF0:  00 00 00 00 00 00 00 00  00 00 00 00 00 00 00 00  |................|
7EDE00:  00 00 00 00 00 00 00 00  00 00 00 00 00 00 00 00  |................|
7EDE10:  00 00 00 00 00 00 00 00  00 00 00 00 00 00 00 00  |................|
7EDE20:  00 00 00 00 00 00 00 00  00 00 00 00 00 00 00 00  |................|
7EDE30:  00 00 00 00 00 00 00 00  00 00 00 00 00 00 00 00  |................|
7EDE40:  00 00 00 00 00 00 00 00  00 00 00 00 00 00 00 00  |................|
7EDE50:  00 00 00 00 00 00 00 00  00 00 00 00 00 00 00 00  |................|
7EDE60:  00 00 00 00 00 00 00 00  00 00 00 00 00 00 00 00  |................|
7EDE70:  00 00 00 00 00 00 00 00  00 00 00 00 00 00 00 00  |................|
7EDE80:  00 00 00 00 00 00 00 00  00 00 00 00 00 00 00 00  |................|
7EDE90:  00 00 00 00 00 00 00 00  00 00 00 00 00 00 00 00  |................|
7EDEA0:  00 00 00 00 00 00 00 00  00 00 00 00 00 00 00 00  |................|
7EDEB0:  00 00 00 00 00 00 00 00  00 00 00 00 00 00 00 00  |................|
7EDEC0:  00 00 00 00 00 00 00 00  00 00 00 00 00 00 00 00  |................|
7EDED0:  00 00 00 00 00 00 00 00  00 00 00 00 00 00 00 00  |................|
7EDEE0:  00 00 00 00 00 00 00 00  00 00 00 00 00 00 00 00  |................|
7EDEF0:  00 00 00 00 00 00 00 00  00 00 00 00 00 00 00 00  |................|
7EDF00:  00 00 00 00 00 00 00 00  00 00 00 00 00 00 00 00  |................|
7EDF10:  00 00 00 00 00 00 00 00  00 00 00 00 00 00 00 00  |................|
7EDF20:  00 00 00 00 00 00 00 00  00 00 00 00 00 00 00 00  |................|
7EDF30:  00 00 00 00 00 00 00 00  00 00 00 00 00 00 00 00  |................|
7EDF40:  00 00 00 00 00 00 00 00  00 00 00 00 00 00 00 00  |................|
7EDF50:  00 00 00 00 00 00 00 00  00 00 00 00 00 00 00 00  |................|
7EDF60:  00 00 00 00 00 00 00 00  00 00 00 00 00 00 00 00  |................|
7EDF70:  00 00 00 00 00 00 00 00  00 00 00 00 00 00 00 00  |................|
7EDF80:  00 00 00 00 00 00 00 00  00 00 00 00 00 00 00 00  |................|
7EDF90:  00 00 00 00 00 00 00 00  00 00 00 00 00 00 00 00  |................|
7EDFA0:  00 00 00 00 00 00 00 00  00 00 00 00 00 00 00 00  |................|
7EDFB0:  00 00 00 00 00 00 00 00  00 00 00 00 00 00 00 00  |................|
7EDFC0:  00 00 00 00 00 00 00 00  00 00 00 00 00 00 00 00  |................|
7EDFD0:  00 00 00 00 00 00 00 00  00 00 00 00 00 00 00 00  |................|
7EDFE0:  00 00 00 00 00 00 00 00  00 00 00 00 00 00 00 00  |................|
7EDFF0:  00 00 00 00 00 00 00 00  00 00 00 00 00 00 00 00  |................|
7EE000:  00 00 00 00 00 00 00 00  00 00 00 00 00 00 00 00  |................|
7EE010:  00 00 00 00 00 00 00 00  00 00 00 00 00 00 00 00  |................|
7EE020:  00 00 00 00 00 00 00 00  00 00 00 00 00 00 00 00  |................|
7EE030:  00 00 00 00 00 00 00 00  00 00 00 00 00 00 00 00  |................|
7EE040:  00 00 00 00 00 00 00 00  00 00 00 00 00 00 00 00  |................|
7EE050:  00 00 00 00 00 00 00 00  00 00 00 00 00 00 00 00  |................|
7EE060:  00 00 00 00 00 00 00 00  00 00 00 00 00 00 00 00  |................|
7EE070:  00 00 00 00 00 00 00 00  00 00 00 00 00 00 00 00  |................|
7EE080:  00 00 00 00 00 00 00 00  00 00 00 00 00 00 00 00  |................|
7EE090:  00 00 00 00 00 00 00 00  00 00 00 00 00 00 00 00  |................|
7EE0A0:  00 00 00 00 00 00 00 00  00 00 00 00 00 00 00 00  |................|
7EE0B0:  00 00 00 00 00 00 00 00  00 00 00 00 00 00 00 00  |................|
7EE0C0:  00 00 00 00 00 00 00 00  00 00 00 00 00 00 00 00  |................|
7EE0D0:  00 00 00 00 00 00 00 00  00 00 00 00 00 00 00 00  |................|
7EE0E0:  00 00 00 00 00 00 00 00  00 00 00 00 00 00 00 00  |................|
7EE0F0:  00 00 00 00 00 00 00 00  00 00 00 00 00 00 00 00  |................|
7EE100:  00 00 00 00 00 00 00 00  00 00 00 00 00 00 00 00  |................|
7EE110:  00 00 00 00 00 00 00 00  00 00 00 00 00 00 00 00  |................|
7EE120:  00 00 00 00 00 00 00 00  00 00 00 00 00 00 00 00  |................|
7EE130:  00 00 00 00 00 00 00 00  00 00 00 00 00 00 00 00  |................|
7EE140:  00 00 00 00 00 00 00 00  00 00 00 00 00 00 00 00  |................|
7EE150:  00 00 00 00 00 00 00 00  00 00 00 00 00 00 00 00  |................|
7EE160:  00 00 00 00 00 00 00 00  00 00 00 00 00 00 00 00  |................|
7EE170:  00 00 00 00 00 00 00 00  00 00 00 00 00 00 00 00  |................|
7EE180:  00 00 00 00 00 00 00 00  00 00 00 00 00 00 00 00  |................|
7EE190:  00 00 00 00 00 00 00 00  00 00 00 00 00 00 00 00  |................|
7EE1A0:  00 00 00 00 00 00 00 00  00 00 00 00 00 00 00 00  |................|
7EE1B0:  00 00 00 00 00 00 00 00  00 00 00 00 00 00 00 00  |................|
7EE1C0:  00 00 00 00 00 00 00 00  00 00 00 00 00 00 00 00  |................|
7EE1D0:  00 00 00 00 00 00 00 00  00 00 00 00 00 00 00 00  |................|
7EE1E0:  00 00 00 00 00 00 00 00  00 00 00 00 00 00 00 00  |................|
7EE1F0:  00 00 00 00 00 00 00 00  00 00 00 00 00 00 00 00  |................|
7EE200:  00 00 00 00 00 00 00 00  00 00 00 00 00 00 00 00  |................|
7EE210:  00 00 00 00 00 00 00 00  00 00 00 00 00 00 00 00  |................|
7EE220:  00 00 00 00 00 00 00 00  00 00 00 00 00 00 00 00  |................|
7EE230:  00 00 00 00 00 00 00 00  00 00 00 00 00 00 00 00  |................|
7EE240:  00 00 00 00 00 00 00 00  00 00 00 00 00 00 00 00  |................|
7EE250:  00 00 00 00 00 00 00 00  00 00 00 00 00 00 00 00  |................|
7EE260:  00 00 00 00 00 00 00 00  00 00 00 00 00 00 00 00  |................|
7EE270:  00 00 00 00 00 00 00 00  00 00 00 00 00 00 00 00  |................|
7EE280:  00 00 00 00 00 00 00 00  00 00 00 00 00 00 00 00  |................|
7EE290:  00 00 00 00 00 00 00 00  00 00 00 00 00 00 00 00  |................|
7EE2A0:  00 00 00 00 00 00 00 00  00 00 00 00 00 00 00 00  |................|
7EE2B0:  00 00 00 00 00 00 00 00  00 00 00 00 00 00 00 00  |................|
7EE2C0:  00 00 00 00 00 00 00 00  00 00 00 00 00 00 00 00  |................|
7EE2D0:  00 00 00 00 00 00 00 00  00 00 00 00 00 00 00 00  |................|
7EE2E0:  00 00 00 00 00 00 00 00  00 00 00 00 00 00 00 00  |................|
7EE2F0:  00 00 00 00 00 00 00 00  00 00 00 00 00 00 00 00  |................|
7EE300:  00 00 00 00 00 00 00 00  00 00 00 00 00 00 00 00  |................|
7EE310:  00 00 00 00 00 00 00 00  00 00 00 00 00 00 00 00  |................|
7EE320:  00 00 00 00 00 00 00 00  00 00 00 00 00 00 00 00  |................|
7EE330:  00 00 00 00 00 00 00 00  00 00 00 00 00 00 00 00  |................|
7EE340:  00 00 00 00 00 00 00 00  00 00 00 00 00 00 00 00  |................|
7EE350:  00 00 00 00 00 00 00 00  00 00 00 00 00 00 00 00  |................|
7EE360:  00 00 00 00 00 00 00 00  00 00 00 00 00 00 00 00  |................|
7EE370:  00 00 00 00 00 00 00 00  00 00 00 00 00 00 00 00  |................|
7EE380:  00 00 00 00 00 00 00 00  00 00 00 00 00 00 00 00  |................|
7EE390:  00 00 00 00 00 00 00 00  00 00 00 00 00 00 00 00  |................|
7EE3A0:  00 00 00 00 00 00 00 00  00 00 00 00 00 00 00 00  |................|
7EE3B0:  00 00 00 00 00 00 00 00  00 00 00 00 00 00 00 00  |................|
7EE3C0:  00 00 00 00 00 00 00 00  00 00 00 00 00 00 00 00  |................|
7EE3D0:  00 00 00 00 00 00 00 00  00 00 00 00 00 00 00 00  |................|
7EE3E0:  00 00 00 00 00 00 00 00  00 00 00 00 00 00 00 00  |................|
7EE3F0:  00 00 00 00 00 00 00 00  00 00 00 00 00 00 00 00  |................|
7EE400:  00 00 00 00 00 00 00 00  00 00 00 00 00 00 00 00  |................|
7EE410:  00 00 00 00 00 00 00 00  00 00 00 00 00 00 00 00  |................|
7EE420:  00 00 00 00 00 00 00 00  00 00 00 00 00 00 00 00  |................|
7EE430:  00 00 00 00 00 00 00 00  00 00 00 00 00 00 00 00  |................|
7EE440:  00 00 00 00 00 00 00 00  00 00 00 00 00 00 00 00  |................|
7EE450:  00 00 00 00 00 00 00 00  00 00 00 00 00 00 00 00  |................|
7EE460:  00 00 00 00 00 00 00 00  00 00 00 00 00 00 00 00  |................|
7EE470:  00 00 00 00 00 00 00 00  00 00 00 00 00 00 00 00  |................|
7EE480:  00 00 00 00 00 00 00 00  00 00 00 00 00 00 00 00  |................|
7EE490:  00 00 00 00 00 00 00 00  00 00 00 00 00 00 00 00  |................|
7EE4A0:  00 00 00 00 00 00 00 00  00 00 00 00 00 00 00 00  |................|
7EE4B0:  00 00 00 00 00 00 00 00  00 00 00 00 00 00 00 00  |................|
7EE4C0:  00 00 00 00 00 00 00 00  00 00 00 00 00 00 00 00  |................|
7EE4D0:  00 00 00 00 00 00 00 00  00 00 00 00 00 00 00 00  |................|
7EE4E0:  00 00 00 00 00 00 00 00  00 00 00 00 00 00 00 00  |................|
7EE4F0:  00 00 00 00 00 00 00 00  00 00 00 00 00 00 00 00  |................|
7EE500:  00 00 00 00 00 00 00 00  00 00 00 00 00 00 00 00  |................|
7EE510:  00 00 00 00 00 00 00 00  00 00 00 00 00 00 00 00  |................|
7EE520:  00 00 00 00 00 00 00 00  00 00 00 00 00 00 00 00  |................|
7EE530:  00 00 00 00 00 00 00 00  00 00 00 00 00 00 00 00  |................|
7EE540:  00 00 00 00 00 00 00 00  00 00 00 00 00 00 00 00  |................|
7EE550:  00 00 00 00 00 00 00 00  00 00 00 00 00 00 00 00  |................|
7EE560:  00 00 00 00 00 00 00 00  00 00 00 00 00 00 00 00  |................|
7EE570:  00 00 00 00 00 00 00 00  00 00 00 00 00 00 00 00  |................|
7EE580:  00 00 00 00 00 00 00 00  00 00 00 00 00 00 00 00  |................|
7EE590:  00 00 00 00 00 00 00 00  00 00 00 00 00 00 00 00  |................|
7EE5A0:  00 00 00 00 00 00 00 00  00 00 00 00 00 00 00 00  |................|
7EE5B0:  00 00 00 00 00 00 00 00  00 00 00 00 00 00 00 00  |................|
7EE5C0:  00 00 00 00 00 00 00 00  00 00 00 00 00 00 00 00  |................|
7EE5D0:  00 00 00 00 00 00 00 00  00 00 00 00 00 00 00 00  |................|
7EE5E0:  00 00 00 00 00 00 00 00  00 00 00 00 00 00 00 00  |................|
7EE5F0:  00 00 00 00 00 00 00 00  00 00 00 00 00 00 00 00  |................|
7EE600:  00 00 00 00 00 00 00 00  00 00 00 00 00 00 00 00  |................|
7EE610:  00 00 00 00 00 00 00 00  00 00 00 00 00 00 00 00  |................|
7EE620:  00 00 00 00 00 00 00 00  00 00 00 00 00 00 00 00  |................|
7EE630:  00 00 00 00 00 00 00 00  00 00 00 00 00 00 00 00  |................|
7EE640:  00 00 00 00 00 00 00 00  00 00 00 00 00 00 00 00  |................|
7EE650:  00 00 00 00 00 00 00 00  00 00 00 00 00 00 00 00  |................|
7EE660:  00 00 00 00 00 00 00 00  00 00 00 00 00 00 00 00  |................|
7EE670:  00 00 00 00 00 00 00 00  00 00 00 00 00 00 00 00  |................|
7EE680:  00 00 00 00 00 00 00 00  00 00 00 00 00 00 00 00  |................|
7EE690:  00 00 00 00 00 00 00 00  00 00 00 00 00 00 00 00  |................|
7EE6A0:  00 00 00 00 00 00 00 00  00 00 00 00 00 00 00 00  |................|
7EE6B0:  00 00 00 00 00 00 00 00  00 00 00 00 00 00 00 00  |................|
7EE6C0:  00 00 00 00 00 00 00 00  00 00 00 00 00 00 00 00  |................|
7EE6D0:  00 00 00 00 00 00 00 00  00 00 00 00 00 00 00 00  |................|
7EE6E0:  00 00 00 00 00 00 00 00  00 00 00 00 00 00 00 00  |................|
7EE6F0:  00 00 00 00 00 00 00 00  00 00 00 00 00 00 00 00  |................|
7EE700:  00 00 00 00 00 00 00 00  00 00 00 00 00 00 00 00  |................|
7EE710:  00 00 00 00 00 00 00 00  00 00 00 00 00 00 00 00  |................|
7EE720:  00 00 00 00 00 00 00 00  00 00 00 00 00 00 00 00  |................|
7EE730:  00 00 00 00 00 00 00 00  00 00 00 00 00 00 00 00  |................|
7EE740:  00 00 00 00 00 00 00 00  00 00 00 00 00 00 00 00  |................|
7EE750:  00 00 00 00 00 00 00 00  00 00 00 00 00 00 00 00  |................|
7EE760:  00 00 00 00 00 00 00 00  00 00 00 00 00 00 00 00  |................|
7EE770:  00 00 00 00 00 00 00 00  00 00 00 00 00 00 00 00  |................|
7EE780:  00 00 00 00 00 00 00 00  00 00 00 00 00 00 00 00  |................|
7EE790:  00 00 00 00 00 00 00 00  00 00 00 00 00 00 00 00  |................|
7EE7A0:  00 00 00 00 00 00 00 00  00 00 00 00 00 00 00 00  |................|
7EE7B0:  00 00 00 00 00 00 00 00  00 00 00 00 00 00 00 00  |................|
7EE7C0:  00 00 00 00 00 00 00 00  00 00 00 00 00 00 00 00  |................|
7EE7D0:  00 00 00 00 00 00 00 00  00 00 00 00 00 00 00 00  |................|
7EE7E0:  00 00 00 00 00 00 00 00  00 00 00 00 00 00 00 00  |................|
7EE7F0:  00 00 00 00 00 00 00 00  00 00 00 00 00 00 00 00  |................|
7EE800:  00 00 00 00 00 00 00 00  00 00 00 00 00 00 00 00  |................|
7EE810:  00 00 00 00 00 00 00 00  00 00 00 00 00 00 00 00  |................|
7EE820:  00 00 00 00 00 00 00 00  00 00 00 00 00 00 00 00  |................|
7EE830:  00 00 00 00 00 00 00 00  00 00 00 00 00 00 00 00  |................|
7EE840:  00 00 00 00 00 00 00 00  00 00 00 00 00 00 00 00  |................|
7EE850:  00 00 00 00 00 00 00 00  00 00 00 00 00 00 00 00  |................|
7EE860:  00 00 00 00 00 00 00 00  00 00 00 00 00 00 00 00  |................|
7EE870:  00 00 00 00 00 00 00 00  00 00 00 00 00 00 00 00  |................|
7EE880:  00 00 00 00 00 00 00 00  00 00 00 00 00 00 00 00  |................|
7EE890:  00 00 00 00 00 00 00 00  00 00 00 00 00 00 00 00  |................|
7EE8A0:  00 00 00 00 00 00 00 00  00 00 00 00 00 00 00 00  |................|
7EE8B0:  00 00 00 00 00 00 00 00  00 00 00 00 00 00 00 00  |................|
7EE8C0:  00 00 00 00 00 00 00 00  00 00 00 00 00 00 00 00  |................|
7EE8D0:  00 00 00 00 00 00 00 00  00 00 00 00 00 00 00 00  |................|
7EE8E0:  00 00 00 00 00 00 00 00  00 00 00 00 00 00 00 00  |................|
7EE8F0:  00 00 00 00 00 00 00 00  00 00 00 00 00 00 00 00  |................|
7EE900:  00 00 00 00 00 00 00 00  00 00 00 00 00 00 00 00  |................|
7EE910:  00 00 00 00 00 00 00 00  00 00 00 00 00 00 00 00  |................|
7EE920:  00 00 00 00 00 00 00 00  00 00 00 00 00 00 00 00  |................|
7EE930:  00 00 00 00 00 00 00 00  00 00 00 00 00 00 00 00  |................|
7EE940:  00 00 00 00 00 00 00 00  00 00 00 00 00 00 00 00  |................|
7EE950:  00 00 00 00 00 00 00 00  00 00 00 00 00 00 00 00  |................|
7EE960:  00 00 00 00 00 00 00 00  00 00 00 00 00 00 00 00  |................|
7EE970:  00 00 00 00 00 00 00 00  00 00 00 00 00 00 00 00  |................|
7EE980:  00 00 00 00 00 00 00 00  00 00 00 00 00 00 00 00  |................|
7EE990:  00 00 00 00 00 00 00 00  00 00 00 00 00 00 00 00  |................|
7EE9A0:  00 00 00 00 00 00 00 00  00 00 00 00 00 00 00 00  |................|
7EE9B0:  00 00 00 00 00 00 00 00  00 00 00 00 00 00 00 00  |................|
7EE9C0:  00 00 00 00 00 00 00 00  00 00 00 00 00 00 00 00  |................|
7EE9D0:  00 00 00 00 00 00 00 00  00 00 00 00 00 00 00 00  |................|
7EE9E0:  00 00 00 00 00 00 00 00  00 00 00 00 00 00 00 00  |................|
7EE9F0:  00 00 00 00 00 00 00 00  00 00 00 00 00 00 00 00  |................|
7EEA00:  00 00 00 00 00 00 00 00  00 00 00 00 00 00 00 00  |................|
7EEA10:  00 00 00 00 00 00 00 00  00 00 00 00 00 00 00 00  |................|
7EEA20:  00 00 00 00 00 00 00 00  00 00 00 00 00 00 00 00  |................|
7EEA30:  00 00 00 00 00 00 00 00  00 00 00 00 00 00 00 00  |................|
7EEA40:  00 00 00 00 00 00 00 00  00 00 00 00 00 00 00 00  |................|
7EEA50:  00 00 00 00 00 00 00 00  00 00 00 00 00 00 00 00  |................|
7EEA60:  00 00 00 00 00 00 00 00  00 00 00 00 00 00 00 00  |................|
7EEA70:  00 00 00 00 00 00 00 00  00 00 00 00 00 00 00 00  |................|
7EEA80:  00 00 00 00 00 00 00 00  00 00 00 00 00 00 00 00  |................|
7EEA90:  00 00 00 00 00 00 00 00  00 00 00 00 00 00 00 00  |................|
7EEAA0:  00 00 00 00 00 00 00 00  00 00 00 00 00 00 00 00  |................|
7EEAB0:  00 00 00 00 00 00 00 00  00 00 00 00 00 00 00 00  |................|
7EEAC0:  00 00 00 00 00 00 00 00  00 00 00 00 00 00 00 00  |................|
7EEAD0:  00 00 00 00 00 00 00 00  00 00 00 00 00 00 00 00  |................|
7EEAE0:  00 00 00 00 00 00 00 00  00 00 00 00 00 00 00 00  |................|
7EEAF0:  00 00 00 00 00 00 00 00  00 00 00 00 00 00 00 00  |................|
7EEB00:  00 00 00 00 00 00 00 00  00 00 00 00 00 00 00 00  |................|
7EEB10:  00 00 00 00 00 00 00 00  00 00 00 00 00 00 00 00  |................|
7EEB20:  00 00 00 00 00 00 00 00  00 00 00 00 00 00 00 00  |................|
7EEB30:  00 00 00 00 00 00 00 00  00 00 00 00 00 00 00 00  |................|
7EEB40:  00 00 00 00 00 00 00 00  00 00 00 00 00 00 00 00  |................|
7EEB50:  00 00 00 00 00 00 00 00  00 00 00 00 00 00 00 00  |................|
7EEB60:  00 00 00 00 00 00 00 00  00 00 00 00 00 00 00 00  |................|
7EEB70:  00 00 00 00 00 00 00 00  00 00 00 00 00 00 00 00  |................|
7EEB80:  00 00 00 00 00 00 00 00  00 00 00 00 00 00 00 00  |................|
7EEB90:  00 00 00 00 00 00 00 00  00 00 00 00 00 00 00 00  |................|
7EEBA0:  00 00 00 00 00 00 00 00  00 00 00 00 00 00 00 00  |................|
7EEBB0:  00 00 00 00 00 00 00 00  00 00 00 00 00 00 00 00  |................|
7EEBC0:  00 00 00 00 00 00 00 00  00 00 00 00 00 00 00 00  |................|
7EEBD0:  00 00 00 00 00 00 00 00  00 00 00 00 00 00 00 00  |................|
7EEBE0:  00 00 00 00 00 00 00 00  00 00 00 00 00 00 00 00  |................|
7EEBF0:  00 00 00 00 00 00 00 00  00 00 00 00 00 00 00 00  |................|
7EEC00:  00 00 00 00 00 00 00 00  00 00 00 00 00 00 00 00  |................|
7EEC10:  00 00 00 00 00 00 00 00  00 00 00 00 00 00 00 00  |................|
7EEC20:  00 00 00 00 00 00 00 00  00 00 00 00 00 00 00 00  |................|
7EEC30:  00 00 00 00 00 00 00 00  00 00 00 00 00 00 00 00  |................|
7EEC40:  00 00 00 00 00 00 00 00  00 00 00 00 00 00 00 00  |................|
7EEC50:  00 00 00 00 00 00 00 00  00 00 00 00 00 00 00 00  |................|
7EEC60:  00 00 00 00 00 00 00 00  00 00 00 00 00 00 00 00  |................|
7EEC70:  00 00 00 00 00 00 00 00  00 00 00 00 00 00 00 00  |................|
7EEC80:  00 00 00 00 00 00 00 00  00 00 00 00 00 00 00 00  |................|
7EEC90:  00 00 00 00 00 00 00 00  00 00 00 00 00 00 00 00  |................|
7EECA0:  00 00 00 00 00 00 00 00  00 00 00 00 00 00 00 00  |................|
7EECB0:  00 00 00 00 00 00 00 00  00 00 00 00 00 00 00 00  |................|
7EECC0:  00 00 00 00 00 00 00 00  00 00 00 00 00 00 00 00  |................|
7EECD0:  00 00 00 00 00 00 00 00  00 00 00 00 00 00 00 00  |................|
7EECE0:  00 00 00 00 00 00 00 00  00 00 00 00 00 00 00 00  |................|
7EECF0:  00 00 00 00 00 00 00 00  00 00 00 00 00 00 00 00  |................|
7EED00:  00 00 00 00 00 00 00 00  00 00 00 00 00 00 00 00  |................|
7EED10:  00 00 00 00 00 00 00 00  00 00 00 00 00 00 00 00  |................|
7EED20:  00 00 00 00 00 00 00 00  00 00 00 00 00 00 00 00  |................|
7EED30:  00 00 00 00 00 00 00 00  00 00 00 00 00 00 00 00  |................|
7EED40:  00 00 00 00 00 00 00 00  00 00 00 00 00 00 00 00  |................|
7EED50:  00 00 00 00 00 00 00 00  00 00 00 00 00 00 00 00  |................|
7EED60:  00 00 00 00 00 00 00 00  00 00 00 00 00 00 00 00  |................|
7EED70:  00 00 00 00 00 00 00 00  00 00 00 00 00 00 00 00  |................|
7EED80:  00 00 00 00 00 00 00 00  00 00 00 00 00 00 00 00  |................|
7EED90:  00 00 00 00 00 00 00 00  00 00 00 00 00 00 00 00  |................|
7EEDA0:  00 00 00 00 00 00 00 00  00 00 00 00 00 00 00 00  |................|
7EEDB0:  00 00 00 00 00 00 00 00  00 00 00 00 00 00 00 00  |................|
7EEDC0:  00 00 00 00 00 00 00 00  00 00 00 00 00 00 00 00  |................|
7EEDD0:  00 00 00 00 00 00 00 00  00 00 00 00 00 00 00 00  |................|
7EEDE0:  00 00 00 00 00 00 00 00  00 00 00 00 00 00 00 00  |................|
7EEDF0:  00 00 00 00 00 00 00 00  00 00 00 00 00 00 00 00  |................|
7EEE00:  00 00 00 00 00 00 00 00  00 00 00 00 00 00 00 00  |................|
7EEE10:  00 00 00 00 00 00 00 00  00 00 00 00 00 00 00 00  |................|
7EEE20:  00 00 00 00 00 00 00 00  00 00 00 00 00 00 00 00  |................|
7EEE30:  00 00 00 00 00 00 00 00  00 00 00 00 00 00 00 00  |................|
7EEE40:  00 00 00 00 00 00 00 00  00 00 00 00 00 00 00 00  |................|
7EEE50:  00 00 00 00 00 00 00 00  00 00 00 00 00 00 00 00  |................|
7EEE60:  00 00 00 00 00 00 00 00  00 00 00 00 00 00 00 00  |................|
7EEE70:  00 00 00 00 00 00 00 00  00 00 00 00 00 00 00 00  |................|
7EEE80:  00 00 00 00 00 00 00 00  00 00 00 00 00 00 00 00  |................|
7EEE90:  00 00 00 00 00 00 00 00  00 00 00 00 00 00 00 00  |................|
7EEEA0:  00 00 00 00 00 00 00 00  00 00 00 00 00 00 00 00  |................|
7EEEB0:  00 00 00 00 00 00 00 00  00 00 00 00 00 00 00 00  |................|
7EEEC0:  00 00 00 00 00 00 00 00  00 00 00 00 00 00 00 00  |................|
7EEED0:  00 00 00 00 00 00 00 00  00 00 00 00 00 00 00 00  |................|
7EEEE0:  00 00 00 00 00 00 00 00  00 00 00 00 00 00 00 00  |................|
7EEEF0:  00 00 00 00 00 00 00 00  00 00 00 00 00 00 00 00  |................|
7EEF00:  00 00 00 00 00 00 00 00  00 00 00 00 00 00 00 00  |................|
7EEF10:  00 00 00 00 00 00 00 00  00 00 00 00 00 00 00 00  |................|
7EEF20:  00 00 00 00 00 00 00 00  00 00 00 00 00 00 00 00  |................|
7EEF30:  00 00 00 00 00 00 00 00  00 00 00 00 00 00 00 00  |................|
7EEF40:  00 00 00 00 00 00 00 00  00 00 00 00 00 00 00 00  |................|
7EEF50:  00 00 00 00 00 00 00 00  00 00 00 00 00 00 00 00  |................|
7EEF60:  00 00 00 00 00 00 00 00  00 00 00 00 00 00 00 00  |................|
7EEF70:  00 00 00 00 00 00 00 00  00 00 00 00 00 00 00 00  |................|
7EEF80:  00 00 00 00 00 00 00 00  00 00 00 00 00 00 00 00  |................|
7EEF90:  00 00 00 00 00 00 00 00  00 00 00 00 00 00 00 00  |................|
7EEFA0:  00 00 00 00 00 00 00 00  00 00 00 00 00 00 00 00  |................|
7EEFB0:  00 00 00 00 00 00 00 00  00 00 00 00 00 00 00 00  |................|
7EEFC0:  00 00 00 00 00 00 00 00  00 00 00 00 00 00 00 00  |................|
7EEFD0:  00 00 00 00 00 00 00 00  00 00 00 00 00 00 00 00  |................|
7EEFE0:  00 00 00 00 00 00 00 00  00 00 00 00 00 00 00 00  |................|
7EEFF0:  00 00 00 00 00 00 00 00  00 00 00 00 00 00 00 00  |................|
7EF000:  00 00 00 00 00 00 00 00  00 00 00 00 00 00 00 00  |................|
7EF010:  00 00 00 00 00 00 00 00  00 00 00 00 00 00 00 00  |................|
7EF020:  00 00 00 00 00 00 00 00  00 00 00 00 00 00 00 00  |................|
7EF030:  00 00 00 00 00 00 00 00  00 00 00 00 00 00 00 00  |................|
7EF040:  00 00 00 00 00 00 00 00  00 00 00 00 00 00 00 00  |................|
7EF050:  00 00 00 00 00 00 00 00  00 00 00 00 00 00 00 00  |................|
7EF060:  00 00 00 00 00 00 00 00  00 00 00 00 00 00 00 00  |................|
7EF070:  00 00 00 00 00 00 00 00  00 00 00 00 00 00 00 00  |................|
7EF080:  00 00 00 00 00 00 00 00  00 00 00 00 00 00 00 00  |................|
7EF090:  00 00 00 00 00 00 00 00  00 00 00 00 00 00 00 00  |................|
7EF0A0:  00 00 00 00 00 00 00 00  00 00 00 00 00 00 00 00  |................|
7EF0B0:  00 00 00 00 00 00 00 00  00 00 00 00 00 00 00 00  |................|
7EF0C0:  00 00 00 00 00 00 00 00  00 00 00 00 00 00 00 00  |................|
7EF0D0:  00 00 00 00 00 00 00 00  00 00 00 00 00 00 00 00  |................|
7EF0E0:  00 00 00 00 00 00 00 00  00 00 00 00 00 00 00 00  |................|
7EF0F0:  00 00 00 00 00 00 00 00  00 00 00 00 00 00 00 00  |................|
7EF100:  00 00 00 00 00 00 00 00  00 00 00 00 00 00 00 00  |................|
7EF110:  00 00 00 00 00 00 00 00  00 00 00 00 00 00 00 00  |................|
7EF120:  00 00 00 00 00 00 00 00  00 00 00 00 00 00 00 00  |................|
7EF130:  00 00 00 00 00 00 00 00  00 00 00 00 00 00 00 00  |................|
7EF140:  00 00 00 00 00 00 00 00  00 00 00 00 00 00 00 00  |................|
7EF150:  00 00 00 00 00 00 00 00  00 00 00 00 00 00 00 00  |................|
7EF160:  00 00 00 00 00 00 00 00  00 00 00 00 00 00 00 00  |................|
7EF170:  00 00 00 00 00 00 00 00  00 00 00 00 00 00 00 00  |................|
7EF180:  00 00 00 00 00 00 00 00  00 00 00 00 00 00 00 00  |................|
7EF190:  00 00 00 00 00 00 00 00  00 00 00 00 00 00 00 00  |................|
7EF1A0:  00 00 00 00 00 00 00 00  00 00 00 00 00 00 00 00  |................|
7EF1B0:  00 00 00 00 00 00 00 00  00 00 00 00 00 00 00 00  |................|
7EF1C0:  00 00 00 00 00 00 00 00  00 00 00 00 00 00 00 00  |................|
7EF1D0:  00 00 00 00 00 00 00 00  00 00 00 00 00 00 00 00  |................|
7EF1E0:  00 00 00 00 00 00 00 00  00 00 00 00 00 00 00 00  |................|
7EF1F0:  00 00 00 00 00 00 00 00  00 00 00 00 00 00 00 00  |................|
7EF200:  00 00 00 00 00 00 00 00  00 00 00 00 00 00 00 00  |................|
7EF210:  00 00 00 00 00 00 00 00  00 00 00 00 00 00 00 00  |................|
7EF220:  00 00 00 00 00 00 00 00  00 00 00 00 00 00 00 00  |................|
7EF230:  00 00 00 00 00 00 00 00  00 00 00 00 00 00 00 00  |................|
7EF240:  00 00 00 00 00 00 00 00  00 00 00 00 00 00 00 00  |................|
7EF250:  00 00 00 00 00 00 00 00  00 00 00 00 00 00 00 00  |................|
7EF260:  00 00 00 00 00 00 00 00  00 00 00 00 00 00 00 00  |................|
7EF270:  00 00 00 00 00 00 00 00  00 00 00 00 00 00 00 00  |................|
7EF280:  00 00 00 00 00 00 00 00  00 00 00 00 00 00 00 00  |................|
7EF290:  00 00 00 00 00 00 00 00  00 00 00 00 00 00 00 00  |................|
7EF2A0:  00 00 00 00 00 00 00 00  00 00 00 00 00 00 00 00  |................|
7EF2B0:  00 00 00 00 00 00 00 00  00 00 00 00 00 00 00 00  |................|
7EF2C0:  00 00 00 00 00 00 00 00  00 00 00 00 00 00 00 00  |................|
7EF2D0:  00 00 00 00 00 00 00 00  00 00 00 00 00 00 00 00  |................|
7EF2E0:  00 00 00 00 00 00 00 00  00 00 00 00 00 00 00 00  |................|
7EF2F0:  00 00 00 00 00 00 00 00  00 00 00 00 00 00 00 00  |................|
7EF300:  00 00 00 00 00 00 00 00  00 00 00 00 00 00 00 00  |................|
7EF310:  00 00 00 00 00 00 00 00  00 00 00 00 00 00 00 00  |................|
7EF320:  00 00 00 00 00 00 00 00  00 00 00 00 00 00 00 00  |................|
7EF330:  00 00 00 00 00 00 00 00  00 00 00 00 00 00 00 00  |................|
7EF340:  00 00 00 00 00 00 00 00  00 00 00 00 00 00 00 00  |................|
7EF350:  00 00 00 00 00 00 00 00  00 00 00 00 00 00 00 00  |................|
7EF360:  00 00 00 00 00 00 00 00  00 00 00 00 00 00 00 00  |................|
7EF370:  00 00 00 00 00 00 00 00  00 00 00 00 00 00 00 00  |................|
7EF380:  00 00 00 00 00 00 00 00  00 00 00 00 00 00 00 00  |................|
7EF390:  00 00 00 00 00 00 00 00  00 00 00 00 00 00 00 00  |................|
7EF3A0:  00 00 00 00 00 00 00 00  00 00 00 00 00 00 00 00  |................|
7EF3B0:  00 00 00 00 00 00 00 00  00 00 00 00 00 00 00 00  |................|
7EF3C0:  00 00 00 00 00 00 00 00  00 00 00 00 00 00 00 00  |................|
7EF3D0:  00 00 00 00 00 00 00 00  00 00 00 00 00 00 00 00  |................|
7EF3E0:  00 00 00 00 00 00 00 00  00 00 00 00 00 00 00 00  |................|
7EF3F0:  00 00 00 00 00 00 00 00  00 00 00 00 00 00 00 00  |................|
7EF400:  00 00 00 00 00 00 00 00  00 00 00 00 00 00 00 00  |................|
7EF410:  00 00 00 00 00 00 00 00  00 00 00 00 00 00 00 00  |................|
7EF420:  00 00 00 00 00 00 00 00  00 00 00 00 00 00 00 00  |................|
7EF430:  00 00 00 00 00 00 00 00  00 00 00 00 00 00 00 00  |................|
7EF440:  00 00 00 00 00 00 00 00  00 00 00 00 00 00 00 00  |................|
7EF450:  00 00 00 00 00 00 00 00  00 00 00 00 00 00 00 00  |................|
7EF460:  00 00 00 00 00 00 00 00  00 00 00 00 00 00 00 00  |................|
7EF470:  00 00 00 00 00 00 00 00  00 00 00 00 00 00 00 00  |................|
7EF480:  00 00 00 00 00 00 00 00  00 00 00 00 00 00 00 00  |................|
7EF490:  00 00 00 00 00 00 00 00  00 00 00 00 00 00 00 00  |................|
7EF4A0:  00 00 00 00 00 00 00 00  00 00 00 00 00 00 00 00  |................|
7EF4B0:  00 00 00 00 00 00 00 00  00 00 00 00 00 00 00 00  |................|
7EF4C0:  00 00 00 00 00 00 00 00  00 00 00 00 00 00 00 00  |................|
7EF4D0:  00 00 00 00 00 00 00 00  00 00 00 00 00 00 00 00  |................|
7EF4E0:  00 00 00 00 00 00 00 00  00 00 00 00 00 00 00 00  |................|
7EF4F0:  00 00 00 00 00 00 00 00  00 00 00 00 00 00 00 00  |................|
7EF500:  00 00 00 00 00 00 00 00  00 00 00 00 00 00 00 00  |................|
7EF510:  00 00 00 00 00 00 00 00  00 00 00 00 00 00 00 00  |................|
7EF520:  00 00 00 00 00 00 00 00  00 00 00 00 00 00 00 00  |................|
7EF530:  00 00 00 00 00 00 00 00  00 00 00 00 00 00 00 00  |................|
7EF540:  00 00 00 00 00 00 00 00  00 00 00 00 00 00 00 00  |................|
7EF550:  00 00 00 00 00 00 00 00  00 00 00 00 00 00 00 00  |................|
7EF560:  00 00 00 00 00 00 00 00  00 00 00 00 00 00 00 00  |................|
7EF570:  00 00 00 00 00 00 00 00  00 00 00 00 00 00 00 00  |................|
7EF580:  00 00 00 00 00 00 00 00  00 00 00 00 00 00 00 00  |................|
7EF590:  00 00 00 00 00 00 00 00  00 00 00 00 00 00 00 00  |................|
7EF5A0:  00 00 00 00 00 00 00 00  00 00 00 00 00 00 00 00  |................|
7EF5B0:  00 00 00 00 00 00 00 00  00 00 00 00 00 00 00 00  |................|
7EF5C0:  00 00 00 00 00 00 00 00  00 00 00 00 00 00 00 00  |................|
7EF5D0:  00 00 00 00 00 00 00 00  00 00 00 00 00 00 00 00  |................|
7EF5E0:  00 00 00 00 00 00 00 00  00 00 00 00 00 00 00 00  |................|
7EF5F0:  00 00 00 00 00 00 00 00  00 00 00 00 00 00 00 00  |................|
7EF600:  00 00 00 00 00 00 00 00  00 00 00 00 00 00 00 00  |................|
7EF610:  00 00 00 00 00 00 00 00  00 00 00 00 00 00 00 00  |................|
7EF620:  00 00 00 00 00 00 00 00  00 00 00 00 00 00 00 00  |................|
7EF630:  00 00 00 00 00 00 00 00  00 00 00 00 00 00 00 00  |................|
7EF640:  00 00 00 00 00 00 00 00  00 00 00 00 00 00 00 00  |................|
7EF650:  00 00 00 00 00 00 00 00  00 00 00 00 00 00 00 00  |................|
7EF660:  00 00 00 00 00 00 00 00  00 00 00 00 00 00 00 00  |................|
7EF670:  00 00 00 00 00 00 00 00  00 00 00 00 00 00 00 00  |................|
7EF680:  00 00 00 00 00 00 00 00  00 00 00 00 00 00 00 00  |................|
7EF690:  00 00 00 00 00 00 00 00  00 00 00 00 00 00 00 00  |................|
7EF6A0:  00 00 00 00 00 00 00 00  00 00 00 00 00 00 00 00  |................|
7EF6B0:  00 00 00 00 00 00 00 00  00 00 00 00 00 00 00 00  |................|
7EF6C0:  00 00 00 00 00 00 00 00  00 00 00 00 00 00 00 00  |................|
7EF6D0:  00 00 00 00 00 00 00 00  00 00 00 00 00 00 00 00  |................|
7EF6E0:  00 00 00 00 00 00 00 00  00 00 00 00 00 00 00 00  |................|
7EF6F0:  00 00 00 00 00 00 00 00  00 00 00 00 00 00 00 00  |................|
7EF700:  00 00 00 00 00 00 00 00  00 00 00 00 00 00 00 00  |................|
7EF710:  00 00 00 00 00 00 00 00  00 00 00 00 00 00 00 00  |................|
7EF720:  00 00 00 00 00 00 00 00  00 00 00 00 00 00 00 00  |................|
7EF730:  00 00 00 00 00 00 00 00  00 00 00 00 00 00 00 00  |................|
7EF740:  00 00 00 00 00 00 00 00  00 00 00 00 00 00 00 00  |................|
7EF750:  00 00 00 00 00 00 00 00  00 00 00 00 00 00 00 00  |................|
7EF760:  00 00 00 00 00 00 00 00  00 00 00 00 00 00 00 00  |................|
7EF770:  00 00 00 00 00 00 00 00  00 00 00 00 00 00 00 00  |................|
7EF780:  00 00 00 00 00 00 00 00  00 00 00 00 00 00 00 00  |................|
7EF790:  00 00 00 00 00 00 00 00  00 00 00 00 00 00 00 00  |................|
7EF7A0:  00 00 00 00 00 00 00 00  00 00 00 00 00 00 00 00  |................|
7EF7B0:  00 00 00 00 00 00 00 00  00 00 00 00 00 00 00 00  |................|
7EF7C0:  00 00 00 00 00 00 00 00  00 00 00 00 00 00 00 00  |................|
7EF7D0:  00 00 00 00 00 00 00 00  00 00 00 00 00 00 00 00  |................|
7EF7E0:  00 00 00 00 00 00 00 00  00 00 00 00 00 00 00 00  |................|
7EF7F0:  00 00 00 00 00 00 00 00  00 00 00 00 00 00 00 00  |................|
7EF800:  00 00 00 00 00 00 00 00  00 00 00 00 00 00 00 00  |................|
7EF810:  00 00 00 00 00 00 00 00  00 00 00 00 00 00 00 00  |................|
7EF820:  00 00 00 00 00 00 00 00  00 00 00 00 00 00 00 00  |................|
7EF830:  00 00 00 00 00 00 00 00  00 00 00 00 00 00 00 00  |................|
7EF840:  00 00 00 00 00 00 00 00  00 00 00 00 00 00 00 00  |................|
7EF850:  00 00 00 00 00 00 00 00  00 00 00 00 00 00 00 00  |................|
7EF860:  00 00 00 00 00 00 00 00  00 00 00 00 00 00 00 00  |................|
7EF870:  00 00 00 00 00 00 00 00  00 00 00 00 00 00 00 00  |................|
7EF880:  00 00 00 00 00 00 00 00  00 00 00 00 00 00 00 00  |................|
7EF890:  00 00 00 00 00 00 00 00  00 00 00 00 00 00 00 00  |................|
7EF8A0:  00 00 00 00 00 00 00 00  00 00 00 00 00 00 00 00  |................|
7EF8B0:  00 00 00 00 00 00 00 00  00 00 00 00 00 00 00 00  |................|
7EF8C0:  00 00 00 00 00 00 00 00  00 00 00 00 00 00 00 00  |................|
7EF8D0:  00 00 00 00 00 00 00 00  00 00 00 00 00 00 00 00  |................|
7EF8E0:  00 00 00 00 00 00 00 00  00 00 00 00 00 00 00 00  |................|
7EF8F0:  00 00 00 00 00 00 00 00  00 00 00 00 00 00 00 00  |................|
7EF900:  00 00 00 00 00 00 00 00  00 00 00 00 00 00 00 00  |................|
7EF910:  00 00 00 00 00 00 00 00  00 00 00 00 00 00 00 00  |................|
7EF920:  00 00 00 00 00 00 00 00  00 00 00 00 00 00 00 00  |................|
7EF930:  00 00 00 00 00 00 00 00  00 00 00 00 00 00 00 00  |................|
7EF940:  00 00 00 00 00 00 00 00  00 00 00 00 00 00 00 00  |................|
7EF950:  00 00 00 00 00 00 00 00  00 00 00 00 00 00 00 00  |................|
7EF960:  00 00 00 00 00 00 00 00  00 00 00 00 00 00 00 00  |................|
7EF970:  00 00 00 00 00 00 00 00  00 00 00 00 00 00 00 00  |................|
7EF980:  00 00 00 00 00 00 00 00  00 00 00 00 00 00 00 00  |................|
7EF990:  00 00 00 00 00 00 00 00  00 00 00 00 00 00 00 00  |................|
7EF9A0:  00 00 00 00 00 00 00 00  00 00 00 00 00 00 00 00  |................|
7EF9B0:  00 00 00 00 00 00 00 00  00 00 00 00 00 00 00 00  |................|
7EF9C0:  00 00 00 00 00 00 00 00  00 00 00 00 00 00 00 00  |................|
7EF9D0:  00 00 00 00 00 00 00 00  00 00 00 00 00 00 00 00  |................|
7EF9E0:  00 00 00 00 00 00 00 00  00 00 00 00 00 00 00 00  |................|
7EF9F0:  00 00 00 00 00 00 00 00  00 00 00 00 00 00 00 00  |................|
7EFA00:  00 00 00 00 00 00 00 00  00 00 00 00 00 00 00 00  |................|
7EFA10:  00 00 00 00 00 00 00 00  00 00 00 00 00 00 00 00  |................|
7EFA20:  00 00 00 00 00 00 00 00  00 00 00 00 00 00 00 00  |................|
7EFA30:  00 00 00 00 00 00 00 00  00 00 00 00 00 00 00 00  |................|
7EFA40:  00 00 00 00 00 00 00 00  00 00 00 00 00 00 00 00  |................|
7EFA50:  00 00 00 00 00 00 00 00  00 00 00 00 00 00 00 00  |................|
7EFA60:  00 00 00 00 00 00 00 00  00 00 00 00 00 00 00 00  |................|
7EFA70:  00 00 00 00 00 00 00 00  00 00 00 00 00 00 00 00  |................|
7EFA80:  00 00 00 00 00 00 00 00  00 00 00 00 00 00 00 00  |................|
7EFA90:  00 00 00 00 00 00 00 00  00 00 00 00 00 00 00 00  |................|
7EFAA0:  00 00 00 00 00 00 00 00  00 00 00 00 00 00 00 00  |................|
7EFAB0:  00 00 00 00 00 00 00 00  00 00 00 00 00 00 00 00  |................|
7EFAC0:  00 00 00 00 00 00 00 00  00 00 00 00 00 00 00 00  |................|
7EFAD0:  00 00 00 00 00 00 00 00  00 00 00 00 00 00 00 00  |................|
7EFAE0:  00 00 00 00 00 00 00 00  00 00 00 00 00 00 00 00  |................|
7EFAF0:  00 00 00 00 00 00 00 00  00 00 00 00 00 00 00 00  |................|
7EFB00:  00 00 00 00 00 00 00 00  00 00 00 00 00 00 00 00  |................|
7EFB10:  00 00 00 00 00 00 00 00  00 00 00 00 00 00 00 00  |................|
7EFB20:  00 00 00 00 00 00 00 00  00 00 00 00 00 00 00 00  |................|
7EFB30:  00 00 00 00 00 00 00 00  00 00 00 00 00 00 00 00  |................|
7EFB40:  00 00 00 00 00 00 00 00  00 00 00 00 00 00 00 00  |................|
7EFB50:  00 00 00 00 00 00 00 00  00 00 00 00 00 00 00 00  |................|
7EFB60:  00 00 00 00 00 00 00 00  00 00 00 00 00 00 00 00  |................|
7EFB70:  00 00 00 00 00 00 00 00  00 00 00 00 00 00 00 00  |................|
7EFB80:  00 00 00 00 00 00 00 00  00 00 00 00 00 00 00 00  |................|
7EFB90:  00 00 00 00 00 00 00 00  00 00 00 00 00 00 00 00  |................|
7EFBA0:  00 00 00 00 00 00 00 00  00 00 00 00 00 00 00 00  |................|
7EFBB0:  00 00 00 00 00 00 00 00  00 00 00 00 00 00 00 00  |................|
7EFBC0:  00 00 00 00 00 00 00 00  00 00 00 00 00 00 00 00  |................|
7EFBD0:  00 00 00 00 00 00 00 00  00 00 00 00 00 00 00 00  |................|
7EFBE0:  00 00 00 00 00 00 00 00  00 00 00 00 00 00 00 00  |................|
7EFBF0:  00 00 00 00 00 00 00 00  00 00 00 00 00 00 00 00  |................|
7EFC00:  00 00 00 00 00 00 00 00  00 00 00 00 00 00 00 00  |................|
7EFC10:  00 00 00 00 00 00 00 00  00 00 00 00 00 00 00 00  |................|
7EFC20:  00 00 00 00 00 00 00 00  00 00 00 00 00 00 00 00  |................|
7EFC30:  00 00 00 00 00 00 00 00  00 00 00 00 00 00 00 00  |................|
7EFC40:  00 00 00 00 00 00 00 00  00 00 00 00 00 00 00 00  |................|
7EFC50:  00 00 00 00 00 00 00 00  00 00 00 00 00 00 00 00  |................|
7EFC60:  00 00 00 00 00 00 00 00  00 00 00 00 00 00 00 00  |................|
7EFC70:  00 00 00 00 00 00 00 00  00 00 00 00 00 00 00 00  |................|
7EFC80:  00 00 00 00 00 00 00 00  00 00 00 00 00 00 00 00  |................|
7EFC90:  00 00 00 00 00 00 00 00  00 00 00 00 00 00 00 00  |................|
7EFCA0:  00 00 00 00 00 00 00 00  00 00 00 00 00 00 00 00  |................|
7EFCB0:  00 00 00 00 00 00 00 00  00 00 00 00 00 00 00 00  |................|
7EFCC0:  00 00 00 00 00 00 00 00  00 00 00 00 00 00 00 00  |................|
7EFCD0:  00 00 00 00 00 00 00 00  00 00 00 00 00 00 00 00  |................|
7EFCE0:  00 00 00 00 00 00 00 00  00 00 00 00 00 00 00 00  |................|
7EFCF0:  00 00 00 00 00 00 00 00  00 00 00 00 00 00 00 00  |................|
7EFD00:  00 00 00 00 00 00 00 00  00 00 00 00 00 00 00 00  |................|
7EFD10:  00 00 00 00 00 00 00 00  00 00 00 00 00 00 00 00  |................|
7EFD20:  00 00 00 00 00 00 00 00  00 00 00 00 00 00 00 00  |................|
7EFD30:  00 00 00 00 00 00 00 00  00 00 00 00 00 00 00 00  |................|
7EFD40:  00 00 00 00 00 00 00 00  00 00 00 00 00 00 00 00  |................|
7EFD50:  00 00 00 00 00 00 00 00  00 00 00 00 00 00 00 00  |................|
7EFD60:  00 00 00 00 00 00 00 00  00 00 00 00 00 00 00 00  |................|
7EFD70:  00 00 00 00 00 00 00 00  00 00 00 00 00 00 00 00  |................|
7EFD80:  00 00 00 00 00 00 00 00  00 00 00 00 00 00 00 00  |................|
7EFD90:  00 00 00 00 00 00 00 00  00 00 00 00 00 00 00 00  |................|
7EFDA0:  00 00 00 00 00 00 00 00  00 00 00 00 00 00 00 00  |................|
7EFDB0:  00 00 00 00 00 00 00 00  00 00 00 00 00 00 00 00  |................|
7EFDC0:  00 00 00 00 00 00 00 00  00 00 00 00 00 00 00 00  |................|
7EFDD0:  00 00 00 00 00 00 00 00  00 00 00 00 00 00 00 00  |................|
7EFDE0:  00 00 00 00 00 00 00 00  00 00 00 00 00 00 00 00  |................|
7EFDF0:  00 00 00 00 00 00 00 00  00 00 00 00 00 00 00 00  |................|
7EFE00:  00 00 00 00 00 00 00 00  00 00 00 00 00 00 00 00  |................|
7EFE10:  00 00 00 00 00 00 00 00  00 00 00 00 00 00 00 00  |................|
7EFE20:  00 00 00 00 00 00 00 00  00 00 00 00 00 00 00 00  |................|
7EFE30:  00 00 00 00 00 00 00 00  00 00 00 00 00 00 00 00  |................|
7EFE40:  00 00 00 00 00 00 00 00  00 00 00 00 00 00 00 00  |................|
7EFE50:  00 00 00 00 00 00 00 00  00 00 00 00 00 00 00 00  |................|
7EFE60:  00 00 00 00 00 00 00 00  00 00 00 00 00 00 00 00  |................|
7EFE70:  00 00 00 00 00 00 00 00  00 00 00 00 00 00 00 00  |................|
7EFE80:  00 00 00 00 00 00 00 00  00 00 00 00 00 00 00 00  |................|
7EFE90:  00 00 00 00 00 00 00 00  00 00 00 00 00 00 00 00  |................|
7EFEA0:  00 00 00 00 00 00 00 00  00 00 00 00 00 00 00 00  |................|
7EFEB0:  00 00 00 00 00 00 00 00  00 00 00 00 00 00 00 00  |................|
7EFEC0:  00 00 00 00 00 00 00 00  00 00 00 00 00 00 00 00  |................|
7EFED0:  00 00 00 00 00 00 00 00  00 00 00 00 00 00 00 00  |................|
7EFEE0:  00 00 00 00 00 00 00 00  00 00 00 00 00 00 00 00  |................|
7EFEF0:  00 00 00 00 00 00 00 00  00 00 00 00 00 00 00 00  |................|
7EFF00:  00 00 00 00 00 00 00 00  00 00 00 00 00 00 00 00  |................|
7EFF10:  00 00 00 00 00 00 00 00  00 00 00 00 00 00 00 00  |................|
7EFF20:  00 00 00 00 00 00 00 00  00 00 00 00 00 00 00 00  |................|
7EFF30:  00 00 00 00 00 00 00 00  00 00 00 00 00 00 00 00  |................|
7EFF40:  00 00 00 00 00 00 00 00  00 00 00 00 00 00 00 00  |................|
7EFF50:  00 00 00 00 00 00 00 00  00 00 00 00 00 00 00 00  |................|
7EFF60:  00 00 00 00 00 00 00 00  00 00 00 00 00 00 00 00  |................|
7EFF70:  00 00 00 00 00 00 00 00  00 00 00 00 00 00 00 00  |................|
7EFF80:  00 00 00 00 00 00 00 00  00 00 00 00 00 00 00 00  |................|
7EFF90:  00 00 00 00 00 00 00 00  00 00 00 00 00 00 00 00  |................|
7EFFA0:  00 00 00 00 00 00 00 00  00 00 00 00 00 00 00 00  |................|
7EFFB0:  00 00 00 00 00 00 00 00  00 00 00 00 00 00 00 00  |................|
7EFFC0:  00 00 00 00 00 00 00 00  00 00 00 00 00 00 00 00  |................|
7EFFD0:  00 00 00 00 00 00 00 00  00 00 00 00 00 00 00 00  |................|
7EFFE0:  00 00 00 00 00 00 00 00  00 00 00 00 00 00 00 00  |................|
7EFFF0:  00 00 00 00 00 00 00 00  00 00 00 00 00 00 00 00  |................|

--- ROM (Bank 80+) ($808000-$FFFFFF, 8355840 bytes) ---
Description: Cartridge ROM (LoROM upper banks)
Access: R

808000:  78 9C 00 42 9C 40 21 9C  41 21 9C 42 21 9C 43 21  |x..B.@!.A!.B!.C!|
808010:  64 45 18 FB C2 30 A9 00  00 5B A9 FF 1F 1B C2 20  |dE...0...[..... |
808020:  E2 10 A2 00 DA AB 64 43  5C 7F 81 15 20 08 86 6B  |......dC\... ..k|
808030:  20 42 86 6B 4C E9 85 00  04 08 0C 0F 12 15 19 20  | B.kL.......... |
808040:  28 31 3B 45 4F C0 C0 C0  C0 80 80 80 80 80 00 00  |(1;EO...........|
808050:  00 00 00 00 01 09 09 19  39 39 39 3B 3B 7B 7B 7B  |........999;;{{{|
808060:  7B 04 04 05 07 07 07 07  0F 0F 0F 0F 0F 0F 0F 00  |{...............|
808070:  00 E7 C7 C7 C7 C7 C7 87  87 87 87 87 87 01 01 01  |................|
808080:  02 02 02 03 03 03 04 04  05 05 06 78 78 70 70 70  |...........xxppp|
808090:  70 70 70 70 70 70 70 60  50 20 FE E0 FD 80 FD C0  |ppppppp`P ......|
8080A0:  FD 60 FE C0 01 00 02 60  02 20 02 80 01 E0 FD C0  |.`.....`. ......|
8080B0:  FD A0 FD E0 FD A0 FD 00  02 20 02 40 02 00 02 40  |......... .@...@|
8080C0:  02 0B 0E 11 14 06 07 08  0A 0C 0F 16 1A 20 30 03  |............. 0.|
8080D0:  00 04 00 05 00 06 00 08  00 0A 00 0D 00 12 00 18  |................|
8080E0:  00 30 00 A0 17 A0 0D 80  13 80 0E 80 18 60 11 A0  |.0...........`..|
8080F0:  15 03 00 06 00 09 00 58  C0 90 D0 00 02 17 0F 00  |.......X........|
808100:  01 0E 07 01 00 05 06 00  00 07 0F 01 01 01 01 01  |................|
808110:  02 02 02 02 02 20 20 20  20 40 40 10 10 10 10 10  |.....    @@.....|
808120:  10 10 10 40 08 08 20 20  20 20 20 01 04 04 04 04  |...@..     .....|
808130:  04 04 04 04 04 04 08 08  08 02 02 7B 69 68 01 08  |...........{ih..|
808140:  1F 00 E0 03 00 7C 01 00  20 00 00 04 38 10 E1 2D  |.....|.. ...8..-|
808150:  04 00 00 01 FF 00 00 00  00 33 82 15 08 4F 31 50  |.........3...O1P|
808160:  08 00 00 01 FF 00 00 00  00 50 82 15 3E 5F A9 CB  |.........P..>_..|
808170:  09 00 00 01 FF 00 00 00  00 5F 82 15 AD 42 7C 13  |........._...B|.|
808180:  07 00 00 01 FF 00 00 00  00 6E 82 15 09 A3 46 15  |.........n....F.|
808190:  01 00 00 01 FF 00 00 00  00 C1 81 15 18 10 08 00  |................|
8081A0:  18 99 30 8A F1 04 00 00  01 FF 00 00 00 00 0D 84  |..0.............|
8081B0:  15 06 3E 90 87 08 00 00  01 FF 00 00 00 00 28 84  |..>...........(.|
8081C0:  15 10 08 01 00 01 00 00  01 00 00 01 00 00 00 00  |................|
8081D0:  0C 0B 09 08 07 05 04 03  01 0E 11 10 0F 0B 00 0C  |................|
8081E0:  00 00 00 01 00 02 00 03  00 04 00 05 00 06 00 07  |................|
8081F0:  00 08 00 09 00 0A 00 51  23 DE 85 04 00 00 10 FF  |.......Q#.......|
808200:  00 00 00 00 DA 85 15 D9  10 DA 10 DB 10 DC 10 DC  |................|
808210:  10 DB 10 DB 10 DA 10 D9  10 D9 10 DD 10 DD 10 DE  |................|
808220:  10 DE 10 DE 10 DD 10 BA  82 B4 82 AE 82 A8 82 BA  |................|
808230:  82 EC 82 E6 82 E0 82 0D  0E 0F 10 14 0A 00 16 17  |................|
808240:  16 04 1B 1A 1B 20 00 00  00 A0 FF 60 00 90 FF 70  |..... .....`...p|
808250:  00 40 FF 80 F8 C0 00 80  F8 80 FF C0 F7 C0 00 C0  |.@..............|
808260:  F7 20 FD C0 F9 E0 02 C0  F9 01 00 02 00 04 00 08  |. ..............|
808270:  00 10 00 20 00 40 00 80  00 00 01 00 02 00 04 00  |... .@..........|
808280:  08 00 10 00 20 00 40 00  80 60 00 90 00 70 FF A0  |.... .@..`...p..|
808290:  FF C0 FF 40 00 08 00 06  02 04 1C 14 1A 16 18 2C  |...@...........,|
8082A0:  24 2A 26 28 E0 FF 20 00  DF 10 E0 10 E1 10 DF 10  |$*&(.. .........|
8082B0:  E0 10 E1 10 DF 10 E0 10  E1 10 00 00 00 00 00 00  |................|
8082C0:  00 00 00 00 00 00 00 00  00 00 00 00 CF 14 D0 14  |................|
8082D0:  D1 14 D2 14 D3 14 D4 14  D5 1C D6 1C D7 18 D8 18  |................|
8082E0:  E2 10 E3 10 E4 10 E2 10  E3 10 E4 10 E2 10 E3 10  |................|
8082F0:  E4 10 00 00 00 00 00 00  00 00 00 00 00 00 D5 D5  |................|
808300:  95 95 D7 C0 B0 A0 80 C0  10 00 14 00 1A 00 20 00  |.............. .|
808310:  12 00 00 04 E0 FF 20 00  00 00 04 00 04 00 05 00  |...... .........|
808320:  05 00 06 00 06 00 07 00  27 00 28 00 28 00 29 00  |........'.(.(.).|
808330:  29 00 2A 00 4A 00 4B 00  4B 00 4C 00 4C 00 4D 00  |).*.J.K.K.L.L.M.|
808340:  6D 00 6E 00 6E 00 6F 00  6F 00 70 00 90 00 91 00  |m.n.n.o.o.p.....|
808350:  91 00 92 00 92 00 B3 00  B3 00 B3 00 B3 00 D3 00  |................|
808360:  D3 00 D3 00 F4 00 F4 04  F4 04 14 05 14 05 14 05  |................|
808370:  34 05 35 05 35 05 55 09  55 09 55 09 75 09 75 09  |4.5.5.U.U.U.u.u.|
808380:  76 09 96 09 96 0D 96 0D  B6 0D B6 0D B6 0D B7 0D  |v...............|
808390:  D7 0D D7 0D D7 11 F7 11  F7 11 F7 11 18 12 18 12  |................|
8083A0:  18 12 38 16 38 16 38 16  58 16 59 16 59 16 79 16  |..8.8.8.X.Y.Y.y.|
8083B0:  79 16 79 1A 99 1A 99 1A  9A 1A BA 1A BA 1A BA 1A  |y.y.............|
8083C0:  BA 1E DA 1E DA 1E DB 1E  FB 1E FB 1E FB 1E 1B 1F  |................|
8083D0:  1B 23 1B 23 3C 23 3C 23  3C 23 5C 23 5C 23 5C 27  |.#.#<#<#<#\#\#\'|
8083E0:  7C 27 7D 27 7D 27 9D 27  9D 27 9D 27 BD 27 BD 2B  ||'}'}'.'.'.'.'.+|
8083F0:  BE 2B BE 2B DE 2B DE 2B  03 01 06 01 09 01 0C 01  |.+.+.+.+........|
808400:  08 04 02 01 04 08 02 01  02 02 04 04 00 FF 00 00  |................|
808410:  31 00 00 08 00 00 00 3F  00 00 28 00 00 18 00 00  |1......?..(.....|
808420:  38 00 00 08 00 00 00 00  00 00 00 25 00 00 60 7E  |8..........%..`~|
808430:  43 00 00 40 02 17 00 00  F7 5E 39 00 00 10 42 17  |C..@.....^9...B.|
808440:  00 00 39 67 05 00 00 00  03 00 05 05 19 20 0F 13  |..9g......... ..|
808450:  50 40 50 00 D0 FF 00 02  00 FE 00 04 00 FC 03 06  |P@P.............|
808460:  0C 30 60 90 01 02 03 04  03 02 01 00 03 09 06 0D  |.0`.............|
808470:  01 04 0A 07 0E 00 03 0B  06 0F 01 04 0A 00 0E 03  |................|
808480:  07 09 01 0D 04 0C 00 10  03 09 06 0D 01 0C 04 10  |................|
808490:  00 09 03 0D 07 0A 01 0E  04 09 00 0D 03 06 0A 01  |................|
8084A0:  0E 04 07 0B 00 0F 06 01  0A 07 0E 03 00 06 04 0B  |................|
8084B0:  01 03 00 0F 07 04 0A 01  0E 06 09 00 0D 03 0A 01  |................|
8084C0:  0E 04 07 09 0D 00 03 0A  06 0E 01 0B 04 0F 07 0A  |................|
8084D0:  00 0E 03 0F 01 0B 04 06  0E 03 07 0A 04 10 0C 02  |................|
8084E0:  05 0B 08 0F 01 04 0A 07  0E 02 05 0B 08 0F 01 04  |................|
8084F0:  0A 02 0E 05 07 0B 01 0F  04 0A 02 0E 05 0B 08 0F  |................|
808500:  01 0A 04 0E 02 0B 05 0F  07 0A 01 0E 04 0B 02 0F  |................|
808510:  05 08 0A 01 0E 04 07 0B  02 0F 08 01 0A 07 0E 05  |................|
808520:  02 08 04 0B 01 05 02 0F  07 04 0A 01 0E 08 0B 02  |................|
808530:  0F 05 0A 01 0E 04 07 0B  0F 02 05 0A 08 0E 01 0B  |................|
808540:  04 0F 07 0A 02 0E 05 0F  01 0B 04 08 0E 05 07 0A  |................|
808550:  04 0E 0A D7 B2 8D B5 29  B8 87 BD 4A C0 26 C3 3F  |.......)...J.&.?|
808560:  C9 95 CC E4 CF 06 D3 02  D4 02 D5 FC D5 33 D7 B9  |.............3..|
808570:  D7 48 D8 D0 D8 08 71 08  71 08 71 98 74 98 74 98  |.H....q.q.q.t.t.|
808580:  74 80 78 80 78 80 78 A0  7B A0 7B A0 7B A0 7B B0  |t.x.x.x.{.{.{.{.|
808590:  7C B0 7C B0 7C B0 7C 00  00 00 0D 00 17 00 18 18  ||.|.|.|.........|
8085A0:  10 18 18 18 00 21 05 24  05 30 05 27 05 2A 05 2D  |.....!.$.0.'.*.-|
8085B0:  05 32 05 1D 05 40 5C 68  80 B8 D0 00 00 5C 5C 00  |.2...@\h.....\\.|
8085C0:  B8 D0 FF FF C4 C4 00 5B  38 00 00 00 08 00 10 00  |.......[8.......|
8085D0:  18 00 10 20 30 40 50 60  00 20 08 1D 17 01 00 12  |... 0@P`. ......|
8085E0:  00 01 00 12 00 18 00 12  00 08 C2 30 A0 D5 03 A2  |...........0....|
8085F0:  59 86 A9 AB 00 54 00 00  C2 30 A0 2B 00 A2 05 87  |Y....T...0.+....|
808600:  A9 09 00 54 00 00 28 6B  EB A5 DE F0 04 A9 00 80  |...T..(k........|
808610:  30 EB 85 37 85 3A 8D 09  04 86 35 84 DA C2 20 E2  |0..7.:....5... .|
808620:  10 A9 00 00 85 2C A0 00  B7 35 85 38 E6 35 E2 20  |.....,...5.8.5. |
808630:  C2 10 64 DF A9 FF 85 E1  A9 02 8D D3 03 A9 01 85  |..d.............|
808640:  DE 60 A5 DE C9 01 D0 10  AD 3F 21 A0 00 20 30 04  |.`.......?!.. 0.|
808650:  C9 FF D0 04 A5 E1 85 DE  60 CE D3 03 D0 03 A9 FF  |........`.......|
808660:  60 C2 20 A5 2C 38 E9 00  00 85 DC A9 00 10 85 2C  |`. .,8.........,|
808670:  E2 20 80 40 C2 30 A4 2C  98 18 65 3B 85 2C A6 38  |. .@.0.,..e;.,.8|
808680:  8A 18 65 3B 85 38 A5 3B  E9 00 00 54 7F 00 E2 30  |..e;.8.;...T...0|
808690:  A0 00 5A AB AD 37 21 AD  3D 21 EB AD 3D 21 29 01  |..Z..7!.=!..=!).|
8086A0:  EB C2 20 C9 E2 00 B0 0A  C9 DC 00 90 05 E2 20 A9  |.. ........... .|
8086B0:  01 60 E2 20 E6 35 D0 02  E6 36 B7 35 AA F0 9A 10  |.`. .5...6.5....|
8086C0:  0E 29 1F 85 3C E6 35 D0  02 E6 36 B7 35 80 04 64  |.)..<.5...6.5..d|
8086D0:  3C 29 1F 85 3B 8A 29 60  F0 9A C9 20 D0 0A B7 38  |<)..;.)`... ...8|
8086E0:  E6 38 D0 0A E6 39 80 06  29 20 F0 02 A9 FF C2 10  |.8...9..) ......|
8086F0:  A6 3B CA 4C 2B 00 C2 20  E2 10 A5 2C 18 65 3B 85  |.;.L+.. ...,.e;.|
808700:  2C E2 30 80 8F 9F 00 00  7F CA 10 F9 4C 72 04 08  |,.0.........Lr..|
808710:  C2 30 48 A5 43 D0 04 5C  82 81 15 5C C8 FF 01 40  |.0H.C..\...\...@|
808720:  4A A8 0D 86 01 8D 86 01  F0 04 98 20 42 87 E8 AD  |J.......... B...|
808730:  80 01 29 0F 00 20 42 87  AE 82 01 AD DE 01 EB 4C  |..).. B........L|
808740:  76 87 18 69 01 00 9D 00  01 60 01 00 02 00 04 00  |v..i.....`......|
808750:  08 00 10 00 20 00 40 00  80 00 00 01 00 02 00 04  |.... .@.........|
808760:  01 00 02 00 04 00 08 00  16 00 32 00 64 00 28 01  |..........2.d.(.|
808770:  56 02 12 05 24 10 A8 29  FF 00 8D DC 01 98 EB 29  |V...$..).......)|
808780:  FF 00 EB 0A 0A 8D DE 01  8A 29 FF 00 0A 0A 0A 0A  |.........)......|
808790:  0A 0A 8D E4 01 8A EB 29  FF 00 0A 8D E2 01 A9 00  |.......)........|
8087A0:  00 8D E0 01 8B E2 20 A9  00 48 AB C2 20 AD E4 01  |...... ..H.. ...|
8087B0:  18 6D E2 01 69 00 80 85  24 A9 7E 00 85 26 AD DC  |.m..i...$.~..&..|
8087C0:  01 0A AA BD E8 87 85 1C  A0 00 00 B1 1C 29 FF 00  |.............)..|
8087D0:  F0 14 C9 20 00 D0 03 A9  00 00 09 00 20 87 24 E6  |... ........ .$.|
8087E0:  24 E6 24 C8 80 E5 AB 60  00 01 78 D8 18 FB C2 30  |$.$....`..x....0|
8087F0:  A9 FF 1F 1B A9 00 00 5B  A9 00 00 48 AB AB 20 00  |.......[...H.. .|
808800:  C2 30 A9 00 00 4C 32 89  C2 30 A9 01 00 4C 32 89  |.0...L2..0...L2.|
808810:  C2 30 A9 03 00 4C 32 89  DA 5A 0B EE 20 09 E2 20  |.0...L2..Z.. .. |
808820:  A5 5E 48 09 80 85 5E 8D  00 21 C2 20 24 50 30 49  |.^H...^..!. $P0I|
808830:  20 B7 E3 A5 58 F0 05 20  DF 88 80 07 A5 56 F0 03  | ...X.. .....V..|
808840:  20 AB 88 22 72 D6 00 20  35 F4 AD 3E 09 F0 2A A5  | .."r.. 5..>..*.|
808850:  5A C5 5C D0 24 9C 00 43  A9 04 21 8D 01 43 A9 C1  |Z.\.$..C..!..C..|
808860:  15 8D 02 43 9C 04 43 A9  20 02 8D 05 43 9C 02 21  |...C..C. ...C..!|
808870:  A9 01 00 8D 0B 42 9C 3E  09 E2 20 68 85 5E 8D 00  |.....B.>.. h.^..|
808880:  21 A9 10 8D 2D 21 A9 02  8D 30 21 A9 04 05 68 8D  |!...-!...0!...h.|
808890:  31 21 A9 E0 8D 32 21 C2  30 A5 66 8D 0C 42 AD 10  |1!...2!.0.f..B..|
8088A0:  42 9C 16 21 20 1C E1 2B  7A FA 6B 85 52 E2 10 AE  |B..! ..+z.k.R...|
8088B0:  7F 09 8E 04 43 A2 18 8E  01 43 A2 01 8E 00 43 A2  |....C....C....C.|
8088C0:  80 8E 15 21 A5 52 8D 02  43 AD 7D 09 8D 16 21 AD  |...!.R..C.}...!.|
8088D0:  7B 09 8D 05 43 A2 01 8E  0B 42 C2 10 64 56 60 85  |{...C....B..dV`.|
8088E0:  52 E2 10 AE 7A 09 8E 04  43 A2 18 8E 01 43 A2 01  |R...z...C....C..|
8088F0:  8E 00 43 A2 80 8E 15 21  A5 52 8D 02 43 AD 78 09  |..C....!.R..C.x.|
808900:  8D 16 21 AD 76 09 8D 05  43 A2 01 8E 0B 42 C2 10  |..!.v...C....B..|
808910:  64 58 60 A9 8A 0D 8B 0D  8B 97 8B 23 89 28 89 28  |dX`........#.(.(|
808920:  89 2D 89 22 6D A5 1F 60  22 26 A6 1F 60 22 09 A7  |.-."m..`"&..`"..|
808930:  1F 60 C2 30 29 FF 00 8D  BF 09 F0 16 C9 03 00 F0  |.`.0)...........|
808940:  11 A2 01 00 AD 07 01 29  FF 00 F0 03 A2 02 00 8E  |.......)........|
808950:  BF 09 E2 30 A9 00 8D 2C  21 A9 00 8D 2D 21 A9 00  |...0...,!...-!..|
808960:  8D 30 21 A9 00 8D 31 21  A9 8F 85 5E 8D 00 21 C2  |.0!...1!...^..!.|
808970:  30 22 3B A4 1F C2 30 22  01 E3 00 22 EB E2 00 9C  |0";...0"..."....|
808980:  2E 09 9C 30 09 9C E5 19  9C 3E 09 A9 00 00 8D 33  |...0.....>.....3|
808990:  21 AD BF 09 0A AA BD AB  89 8D 26 09 FC 1B 89 C2  |!.........&.....|
8089A0:  30 9C 22 09 22 F3 E2 00  4C B3 89 00 00 02 00 0E  |0."."...L.......|
8089B0:  00 1A 00 C2 30 AD BF 09  C9 03 00 F0 03 20 46 E1  |....0........ F.|
8089C0:  EE 22 09 20 9A 8A 20 6D  E1 AD BF 09 0A AA FC 13  |.". .. m........|
8089D0:  89 20 E0 E1 AF 5A 51 7E  F0 0D 3A 8F 5A 51 7E D0  |. ...ZQ~..:.ZQ~.|
8089E0:  06 A9 01 00 8D 28 09 AD  28 09 F0 C7 30 08 AD BF  |.....(..(...0...|
8089F0:  09 F0 03 EE 07 01 22 E8  E4 00 22 EB E2 00 E2 20  |......"...".... |
808A00:  A5 65 29 7F 85 65 8D 00  42 C2 20 E2 30 A9 8F 85  |.e)..e..B. .0...|
808A10:  5E 8D 00 21 9C 05 21 9C  06 21 9C 07 21 9C 08 21  |^..!..!..!..!..!|
808A20:  9C 09 21 9C 0A 21 9C 0B  21 9C 0C 21 A9 80 8D 15  |..!..!..!..!....|
808A30:  21 9C 16 21 9C 17 21 9C  18 21 9C 19 21 9C 33 21  |!..!..!..!..!.3!|
808A40:  64 65 9C 00 42 9C 07 42  9C 08 42 9C 09 42 9C 0A  |de..B..B..B..B..|
808A50:  42 9C 0B 42 9C 0C 42 C2  30 AD 28 09 10 15 AD BF  |B..B..B.0.(.....|
808A60:  09 C9 03 00 D0 03 E2 30  6B A9 00 00 E2 30 22 C4  |.......0k....0".|
808A70:  FF 01 6B AD BF 09 F0 15  AD 07 01 C9 01 00 D0 0D  |..k.............|
808A80:  E2 30 22 C0 FF 01 A9 01  22 C4 FF 01 6B E2 30 22  |.0"....."...k.0"|
808A90:  C0 FF 01 A9 FF 22 C4 FF  01 6B AD 20 09 CD 24 09  |....."...k. ..$.|
808AA0:  F0 F8 8D 24 09 EE 2A 09  60 22 12 80 1F A2 00 00  |...$..*.`"......|
808AB0:  22 DE A1 1F 22 92 D3 00  9C B4 09 22 82 8E 1F CE  |"..."......"....|
808AC0:  B4 09 22 82 8E 1F 20 F7  E6 22 5E D6 00 22 F5 8A  |.."... .."^.."..|
808AD0:  1F AD 2A 09 29 03 00 D0  05 20 44 8C 80 25 C9 01  |..*.).... D..%..|
808AE0:  00 D0 05 20 0D 8E 80 1B  C9 03 00 D0 16 AD 80 09  |... ............|
808AF0:  1A 29 07 00 8D 80 09 0A  AA BD 5D CC 20 9E E4 22  |.)........]. .."|
808B00:  C4 E4 00 22 7F 8C 00 20  30 8D 4C 1E 8F 22 12 80  |..."... 0.L.."..|
808B10:  1F A2 00 00 22 DE A1 1F  22 92 D3 00 9C B4 09 22  |...."..."......"|
808B20:  82 8E 1F CE B4 09 22 82  8E 1F 20 30 E7 22 5E D6  |......"... 0."^.|
808B30:  00 22 F5 8A 1F AF 50 51  7E D0 1B AF 52 51 7E F0  |."....PQ~...RQ~.|
808B40:  15 A9 00 00 8F 52 51 7E  22 F4 9C 1F AF 50 51 7E  |.....RQ~"....PQ~|
808B50:  4A 4A 8F 50 51 7E AD 2A  09 29 03 00 D0 05 20 44  |JJ.PQ~.*.).... D|
808B60:  8C 80 2A C9 01 00 D0 05  20 1E 8C 80 20 C9 02 00  |..*..... ... ...|
808B70:  D0 05 20 0D 8E 80 16 C9  03 00 D0 11 AF 50 51 7E  |.. ..........PQ~|
808B80:  F0 0B 3A 8F 50 51 7E D0  04 22 5F 9D 1F 22 7F 8C  |..:.PQ~.."_.."..|
808B90:  00 20 30 8D 4C 1E 8F A9  00 00 8F 4A 51 7E 8F 4C  |. 0.L......JQ~.L|
808BA0:  51 7E A9 40 00 85 D2 A2  04 00 22 DE A1 1F 22 39  |Q~.@......"..."9|
808BB0:  A2 1F 22 FE A1 1F 22 92  D3 00 AD B1 0B 8D AD 0B  |.."...".........|
808BC0:  C9 80 05 90 2B AD B1 0B  38 E9 00 05 8D B1 0B AD  |....+...8.......|
808BD0:  97 0A 38 E9 00 05 8D 97  0A 8D A7 0A A2 06 00 BD  |..8.............|
808BE0:  AD 0B 38 E9 00 05 9D AD  0B E8 E8 E0 2E 00 90 EF  |..8.............|
808BF0:  9C B4 09 22 82 8E 1F CE  B4 09 22 82 8E 1F 20 D7  |..."......"... .|
808C00:  E7 22 5E D6 00 22 D5 9D  1F A5 8C 29 00 10 F0 0D  |."^..".....)....|
808C10:  A5 8C 29 00 10 D0 F9 A9  FF FF 8D 28 09 60 AE BB  |..)........(.`..|
808C20:  09 AC BD 09 BD 83 0A 99  83 0A BD 93 0A 99 93 0A  |................|
808C30:  60 20 30 8D 20 0D 8E A9  00 F0 8D F1 15 8D F5 15  |` 0. ...........|
808C40:  8D F9 15 6B AD 17 0F C9  00 10 90 03 A9 FF 0F 8D  |...k............|
808C50:  17 0F 4A 4A 4A 4A 4A 4A  4A CD 36 09 F0 20 90 05  |..JJJJJJJ.6.. ..|
808C60:  EE 36 09 80 03 CE 36 09  A9 25 00 38 ED 36 09 8D  |.6....6..%.8.6..|
808C70:  91 14 20 4D EA A2 00 00  A0 FE 00 4C BA 8E 60 AD  |.. M.......L..`.|
808C80:  3C 09 F0 58 CE 3C 09 20  DD 8C A9 00 80 85 AC A9  |<..X.<. ........|
808C90:  1E 00 85 FC AD 00 01 29  FF 00 A2 DE 01 20 B0 8E  |.......)..... ..|
808CA0:  AD 01 01 29 FF 00 A2 DF  01 20 B0 8E AD 02 01 29  |...)..... .....)|
808CB0:  FF 00 A2 F4 01 20 B0 8E  AD 03 01 29 FF 00 A2 F5  |..... .....)....|
808CC0:  01 20 B0 8E AD 04 01 29  FF 00 A2 F2 01 20 B0 8E  |. .....)..... ..|
808CD0:  AD 05 01 29 FF 00 A2 F3  01 20 B0 8E 6B E2 20 EE  |...)..... ..k. .|
808CE0:  05 01 AD 05 01 C9 0A 90  44 9C 05 01 EE 04 01 AD  |........D.......|
808CF0:  04 01 C9 0A 90 37 9C 04  01 EE 03 01 AD 03 01 C9  |.....7..........|
808D00:  0A 90 2A 9C 03 01 EE 02  01 AD 02 01 C9 0A 90 1D  |..*.............|
808D10:  9C 02 01 EE 01 01 AD 01  01 C9 0A 90 10 9C 01 01  |................|
808D20:  EE 00 01 AD 00 01 C9 0A  90 03 9C 00 01 C2 20 60  |.............. `|
808D30:  AF 71 51 7E 10 01 60 D0  03 4C DA 8D AA AD F1 15  |.qQ~..`..L......|
808D40:  10 14 A9 00 24 8D F1 15  A9 10 24 8D F5 15 A9 F8  |....$.....$.....|
808D50:  24 8D F9 15 80 3C C9 50  24 F0 0D 18 69 04 00 8D  |$....<.P$...i...|
808D60:  F1 15 69 10 00 8D F5 15  AD F9 15 C9 78 24 F0 07  |..i.........x$..|
808D70:  38 E9 04 00 8D F9 15 BD  03 0E 0A A8 B9 D0 A1 4A  |8..............J|
808D80:  4A 4A 4A A8 BD 17 0F 4A  BB 22 C6 A9 1F C9 08 00  |JJJ....J."......|
808D90:  90 03 A9 07 00 0A 0A AA  85 98 A9 00 80 85 AC A9  |................|
808DA0:  1E 00 85 FC BD 75 CC 29  FF 00 A2 C8 01 20 B0 8E  |.....u.)..... ..|
808DB0:  A6 98 BD 76 CC 29 FF 00  A2 C9 01 20 B0 8E A6 98  |...v.)..... ....|
808DC0:  BD 77 CC 29 FF 00 A2 D8  01 20 B0 8E A6 98 BD 78  |.w.)..... .....x|
808DD0:  CC 29 FF 00 A2 D9 01 4C  B0 8E AD F9 15 30 2D 18  |.).....L.....0-.|
808DE0:  69 0C 00 8D F9 15 29 FF  00 C9 F8 00 B0 12 AD F1  |i.....).........|
808DF0:  15 38 E9 08 00 8D F1 15  18 69 10 00 8D F5 15 60  |.8.......i.....`|
808E00:  A9 00 F0 8D F1 15 8D F5  15 8D F9 15 60 AD 38 09  |............`.8.|
808E10:  10 03 A9 00 00 85 98 A2  00 00 8A 0A 69 10 00 A8  |............i...|
808E20:  A5 98 F0 0E C6 98 BD 95  CC 85 CC A9 10 00 85 CE  |................|
808E30:  80 07 A9 F0 00 85 CE 64  CC A5 CE EB 05 CC 99 C1  |.......d........|
808E40:  15 E8 E8 E0 08 00 90 D2  60 60 A9 00 80 85 AC A9  |........``......|
808E50:  1E 00 85 FC AD 87 10 4A  A2 CE 01 20 82 8E AD 89  |.......J... ....|
808E60:  10 4A A2 DE 01 20 82 8E  AD 9D 14 4A A2 E2 01 20  |.J... .....J... |
808E70:  82 8E A9 00 02 38 E5 EA  4A 4A 4A A2 F2 01 20 82  |.....8..JJJ... .|
808E80:  8E 60 DA C9 64 00 90 03  A9 63 00 85 9A A2 0A 00  |.`..d....c......|
808E90:  22 C6 A9 1F 85 98 FA 20  B0 8E DA A2 0A 00 A5 98  |"...... ........|
808EA0:  22 8D A9 1F 85 98 A5 9A  38 E5 98 FA E8 4C B0 8E  |".......8....L..|
808EB0:  0A 0A 0A 0A 0A 65 AC 4C  3B F3 84 BE A0 00 00 86  |.....e.L;.......|
808EC0:  EA B7 B8 29 FF 00 C9 FF  00 F0 12 C8 C8 C8 20 DE  |...).......... .|
808ED0:  8E C6 BE C6 BE A6 EA E8  E8 E8 E8 80 E2 60 A2 00  |.............`..|
808EE0:  00 B7 B8 9D CD 13 C8 C8  E8 E8 E0 08 00 90 F2 5A  |...............Z|
808EF0:  A6 BE BD A5 F1 85 98 A5  AE 29 FF 00 85 FC A0 00  |.........)......|
808F00:  00 A5 98 18 79 95 EE AA  B9 CD 13 0A 0A 0A 0A 0A  |....y...........|
808F10:  65 AC 20 3B F3 C8 C8 C0  08 00 90 E5 7A 60 A2 00  |e. ;........z`..|
808F20:  00 BF 1C 51 7E F0 60 A8  BF 24 51 7E 85 D0 BF 2C  |...Q~.`..$Q~...,|
808F30:  51 7E 85 D2 DF 3C 51 7E  D0 11 A5 D0 DF 34 51 7E  |Q~...<Q~.....4Q~|
808F40:  D0 09 A9 00 00 9F 1C 51  7E 80 3C A5 D0 DF 34 51  |.......Q~.<...4Q|
808F50:  7E F0 0C 90 06 3A 3A 3A  3A 80 04 1A 1A 1A 1A 85  |~....::::.......|
808F60:  CC 9F 24 51 7E A5 D2 DF  3C 51 7E F0 0C 90 06 3A  |..$Q~...<Q~....:|
808F70:  3A 3A 3A 80 04 1A 1A 1A  1A 85 CE 9F 2C 51 7E A5  |:::.........,Q~.|
808F80:  CE EB 05 CC 99 C1 15 E8  E8 E0 08 00 90 93 60 00  |..............`.|
808F90:  00 08 00 10 00 00 00 04  00 06 00 02 00 00 00 0C  |................|
808FA0:  00 0A 00 0E 00 00 00 06  00 04 00 02 00 10 00 0E  |................|
808FB0:  00 0C 00 0A 00 08 00 00  00 00 FF 00 00 00 01 00  |................|
808FC0:  01 00 01 00 00 00 FF 00  FF 00 00 00 01 00 01 00  |................|
808FD0:  01 00 00 00 FF 00 FF 00  FF 00 00 00 00 40 00 00  |.............@..|
808FE0:  00 00 00 00 00 00 00 00  00 40 00 40 00 00 00 00  |.........@.@....|
808FF0:  00 10 00 00 00 00 00 0C  00 0C 24 0C 18 00 0C 24  |..........$....$|
809000:  00 0C 00 0C 00 00 00 60  00 C0 00 20 01 80 01 E0  |.......`... ....|
809010:  01 40 02 A0 02 00 03 60  03 C0 03 20 04 80 04 E0  |.@.....`... ....|
809020:  04 40 05 A0 05 00 06 60  06 C0 06 20 07 80 07 E0  |.@.....`... ....|
809030:  07 40 08 A0 08 00 09 60  09 C0 09 20 0A 80 0A E0  |.@.....`... ....|
809040:  0A 40 0B A0 0B 00 0C 60  0C C0 0C 20 0D 80 0D E0  |.@.....`... ....|
809050:  0D 40 0E A0 0E 00 0F 60  0F C0 0F 20 10 80 10 E0  |.@.....`... ....|
809060:  10 40 11 A0 11 00 12 60  12 C0 12 20 13 80 13 E0  |.@.....`... ....|
809070:  13 40 14 A0 14 00 15 60  15 C0 15 20 16 80 16 E0  |.@.....`... ....|
809080:  16 40 17 A0 17 00 18 07  0F 1F 3F 00 00 08 00 10  |.@........?.....|
809090:  00 18 00 20 00 28 00 30  00 38 00 00 01 08 01 10  |... .(.0.8......|
8090A0:  01 18 01 20 01 28 01 30  01 38 01 00 02 08 02 10  |... .(.0.8......|
8090B0:  02 18 02 20 02 28 02 30  02 38 02 00 03 08 03 10  |... .(.0.8......|
8090C0:  03 18 03 20 03 28 03 30  03 38 03 00 04 08 04 10  |... .(.0.8......|
8090D0:  04 18 04 20 04 28 04 30  04 38 04 00 05 08 05 10  |... .(.0.8......|
8090E0:  05 18 05 20 05 28 05 30  05 38 05 00 06 08 06 10  |... .(.0.8......|
8090F0:  06 18 06 20 06 28 06 30  06 38 06 00 07 08 07 10  |... .(.0.8......|
809100:  07 18 07 20 07 28 07 30  07 38 07 38 00 30 00 28  |... .(.0.8.8.0.(|
809110:  00 20 00 18 00 10 00 08  00 00 00 38 01 30 01 28  |. .........8.0.(|
809120:  01 20 01 18 01 10 01 08  01 00 01 38 02 30 02 28  |. .........8.0.(|
809130:  02 20 02 18 02 10 02 08  02 00 02 38 03 30 03 28  |. .........8.0.(|
809140:  03 20 03 18 03 10 03 08  03 00 03 38 04 30 04 28  |. .........8.0.(|
809150:  04 20 04 18 04 10 04 08  04 00 04 38 05 30 05 28  |. .........8.0.(|
809160:  05 20 05 18 05 10 05 08  05 00 05 38 06 30 06 28  |. .........8.0.(|
809170:  06 20 06 18 06 10 06 08  06 00 06 38 07 30 07 28  |. .........8.0.(|
809180:  07 20 07 18 07 10 07 08  07 00 07 70 00 00 01 C0  |. .........p....|
809190:  00 70 00 40 00 20 00 10  00 08 00 70 00 00 01 C0  |.p.@. .....p....|
8091A0:  00 70 00 40 00 20 00 10  00 08 00 80 40 20 10 08  |.p.@. ......@ ..|
8091B0:  04 02 01 00 00 00 00 FF  FF FF FF F0 F0 F0 F0 F0  |................|
8091C0:  F0 F0 F0 F0 F0 F0 F0 00  00 00 00 0F 0F 0F 0F 00  |................|
8091D0:  00 00 00 00 00 00 00 F0  F0 F0 F0 00 00 00 00 0F  |................|
8091E0:  0F 0F 0F 80 C0 E0 F0 F8  FC FE FF 01 03 07 0F 1F  |................|
8091F0:  3F 7F FF 3F 1F 1F 0F 00  00 00 00 FF FF FF FF 3F  |?..?...........?|
809200:  1F 1F 0F 0F 07 07 03 03  01 01 00 FF 7F 7F 3F 3F  |..............??|
809210:  1F 1F 0F 00 00 00 00 E0  F0 F8 FC 00 00 00 FF FF  |................|
809220:  FF FF FF 00 00 00 00 F0  F8 F8 FC FC FE FE FF FF  |................|
809230:  FF FF FF 00 00 00 00 00  00 FF FF 1F 1F 1F 1F 1F  |................|
809240:  1F FF FF 00 00 00 00 00  80 80 C0 C0 E0 E0 F0 F0  |................|
809250:  F8 F8 FC FF 3F 0F 03 00  00 00 00 C0 F0 FC FF FF  |....?...........|
809260:  FF FF FF FC FC FC FC FC  FC FC FC 00 00 00 00 0F  |................|
809270:  07 03 03 80 C0 C0 E0 00  00 00 00 C0 F0 FC FF 00  |................|
809280:  00 00 00 F0 F0 F0 F0 0F  0F 0F 0F 00 00 00 00 00  |................|
809290:  FF FF FF 3F 3F 3F 3F 3F  3F 3F 3F 00 00 00 00 00  |...????????.....|
8092A0:  3F 3F 3F 00 00 00 00 00  F8 F8 F8 00 00 00 FF FF  |???.............|
8092B0:  FF 00 00 FF FC F0 C0 00  00 00 00 00 00 00 00 00  |................|
8092C0:  00 00 00 00 01 02 02 02  03 03 03 04 04 04 05 05  |................|
8092D0:  05 06 06 06 07 07 07 06  06 06 05 05 05 04 04 04  |................|
8092E0:  03 03 03 02 02 02 08 08  08 08 09 09 09 09 0A 0A  |................|
8092F0:  0A 00 00 00 00 00 00 02  02 02 04 04 04 06 06 06  |................|
809300:  08 08 08 0A 0A 0A 08 08  08 06 06 06 04 04 04 02  |................|
809310:  02 02 00 00 00 00 27 00  27 00 27 00 27 00 27 00  |......'.'.'.'.'.|
809320:  26 00 25 00 24 00 23 00  23 00 00 00 00 07 06 04  |&.%.$.#.#.......|
809330:  04 00 00 00 02 0B 00 FE  FF F8 FB FE 00 00 00 04  |................|
809340:  00 00 00 00 00 08 00 F0  00 04 00 04 00 00 0C 00  |................|
809350:  18 00 24 00 00 04 C0 04  80 05 40 06 00 07 00 08  |..$.......@.....|
809360:  00 05 80 05 00 07 00 07  00 07 00 07 00 05 C0 05  |................|
809370:  80 06 00 07 80 07 00 09  00 05 60 05 C0 05 20 06  |..........`... .|
809380:  90 06 00 07 00 FE 00 FE  00 FE 00 FE 00 FE 00 FE  |................|
809390:  00 FB A0 FA 40 FA E0 F9  70 F9 00 F9 00 FE 00 FE  |....@...p.......|
8093A0:  00 FE 00 FE 00 FE 00 FE  00 02 00 02 00 02 00 02  |................|
8093B0:  00 02 00 02 00 00 04 00  04 00 04 00 02 00 00 00  |................|
8093C0:  00 00 00 00 02 00 00 00  00 00 06 00 06 00 04 00  |................|
8093D0:  02 00 02 00 00 00 00 00  04 00 04 00 04 00 04 00  |................|
8093E0:  04 00 02 00 02 00 08 00  08 00 10 00 10 00 08 00  |................|
8093F0:  16 00 16 00 10 00 0A 00  18 00 00 00 00 00 01 00  |................|
809400:  02 00 03 00 04 00 05 00  06 00 07 00 08 00 09 00  |................|
809410:  0A 00 0B 00 0C 00 0D 00  0E 00 0F 00 10 00 11 00  |................|
809420:  12 00 13 00 14 00 15 00  16 00 17 00 18 00 19 00  |................|
809430:  1A 00 1B 00 1C 00 1D 00  1E 00 1F 00 20 00 21 00  |............ .!.|
809440:  22 00 23 00 24 00 25 00  26 00 27 00 28 00 29 00  |".#.$.%.&.'.(.).|
809450:  2A 00 2B 00 2C 00 2D 00  2E 00 2F 00 30 00 31 00  |*.+.,.-.../.0.1.|
809460:  32 00 33 00 34 00 35 00  36 00 37 00 38 00 00 06  |2.3.4.5.6.7.8...|
809470:  01 06 02 06 03 06 04 06  05 06 06 06 07 06 08 06  |................|
809480:  09 06 0A 06 0B 06 0C 06  0D 06 0E 06 0F 06 10 06  |................|
809490:  11 06 12 06 13 06 14 06  00 0C 01 0C 02 0C 03 0C  |................|
8094A0:  04 0C 05 0C 06 0C 07 0C  08 0C 09 0C 0A 0C 0B 0C  |................|
8094B0:  0C 0C 0D 0C 0E 0C 0F 0C  10 0C 11 0C 12 0C 13 0C  |................|
8094C0:  14 0C 15 0C 16 0C 17 0C  18 0C 19 0C 1A 0C 1B 0C  |................|
8094D0:  1C 0C 1D 0C 1E 0C 1F 0C  00 12 01 12 02 12 03 12  |................|
8094E0:  04 12 05 12 06 12 07 12  08 12 09 12 0A 12 0B 12  |................|
8094F0:  0C 12 0D 12 0E 12 0F 12  10 12 11 12 12 12 13 12  |................|
809500:  14 12 15 12 16 12 17 12  18 12 19 12 1A 12 1B 12  |................|
809510:  1C 12 1D 12 1E 12 1F 12  20 12 21 12 22 12 23 12  |........ .!.".#.|
809520:  24 12 25 12 26 12 27 12  28 12 29 12 2A 12 2B 12  |$.%.&.'.(.).*.+.|
809530:  2C 12 2D 12 2E 12 2F 12  30 12 31 12 32 12 33 12  |,.-.../.0.1.2.3.|
809540:  34 12 35 12 36 12 37 12  38 12 39 12 3A 12 3B 12  |4.5.6.7.8.9.:.;.|
809550:  3C 12 3D 12 3E 12 3F 12  40 12 41 12 42 12 43 12  |<.=.>.?.@.A.B.C.|
809560:  44 12 45 12 46 12 47 12  48 12 49 12 4A 12 4B 12  |D.E.F.G.H.I.J.K.|
809570:  4C 12 4D 12 4E 12 4F 12  50 12 51 12 00 18 01 18  |L.M.N.O.P.Q.....|
809580:  02 18 03 18 04 18 05 18  06 18 07 18 08 18 09 18  |................|
809590:  0A 18 0B 18 0C 18 0D 18  0E 18 0F 18 10 18 11 18  |................|
8095A0:  12 18 13 18 14 18 15 18  16 18 17 18 18 18 19 18  |................|
8095B0:  1A 18 1B 18 1C 18 1D 18  1E 18 1F 18 20 18 21 18  |............ .!.|
8095C0:  22 18 23 18 24 18 25 18  26 18 27 18 28 18 29 18  |".#.$.%.&.'.(.).|
8095D0:  2A 18 2B 18 2C 18 2D 18  2E 18 2F 18 30 18 31 18  |*.+.,.-.../.0.1.|
8095E0:  32 18 33 18 34 18 35 18  36 18 37 18 38 18 39 18  |2.3.4.5.6.7.8.9.|
8095F0:  3A 18 3B 18 3C 18 3D 18  3E 18 3F 18 40 18 41 18  |:.;.<.=.>.?.@.A.|
809600:  42 18 43 18 44 18 45 18  46 18 47 18 48 18 49 18  |B.C.D.E.F.G.H.I.|
809610:  4A 18 4B 18 4C 18 4D 18  4E 18 4F 18 50 18 51 18  |J.K.L.M.N.O.P.Q.|
809620:  52 18 53 18 54 18 55 18  56 18 57 18 58 18 59 18  |R.S.T.U.V.W.X.Y.|
809630:  5A 18 5B 18 5C 18 5D 18  00 1E 01 1E 02 1E 03 1E  |Z.[.\.].........|
809640:  04 1E 05 1E 06 1E 07 1E  08 1E 09 1E 0A 1E 0B 1E  |................|
809650:  0C 1E 0D 1E 0E 1E 0F 1E  10 1E 11 1E 12 1E 13 1E  |................|
809660:  14 1E 15 1E 16 1E 00 24  01 24 02 24 03 24 04 24  |.......$.$.$.$.$|
809670:  05 24 06 24 07 24 08 24  09 24 0A 24 0B 24 0C 24  |.$.$.$.$.$.$.$.$|
809680:  0D 24 0E 24 0F 24 10 24  11 24 12 24 00 2A 01 2A  |.$.$.$.$.$.$.*.*|
809690:  02 2A 03 2A 04 2A 05 2A  00 30 01 30 02 30 03 30  |.*.*.*.*.0.0.0.0|
8096A0:  04 30 05 30 06 30 07 30  08 30 09 30 0A 30 0B 30  |.0.0.0.0.0.0.0.0|
8096B0:  0C 30 0D 30 0E 30 0F 30  00 36 01 36 02 36 03 36  |.0.0.0.0.6.6.6.6|
8096C0:  04 36 05 36 06 36 07 36  08 36 09 36 0A 36 0B 36  |.6.6.6.6.6.6.6.6|
8096D0:  0C 36 0D 36 0E 36 0F 36  00 3C 01 3C 02 3C 03 3C  |.6.6.6.6.<.<.<.<|
8096E0:  04 3C 05 3C 06 3C 07 3C  08 3C 09 3C 0A 3C 0B 3C  |.<.<.<.<.<.<.<.<|
8096F0:  0C 3C 0D 3C 0E 3C 0F 3C  10 3C 11 3C 12 3C 13 3C  |.<.<.<.<.<.<.<.<|
809700:  14 3C 15 3C 16 3C 17 3C  18 3C 19 3C 1A 3C 1B 3C  |.<.<.<.<.<.<.<.<|
809710:  1C 3C 1D 3C 1E 3C 1F 3C  20 3C 21 3C 22 3C 00 60  |.<.<.<.< <!<"<.`|
809720:  01 60 02 60 03 60 04 60  00 66 01 66 02 66 03 66  |.`.`.`.`.f.f.f.f|
809730:  04 66 05 66 06 66 07 66  08 66 09 66 0A 66 0B 66  |.f.f.f.f.f.f.f.f|
809740:  0C 66 0D 66 0E 66 0F 66  10 66 11 66 12 66 13 66  |.f.f.f.f.f.f.f.f|
809750:  00 6C 01 6C 02 6C 00 72  01 72 02 72 03 72 04 72  |.l.l.l.r.r.r.r.r|
809760:  05 72 06 72 07 72 08 72  00 78 01 78 02 78 00 42  |.r.r.r.r.x.x.x.B|
809770:  01 42 02 42 03 42 04 42  05 42 06 42 07 42 08 42  |.B.B.B.B.B.B.B.B|
809780:  09 42 0A 42 0B 42 0C 42  0D 42 0E 42 0F 42 10 42  |.B.B.B.B.B.B.B.B|
809790:  11 42 12 42 13 42 00 48  01 48 02 48 03 48 04 48  |.B.B.B.H.H.H.H.H|
8097A0:  05 48 06 48 07 48 08 48  09 48 0A 48 0B 48 0C 48  |.H.H.H.H.H.H.H.H|
8097B0:  0D 48 0E 48 0F 48 10 48  11 48 00 4E 01 4E 02 4E  |.H.H.H.H.H.N.N.N|
8097C0:  03 4E 04 4E 05 4E 06 4E  07 4E 08 4E 09 4E 00 54  |.N.N.N.N.N.N.N.T|
8097D0:  01 54 02 54 03 54 04 54  00 7E 01 7E 02 7E 03 7E  |.T.T.T.T.~.~.~.~|
8097E0:  04 7E 05 7E 06 7E 07 7E  08 7E 09 7E 0A 7E 0B 7E  |.~.~.~.~.~.~.~.~|
8097F0:  0C 7E 0D 7E 0E 7E 0F 7E  6E 00 0B EA 03 FF FF 28  |.~.~.~.~n......(|
809800:  EF 03 FD 03 01 FF FF F6  03 04 00 05 FF FF FF FF  |................|
809810:  0D 00 03 FF FF FF FF 64  6F 77 6E 00 2A 0C 04 FF  |.......down.*...|
809820:  FF 02 FF FF 13 04 01 00  04 FF FF FF FF 01 00 00  |................|
809830:  00 30 21 04 FF FF 0D 26  00 5A 01 5A 02 5A 03 5A  |.0!....&.Z.Z.Z.Z|
809840:  04 5A 05 5A 06 5A 07 5A  08 5A 09 5A 0A 5A 0B 5A  |.Z.Z.Z.Z.Z.Z.Z.Z|
809850:  0C 5A 0D 5A 0E 5A 0F 5A  10 5A 11 5A 12 5A 13 5A  |.Z.Z.Z.Z.Z.Z.Z.Z|
809860:  14 5A 15 5A 16 5A 17 5A  18 5A 00 80 40 9B 1E 1E  |.Z.Z.Z.Z.Z..@...|
809870:  35 EB 55 F0 17 17 00 80  40 99 17 17 00 80 60 DE  |5.U.....@.....`.|
809880:  1D 1D 00 80 00 80 1B 1C  E9 9B 89 C3 1C 1C 68 AD  |..............h.|
809890:  C8 B5 16 16 62 A3 E2 A8  1E 1E 48 AA 08 CA 1E 1E  |....b.....H.....|
8098A0:  78 9F 58 AA 16 16 5F 9D  DF C7 17 17 00 80 20 AA  |x.X..._....... .|
8098B0:  1A 1A 4D B1 CD DD 1A 1A  00 80 80 94 19 19 FB 98  |..M.............|
8098C0:  7B BD 19 19 FA 87 BA 9C  16 16 B2 CF 72 D9 17 17  |{...........r...|
8098D0:  7D DA 3D E9 17 17 55 EF  15 FC 1D 1D 59 CA D9 E0  |}.=...U.....Y...|
8098E0:  1C 1C A7 EE 47 F9 1F 1F  DD CE FD E9 1E 1E F6 00  |....G...........|
8098F0:  D0 00 00 00 00 00 F7 00  D0 00 00 00 00 00 F6 00  |................|
809900:  D0 00 00 00 00 00 F7 00  D0 00 00 00 00 00 F6 00  |................|
809910:  D0 00 00 00 00 00 F7 00  D0 00 00 00 00 00 1C 01  |................|
809920:  00 00 00 00 00 00 1D 01  00 00 00 00 00 00 1E 01  |................|
809930:  00 00 00 00 00 00 1E 01  00 00 00 00 00 00 1E 01  |................|
809940:  00 00 00 00 00 00 1E 01  00 00 00 00 00 00 FB 00  |................|
809950:  D5 00 00 00 00 00 E4 00  C1 00 00 04 00 FE E5 00  |................|
809960:  C1 00 00 04 00 FE E6 00  C1 00 00 04 00 FE E7 00  |................|
809970:  C1 00 00 04 00 FE E8 00  C1 00 00 04 00 FE E9 00  |................|
809980:  C1 00 00 04 00 FE EA 00  C6 00 00 04 00 00 EB 00  |................|
809990:  C6 00 00 04 00 00 EC 00  C6 00 00 04 00 00 ED 00  |................|
8099A0:  C6 00 00 04 00 00 EE 00  C6 00 00 04 00 00 EF 00  |................|
8099B0:  C6 00 00 04 00 00 F0 00  CB 00 00 04 00 02 F1 00  |................|
8099C0:  CB 00 00 04 00 02 F2 00  CB 00 00 04 00 02 F3 00  |................|
8099D0:  CB 00 00 04 00 02 F4 00  CB 00 00 04 00 02 F5 00  |................|
8099E0:  CB 00 00 04 00 02 F8 00  D5 00 00 00 00 00 F8 00  |................|
8099F0:  D5 00 00 00 00 00 F8 00  D5 00 00 00 00 00 F8 00  |................|
809A00:  D5 00 00 00 00 00 F8 00  D5 00 00 00 00 00 F8 00  |................|
809A10:  D5 00 00 00 00 00 F8 00  D5 00 00 00 00 00 F8 00  |................|
809A20:  D5 00 00 00 00 00 F9 00  DA 00 00 03 00 F2 F9 00  |................|
809A30:  DA 00 00 03 00 F4 F9 00  DA 00 00 03 00 F6 F9 00  |................|
809A40:  DA 00 00 03 00 F8 F9 00  DA 00 00 03 00 F9 F9 00  |................|
809A50:  DA 00 00 03 00 FA F9 00  DA 00 00 03 00 FB F9 00  |................|
809A60:  DA 00 00 03 00 FC F9 00  DA 00 00 03 00 FE FA 00  |................|
809A70:  DF 00 00 03 00 00 FA 00  DF 00 00 03 00 00 FA 00  |................|
809A80:  DF 00 00 03 00 00 FA 00  DF 00 00 03 00 00 FA 00  |................|
809A90:  DF 00 00 03 00 01 FA 00  DF 00 00 03 00 02 FA 00  |................|
809AA0:  DF 00 00 03 00 03 FA 00  DF 00 00 03 00 04 FA 00  |................|
809AB0:  DF 00 00 03 00 05 FA 00  DF 00 00 03 00 06 FA 00  |................|
809AC0:  DF 00 00 03 00 06 FA 00  DF 00 00 03 00 06 FA 00  |................|
809AD0:  DF 00 00 00 00 06 F8 00  D5 00 00 00 00 00 F8 00  |................|
809AE0:  D5 00 00 00 00 00 E4 00  C1 00 80 00 00 FE E6 00  |................|
809AF0:  C1 00 80 00 00 FE E8 00  C1 00 00 01 00 FC F0 00  |................|
809B00:  CB 00 80 00 00 02 F2 00  CB 00 80 00 00 02 F4 00  |................|
809B10:  CB 00 00 01 00 04 FC 00  00 00 00 00 00 00 FD 00  |................|
809B20:  00 00 00 01 00 FF FE 00  00 00 00 01 00 FF FE 00  |................|
809B30:  00 00 00 01 00 00 FF 00  00 00 00 01 00 01 00 01  |................|
809B40:  00 00 00 01 00 01 01 01  00 00 00 00 00 00 02 01  |................|
809B50:  00 00 00 00 00 00 01 01  00 00 00 00 00 00 02 01  |................|
809B60:  00 00 00 00 00 00 04 01  00 00 00 00 00 00 05 01  |................|
809B70:  00 00 00 00 00 00 06 01  00 00 00 00 00 00 07 01  |................|
809B80:  00 00 00 00 00 00 07 01  00 00 00 00 00 00 F6 00  |................|
809B90:  D0 00 00 00 00 00 08 01  00 00 00 00 00 00 09 01  |................|
809BA0:  00 00 00 00 00 00 0A 01  00 00 00 00 00 00 0B 01  |................|
809BB0:  00 00 00 00 00 00 0C 01  00 00 00 00 00 00 0D 01  |................|
809BC0:  00 00 00 00 00 00 0E 01  00 00 00 00 00 00 0F 01  |................|
809BD0:  00 00 00 00 00 00 10 01  00 00 00 00 00 00 11 01  |................|
809BE0:  00 00 00 00 00 00 10 01  00 00 00 00 00 00 11 01  |................|
809BF0:  00 00 00 00 00 00 12 01  00 00 00 00 00 00 13 01  |................|
809C00:  00 00 00 00 00 00 14 01  00 00 00 00 00 00 15 01  |................|
809C10:  00 00 00 00 00 00 16 01  00 00 00 00 00 00 17 01  |................|
809C20:  00 00 00 00 00 00 18 01  00 00 00 00 00 00 16 01  |................|
809C30:  00 00 00 00 00 00 17 01  00 00 00 00 00 00 18 01  |................|
809C40:  00 00 00 00 00 00 16 01  00 00 00 00 00 00 17 01  |................|
809C50:  00 00 00 00 00 00 18 01  00 00 00 00 00 00 1F 01  |................|
809C60:  00 00 00 00 00 00 1F 01  00 00 00 00 00 00 1F 01  |................|
809C70:  00 00 00 00 00 00 20 01  00 00 00 00 00 00 20 01  |...... ....... .|
809C80:  00 00 00 00 00 00 21 01  00 00 00 00 00 00 22 01  |......!.......".|
809C90:  00 00 00 00 00 00 23 01  00 00 00 00 00 00 21 01  |......#.......!.|
809CA0:  00 00 00 00 00 00 22 01  00 00 00 00 00 00 23 01  |......".......#.|
809CB0:  00 00 00 00 00 00 21 01  00 00 00 00 00 00 22 01  |......!.......".|
809CC0:  00 00 00 00 00 00 23 01  00 00 00 00 00 00 21 01  |......#.......!.|
809CD0:  00 00 00 00 00 00 22 01  00 00 00 00 00 00 23 01  |......".......#.|
809CE0:  00 00 00 00 00 00 21 01  00 00 00 00 00 00 22 01  |......!.......".|
809CF0:  00 00 00 00 00 00 23 01  00 00 00 00 00 00 24 01  |......#.......$.|
809D00:  00 00 00 00 00 00 25 01  00 00 00 00 00 00 26 01  |......%.......&.|
809D10:  00 00 00 00 00 00 27 01  00 00 00 00 00 00 28 01  |......'.......(.|
809D20:  00 00 00 00 00 00 29 01  00 00 00 00 00 00 2A 01  |......).......*.|
809D30:  00 00 00 00 00 00 2A 01  00 00 00 00 00 00 2A 01  |......*.......*.|
809D40:  00 00 00 00 00 00 2A 01  00 00 00 00 00 00 2A 01  |......*.......*.|
809D50:  00 00 00 00 00 00 2A 01  00 00 00 00 00 00 2A 01  |......*.......*.|
809D60:  00 00 00 00 00 00 2A 01  00 00 00 00 00 00 2A 01  |......*.......*.|
809D70:  00 00 00 00 00 00 2A 01  00 00 00 00 00 00 2A 01  |......*.......*.|
809D80:  00 00 00 00 00 00 2A 01  00 00 00 00 00 00 2A 01  |......*.......*.|
809D90:  00 00 00 00 00 00 2B 01  00 00 00 00 00 00 2C 01  |......+.......,.|
809DA0:  00 00 00 00 00 00 2D 01  00 00 00 00 00 00 2E 01  |......-.........|
809DB0:  00 00 00 00 00 00 2B 01  00 00 00 00 00 00 2C 01  |......+.......,.|
809DC0:  00 00 00 00 00 00 2D 01  00 00 00 00 00 00 2E 01  |......-.........|
809DD0:  00 00 00 00 00 00 2B 01  00 00 00 00 00 00 2C 01  |......+.......,.|
809DE0:  00 00 00 00 00 00 2D 01  00 00 00 00 00 00 2E 01  |......-.........|
809DF0:  00 00 00 00 00 00 2B 01  00 00 00 00 00 00 2C 01  |......+.......,.|
809E00:  00 00 00 00 00 00 2D 01  00 00 00 00 00 00 2E 01  |......-.........|
809E10:  00 00 00 00 00 00 2B 01  00 00 00 00 00 00 2C 01  |......+.......,.|
809E20:  00 00 00 00 00 00 2D 01  00 00 00 00 00 00 2E 01  |......-.........|
809E30:  00 00 00 00 00 00 2B 01  00 00 00 00 00 00 2C 01  |......+.......,.|
809E40:  00 00 00 00 00 00 2D 01  00 00 00 00 00 00 2E 01  |......-.........|
809E50:  00 00 00 00 00 00 2B 01  00 00 00 00 00 00 2C 01  |......+.......,.|
809E60:  00 00 00 00 00 00 2D 01  00 00 00 00 00 00 2E 01  |......-.........|
809E70:  00 00 00 00 00 00 2B 01  00 00 00 00 00 00 2C 01  |......+.......,.|
809E80:  00 00 00 00 00 00 2D 01  00 00 00 00 00 00 2E 01  |......-.........|
809E90:  00 00 00 00 00 00 2F 01  00 00 00 00 00 00 30 01  |....../.......0.|
809EA0:  00 00 00 00 00 00 31 01  00 00 00 00 00 00 32 01  |......1.......2.|
809EB0:  00 00 00 00 00 00 2F 01  00 00 00 00 00 00 30 01  |....../.......0.|
809EC0:  00 00 00 00 00 00 31 01  00 00 00 00 00 00 32 01  |......1.......2.|
809ED0:  00 00 00 00 00 00 2F 01  00 00 00 00 00 00 30 01  |....../.......0.|
809EE0:  00 00 00 00 00 00 31 01  00 00 00 00 00 00 32 01  |......1.......2.|
809EF0:  00 00 00 00 00 00 61 00  00 00 00 00 00 00 2F 02  |......a......./.|
809F00:  00 00 00 00 00 FF 30 02  00 00 00 00 00 FF 31 02  |......0.......1.|
809F10:  00 00 00 00 00 FF 30 02  00 00 00 00 00 FF 2F 02  |......0......./.|
809F20:  00 00 00 00 00 FF 30 02  00 00 00 00 00 FF 31 02  |......0.......1.|
809F30:  00 00 00 00 00 FF 32 01  00 00 00 00 00 06 33 01  |......2.......3.|
809F40:  00 00 00 00 00 06 32 01  00 00 00 00 00 06 34 01  |......2.......4.|
809F50:  00 00 00 00 00 06 A0 00  6F 00 00 01 00 00 A0 00  |........o.......|
809F60:  6F 00 00 01 00 00 A6 00  85 00 00 01 00 00 A6 00  |o...............|
809F70:  85 00 00 01 00 00 AC 00  90 00 00 00 00 00 AC 00  |................|
809F80:  90 00 00 00 00 00 AE 00  90 00 00 FF 80 00 AC 00  |................|
809F90:  90 00 00 01 00 00 AC 00  90 00 00 01 00 00 9B 00  |................|
809FA0:  6F 00 00 01 00 FF 9C 00  6F 00 00 01 00 FF 9D 00  |o.......o.......|
809FB0:  6F 00 00 01 00 FF 9E 00  6F 00 00 01 00 FF 9F 00  |o.......o.......|
809FC0:  6F 00 00 01 00 FF A1 00  7A 00 00 01 00 00 A2 00  |o.......z.......|
809FD0:  7A 00 00 01 00 00 A3 00  7A 00 00 01 00 00 A4 00  |z.......z.......|
809FE0:  7A 00 00 01 00 00 A5 00  7A 00 00 01 00 00 A7 00  |z.......z.......|
809FF0:  85 00 00 01 00 01 A8 00  85 00 00 01 00 01 A9 00  |................|
80A000:  85 00 00 01 00 01 AA 00  85 00 00 01 00 01 AB 00  |................|
80A010:  85 00 00 01 00 01 AD 00  90 00 00 00 80 00 AE 00  |................|
80A020:  90 00 00 00 80 00 AF 00  90 00 00 00 80 00 B0 00  |................|
80A030:  90 00 00 00 80 00 AF 00  90 00 00 00 80 00 AE 00  |................|
80A040:  90 00 00 00 80 00 B1 00  00 00 00 00 00 01 B2 00  |................|
80A050:  00 00 00 00 00 01 B3 00  00 00 00 00 00 01 B4 00  |................|
80A060:  00 00 00 00 00 01 BE 00  00 00 00 00 00 01 BF 00  |................|
80A070:  00 00 00 00 00 01 C0 00  00 00 00 00 00 01 B5 00  |................|
80A080:  00 00 00 01 00 FF B6 00  00 00 00 01 00 FF B7 00  |................|
80A090:  00 00 00 01 00 FF B8 00  00 00 00 01 00 00 B9 00  |................|
80A0A0:  00 00 00 01 00 00 BA 00  00 00 00 01 00 00 BB 00  |................|
80A0B0:  00 00 00 01 00 01 BC 00  00 00 00 01 00 01 BD 00  |................|
80A0C0:  00 00 00 01 00 01 FF 00  01 00 01 00 07 00 07 00  |................|
80A0D0:  07 00 07 00 07 00 07 00  FF 00 00 00 00 00 00 00  |................|
80A0E0:  00 00 00 00 00 00 0E 00  08 00 FF 00 0D 00 0D 00  |................|
80A0F0:  0D 00 0D 00 13 00 0F 00  11 00 1C 00 FF 00 03 00  |................|
80A100:  03 00 04 00 07 00 03 00  03 00 64 00 08 00 00 00  |..........d.....|
80A110:  58 07 58 07 70 03 10 04  A8 04 A8 05 08 06 10 06  |X.X.p...........|
80A120:  68 00 98 00 C8 00 28 07  B0 06 D8 06 00 07 00 00  |h.....(.........|
80A130:  00 00 68 06 78 06 00 00  68 06 78 06 78 07 90 07  |..h.x...h.x.x...|
80A140:  A8 07 C0 07 B0 02 B0 02  B0 02 B0 02 30 02 30 02  |............0.0.|
80A150:  30 42 30 40 10 02 10 02  10 02 9A A2 13 02 12 02  |0B0@............|
80A160:  90 00 92 00 90 C0 91 80  13 02 3A 00 90 C0 92 02  |..........:.....|
80A170:  92 82 9A A2 10 C0 90 C0  30 82 38 A0 B0 80 B0 80  |........0.8.....|
80A180:  B0 80 31 00 9A 80 90 00  93 80 91 80 90 80 90 00  |..1.............|
80A190:  90 00 92 80 1A 00 1A 00  32 82 32 82 33 40 33 40  |........2.2.3@3@|
80A1A0:  30 40 1A 00 B0 80 B0 00  B0 00 B3 82 12 00 92 00  |0@..............|
80A1B0:  92 00 92 00 3A A0 33 80  1A 00 1A 00 12 80 B9 A0  |....:.3.........|
80A1C0:  B0 00 B0 00 B0 80 32 80  B0 00 B3 00 1A 00 33 00  |......2.......3.|
80A1D0:  FF FF FF FF FF FF FF FF  FF FF FF FF FF FF FF FF  |................|
80A1E0:  FF FF FF FF FF FF 08 00  FF FF FF FF FF FF FF FF  |................|
80A1F0:  00 03 18 00 FF FF FF FF  00 02 FF FF 08 00 20 00  |.............. .|
80A200:  00 04 00 03 08 00 08 00  FF FF FF FF FF FF FF FF  |................|
80A210:  40 00 FF FF 08 00 20 00  FF FF FF FF FF FF FF FF  |@..... .........|
80A220:  40 00 40 00 08 00 08 00  FF FF FF FF FF FF 40 00  |@.@...........@.|
80A230:  08 00 FF FF FF FF 20 00  FF FF FF FF FF FF FF FF  |...... .........|
80A240:  FF FF FF FF 40 00 40 00  08 00 30 00 FF FF FF FF  |....@.@...0.....|
80A250:  00 70 08 00 FF FF FF FF  40 00 FF FF F6 B1 07 B2  |.p......@.......|
80A260:  0E B2 2B B2 51 B2 5C B2  64 B2 95 B2 EE B2 17 B3  |..+.Q.\.d.......|
80A270:  2A B3 44 B3 FE AF 14 B0  44 AE 44 AE 75 B5 00 00  |*.D.....D.D.u...|
80A280:  E3 B8 DB C9 B2 B3 53 B4  C9 B4 44 B9 04 B8 1A C7  |......S...D.....|
80A290:  D9 C7 18 C8 D4 B0 1A B1  72 B1 E8 B1 37 BA 96 BA  |........r...7...|
80A2A0:  A9 BA EF BA 37 BC 7B BC  A2 BC C9 BC 58 BD EE BF  |....7.{.....X...|
80A2B0:  00 00 00 00 DD C3 A9 C4  49 C5 D3 BE 13 C4 F1 C4  |........I.......|
80A2C0:  44 C6 17 C7 16 AF 41 AF  6C AF 97 AF 53 C9 96 C9  |D.....A.l...S...|
80A2D0:  AB C2 A6 C1 21 C3 24 CA  9F CA 6F CA CF CA 14 CB  |....!.$...o.....|
80A2E0:  AD C5 EA AF 42 BF A7 CB  F6 B1 FF FF FF FF FF FF  |....B...........|
80A2F0:  FF FF FF FF FF FF FF FF  FF FF FF FF FF FF 02 00  |................|
80A300:  E8 B1 07 B2 FF FF FF FF  4A B6 FB B7 00 00 FF FF  |........J.......|
80A310:  6B B5 00 00 00 00 F9 B9  C9 B8 A8 C7 06 C8 44 C9  |k.............D.|
80A320:  0F B1 5C B1 DA B1 FF FF  7A BA FF FF 01 00 01 00  |..\.....z.......|
80A330:  FF FF FF FF FF FF FF FF  9E BD 31 C0 01 00 01 00  |..........1.....|
80A340:  FF FF FF FF FF FF FF FF  00 00 FF FF FF FF 17 C7  |................|
80A350:  30 AF 5B AF 86 AF D9 AF  FF FF C8 C9 03 C3 F9 C1  |0.[.............|
80A360:  03 00 FF FF BE CA 8E CA  FF FF 03 00 FF FF FF FF  |................|
80A370:  FF FF FF FF FF FF FF FF  FF FF FF FF FF FF FF FF  |................|
80A380:  FF FF FF FF FF FF FF FF  FF FF 02 00 E8 B1 07 B2  |................|
80A390:  FE FF FE FF 4A B6 FB B7  00 00 FF FF 6B B5 00 00  |....J.......k...|
80A3A0:  00 00 CA B9 C9 B8 A8 C7  06 C8 44 C9 FF FF FF FF  |..........D.....|
80A3B0:  FF FF FF FF 88 BA FF FF  DB BA 01 00 FF FF FF FF  |................|
80A3C0:  FF FF FF FF C1 BD 5F C0  01 00 01 00 FF FF FF FF  |......_.........|
80A3D0:  FF FF E1 BE 00 00 FF FF  FF FF 17 C7 FE FF FE FF  |................|
80A3E0:  FE FF FE FF FF FF 04 00  3B C3 27 C2 03 00 5F CA  |........;.'..._.|
80A3F0:  C6 CA 96 CA FC CA E8 B1  AD C5 FE FF 4F BF FF FF  |............O...|
80A400:  00 00 00 00 00 00 00 00  00 00 00 00 00 00 00 00  |................|
80A410:  00 00 00 00 00 00 2A B0  00 00 00 00 00 00 00 00  |......*.........|
80A420:  6E B0 2A B0 00 00 00 00  4C B0 00 00 00 00 00 00  |n.*.....L.......|
80A430:  90 B0 4C B0 00 00 2A B0  00 00 00 00 00 00 00 00  |..L...*.........|
80A440:  2A B0 00 00 00 00 00 00  00 00 00 00 00 00 00 00  |*...............|
80A450:  2A B0 2A B0 2A B0 2A B0  00 00 00 00 00 00 2A B0  |*.*.*.*.......*.|
80A460:  00 00 00 00 00 00 00 00  00 00 00 00 00 00 00 00  |................|
80A470:  00 00 00 00 4C B0 4C B0  2A B0 4C B0 00 00 00 00  |....L.L.*.L.....|
80A480:  B2 B0 2A B0 00 00 00 00  2A B0 00 00 0C 0C 0C 0C  |..*.....*.......|
80A490:  0C 0C 0C 0C 0C 0C 0C 0C  0C 0C 0C 0C 0C 0C 0C 0C  |................|
80A4A0:  0C 0C 20 20 0C 0C 08 08  10 10 10 10 40 40 F0 F0  |..  ........@@..|
80A4B0:  30 30 40 40 20 20 10 10  10 10 18 18 F0 F0 20 20  |00@@  ........  |
80A4C0:  20 20 20 20 20 20 20 20  20 20 0C 0C 20 20 20 20  |          ..    |
80A4D0:  20 20 20 20 20 20 20 20  20 20 20 20 10 F0 10 F0  |            ....|
80A4E0:  0C 14 0C 14 10 10 10 10  20 20 10 F0 0C 0C 0C 0C  |........  ......|
80A4F0:  0C 0C 0C 0C 10 40 10 40  10 40 10 20 20 20 30 30  |.....@.@.@.   00|
80A500:  F0 F0 F0 F0 10 10 30 30  F0 F0 F0 F0 F0 F0 20 20  |......00......  |
80A510:  F0 F0 F0 F0 F0 F0 F0 F0  07 07 07 07 07 07 07 07  |................|
80A520:  01 01 01 03 07 00 02 02  04 02 07 01 04 02 02 03  |................|
80A530:  07 05 01 02 07 07 07 07  01 01 01 01 01 01 01 01  |................|
80A540:  02 03 02 03 01 01 01 02  07 07 04 04 00 00 00 04  |................|
80A550:  04 04 05 05 05 07 07 07  07 07 07 07 02 07 06 06  |................|
80A560:  05 04 04 03 01 01 07 07  06 01 01 01 04 01 01 01  |................|
80A570:  01 01 01 02 02 02 01 01  01 01 01 01 01 04 01 08  |................|
80A580:  01 03 04 08 08 08 01 01  01 01 01 01 01 01 04 04  |................|
80A590:  0A 04 02 02 02 02 01 02  01 01 01 02 06 06 0A 02  |................|
80A5A0:  01 06 01 02 00 00 00 00  00 00 00 00 00 00 00 10  |................|
80A5B0:  00 00 00 00 10 08 00 10  08 08 08 10 08 10 08 10  |................|
80A5C0:  00 00 00 08 00 08 08 08  08 08 08 08 00 00 08 08  |................|
80A5D0:  08 08 08 00 08 08 08 08  08 08 08 08 08 08 00 00  |................|
80A5E0:  08 08 08 08 08 08 08 08  00 08 00 00 00 00 00 00  |................|
80A5F0:  00 00 00 00 00 04 00 00  00 00 30 20 00 00 20 00  |..........0 .. .|
80A600:  04 20 60 18 04 08 00 00  00 00 18 00 04 00 00 00  |. `.............|
80A610:  00 08 10 18 10 10 00 00  00 10 08 00 00 10 08 08  |................|
80A620:  08 08 18 08 10 18 20 20  10 10 10 08 10 00 10 00  |......  ........|
80A630:  00 00 00 00 00 00 00 00  00 00 00 10 00 00 00 00  |................|
80A640:  38 08 00 00 30 00 04 10  20 40 04 08 00 00 00 00  |8...0... @......|
80A650:  0E 00 04 00 00 00 00 08  14 1C 08 08 00 00 00 14  |................|
80A660:  08 00 00 10 08 08 08 08  28 08 14 24 08 1C 10 10  |........(..$....|
80A670:  10 08 10 00 14 00 10 00  01 00 08 00 20 10 80 02  |............ ...|
80A680:  F0 01 0B 10 00 01 00 08  00 20 10 80 03 F0 01 0B  |......... ......|
80A690:  01 00 01 00 FF FF 40 40  80 04 C0 00 38 01 00 01  |......@@....8...|
80A6A0:  00 FF FF 10 10 00 05 80  00 13 08 00 01 00 10 00  |................|
80A6B0:  20 20 00 05 E0 00 1B 08  00 01 00 10 00 20 20 00  |  ...........  .|
80A6C0:  05 80 01 1B 08 00 02 00  18 00 18 18 80 07 40 00  |..............@.|
80A6D0:  17 08 00 01 00 18 00 18  18 00 08 A0 00 17 08 00  |................|
80A6E0:  01 00 18 00 18 18 80 08  C0 00 17 08 00 02 00 18  |................|
80A6F0:  00 18 18 00 09 40 01 17  02 00 01 00 FF FF 30 30  |.....@........00|
80A700:  20 09 C0 00 3D 08 00 01  00 80 00 40 40 00 0D 40  | ...=......@@..@|
80A710:  00 19 01 00 01 00 FF FF  10 10 00 0E 40 00 13 08  |............@...|
80A720:  00 02 00 18 00 18 18 00  0F A0 00 17 08 00 01 00  |................|
80A730:  18 00 18 18 80 0F 40 00  17 08 00 01 00 18 00 18  |......@.........|
80A740:  18 00 10 40 01 17 08 00  02 00 18 00 18 18 80 10  |...@............|
80A750:  D0 00 17 02 00 01 00 FF  FF 30 30 80 11 C0 00 3D  |.........00....=|
80A760:  08 00 01 00 80 00 40 40  80 14 80 00 14 01 00 01  |......@@........|
80A770:  00 FF FF 40 40 80 15 90  00 38 04 00 03 00 06 00  |...@@....8......|
80A780:  20 10 80 15 F0 01 0B 04  00 03 00 07 00 20 10 80  | ............ ..|
80A790:  16 F0 01 0B 04 00 03 00  08 00 20 10 00 18 F0 01  |.......... .....|
80A7A0:  0B 01 00 01 00 FF FF 10  10 00 18 40 00 13 04 00  |...........@....|
80A7B0:  03 00 06 00 20 10 00 1A  F0 01 0B 01 00 01 00 FF  |.... ...........|
80A7C0:  FF 40 40 00 1E C0 00 10  08 00 02 00 18 00 18 18  |.@@.............|
80A7D0:  00 1F 40 00 17 08 00 01  00 18 00 18 18 40 1F C0  |..@..........@..|
80A7E0:  00 17 08 00 01 00 18 00  18 18 80 1F 40 01 17 08  |............@...|
80A7F0:  00 02 00 18 00 18 18 00  20 80 00 17 08 00 01 00  |........ .......|
80A800:  10 00 20 20 00 23 00 01  1B 10 00 02 00 06 00 20  |..  .#......... |
80A810:  10 00 27 F0 01 0B 10 00  02 00 07 00 20 10 00 29  |..'......... ..)|
80A820:  F0 01 0B 10 00 02 00 08  00 20 10 00 2B F0 01 0B  |......... ..+...|
80A830:  01 00 01 00 FF FF 40 40  00 30 80 00 10 02 00 01  |......@@.0......|
80A840:  00 FF FF 30 30 80 30 80  00 3D 01 00 01 00 FF FF  |...00.0..=......|
80A850:  40 40 80 32 80 00 38 10  00 02 00 05 00 20 10 00  |@@.2..8...... ..|
80A860:  34 F0 01 0B 10 00 02 00  06 00 20 10 00 36 F0 01  |4......... ..6..|
80A870:  0B 01 00 01 00 FF FF 80  80 00 3A 00 01 18 00 00  |..........:.....|
80A880:  FF FF 01 00 01 00 FF FF  0C 0C 00 F0 00 0F 34 00  |..............4.|
80A890:  00 FF FF 00 70 01 00 10  00 0C 0C 78 02 94 01 34  |....p......x...4|
80A8A0:  01 00 01 00 01 00 10 F0  08 02 C8 01 28 00 00 FF  |............(...|
80A8B0:  FF 00 70 01 00 10 00 10  30 40 07 8C 01 36 01 00  |..p.....0@...6..|
80A8C0:  01 00 FF FF 10 20 22 05  92 01 23 04 00 01 00 10  |..... "...#.....|
80A8D0:  00 10 40 78 06 C4 01 20  01 00 01 00 FF FF 10 10  |..@x... ........|
80A8E0:  90 05 4F 01 25 01 00 01  00 FF FF 0C 10 20 07 7C  |..O.%........ .||
80A8F0:  01 21 04 00 01 00 18 00  10 40 78 06 D0 01 20 01  |.!.......@x... .|
80A900:  00 01 00 FF FF F0 F0 78  06 B8 01 44 00 00 FF FF  |.......x...D....|
80A910:  00 70 01 00 10 00 10 30  50 08 78 00 35 05 00 01  |.p.....0P.x.5...|
80A920:  00 20 00 10 40 80 08 98  00 20 01 00 01 00 01 00  |. ..@.... ......|
80A930:  10 F0 00 08 A8 00 2F 03  00 01 00 18 00 10 40 80  |....../.......@.|
80A940:  07 B0 00 20 00 00 FF FF  00 70 01 00 10 00 0C 0C  |... .....p......|
80A950:  80 0C A8 01 34 01 00 01  00 FF FF 0C 10 38 0B 88  |....4........8..|
80A960:  01 2E 01 00 01 00 20 00  F0 F0 00 0B B8 01 3B 01  |...... .......;.|
80A970:  00 01 00 FF FF 0C 10 00  0C 80 01 24 00 00 FF FF  |...........$....|
80A980:  00 70 01 00 10 00 0C 0C  60 0E 62 03 34 01 00 01  |.p......`.b.4...|
80A990:  00 FF FF 0C 30 5C 0D 5C  03 3E 01 00 01 00 FF FF  |....0\.\.>......|
80A9A0:  F0 F0 00 0E B0 03 2F 01  00 01 00 FF FF 0C 30 AA  |....../.......0.|
80A9B0:  0D 80 03 3F 08 00 02 00  08 00 10 40 00 0F B0 03  |...?.......@....|
80A9C0:  20 00 00 FF FF 00 70 01  00 20 00 10 10 E0 10 A0  | .....p.. ......|
80A9D0:  03 36 01 00 01 00 FF FF  10 30 70 10 90 03 40 00  |.6.......0p...@.|
80A9E0:  00 FF FF 00 70 01 00 10  00 10 30 E0 10 B0 01 35  |....p.....0....5|
80A9F0:  04 00 01 00 0A 00 10 40  00 0E B6 01 20 01 00 01  |.......@.... ...|
80AA00:  00 FF FF 10 10 98 0D 80  01 2C 01 00 01 00 FF FF  |.........,......|
80AA10:  F0 F0 00 0F C0 01 2F 01  00 01 00 FF FF 10 10 20  |....../........ |
80AA20:  0F 4F 01 27 04 00 01 00  0A 00 10 40 00 11 C0 01  |.O.'.......@....|
80AA30:  20 01 00 01 00 FF FF 10  10 28 10 80 01 2D 00 00  | ........(...-..|
80AA40:  FF FF 00 70 01 00 10 00  0C 0C 70 15 A8 01 34 01  |...p......p...4.|
80AA50:  00 01 00 FF FF 0C 30 68  13 85 01 32 01 00 01 00  |......0h...2....|
80AA60:  20 00 F0 F0 00 16 C0 01  3B 01 00 01 00 FF FF 0C  | .......;.......|
80AA70:  10 30 15 80 01 24 01 00  01 00 FF FF 0C 30 58 14  |.0...$.......0X.|
80AA80:  85 01 32 00 00 FF FF 00  70 01 00 10 00 10 30 E0  |..2.....p.....0.|
80AA90:  19 B0 01 36 01 00 01 00  FF FF 10 10 98 16 80 01  |...6............|
80AAA0:  2D 01 00 01 00 01 00 10  F0 00 1A C8 01 28 01 00  |-............(..|
80AAB0:  01 00 FF FF 0C 10 84 17  7E 01 21 01 00 01 00 FF  |........~.!.....|
80AAC0:  FF 10 10 80 18 4F 01 26  01 00 01 00 FF FF 10 10  |.....O.&........|
80AAD0:  28 19 80 01 2C 01 00 01  00 FF FF 10 20 80 18 92  |(...,....... ...|
80AAE0:  01 23 00 00 FF FF 02 02  10 02 20 00 37 BA 00 00  |.#........ .7...|
80AAF0:  C1 FE 00 00 00 00 80 02  10 02 17 00 44 B9 10 00  |............D...|
80AB00:  55 FE 00 00 00 00 A0 02  10 02 17 00 44 B9 10 00  |U...........D...|
80AB10:  55 FE 00 00 00 00 40 05  80 02 19 00 1A C7 10 00  |U.....@.........|
80AB20:  0D FE 00 00 00 00 00 07  00 03 38 00 53 C9 10 00  |..........8.S...|
80AB30:  79 FE 00 00 00 00 80 07  80 02 3D 00 38 CA 00 00  |y.........=.8...|
80AB40:  75 FF 00 00 00 00 C0 07  80 02 1B 00 18 C8 10 00  |u...............|
80AB50:  31 FE 00 00 00 00 40 08  80 02 14 00 B2 B3 00 00  |1.....@.........|
80AB60:  31 FE 00 00 00 00 80 09  80 02 38 00 53 C9 10 00  |1.........8.S...|
80AB70:  79 FE 00 00 00 00 C0 0A  80 02 28 00 61 BD 10 00  |y.........(.a...|
80AB80:  E5 FE 00 00 00 00 00 0B  80 02 29 00 F5 BF 10 00  |..........).....|
80AB90:  09 FF 00 00 00 00 80 0B  80 02 28 00 2D BE 10 00  |..........(.-...|
80ABA0:  E5 FE 00 00 00 00 00 0C  80 02 29 00 BB C0 10 00  |..........).....|
80ABB0:  09 FF 00 00 00 00 00 0E  80 02 3A 00 BC C2 10 00  |..........:.....|
80ABC0:  51 FF 00 00 00 00 40 0E  80 02 3B 00 B8 C1 10 00  |Q.....@...;.....|
80ABD0:  51 FF 00 00 00 00 C0 0E  60 02 10 00 75 B5 00 00  |Q.......`...u...|
80ABE0:  31 FE 00 00 00 00 00 10  00 02 33 00 82 C6 10 00  |1.........3.....|
80ABF0:  2D FF 00 00 00 00 F0 15  00 05 33 00 82 C6 00 00  |-.........3.....|
80AC00:  2D FF 00 00 00 00 00 16  80 02 3D 00 38 CA 00 00  |-.........=.8...|
80AC10:  75 FF 00 00 00 00 00 18  80 02 18 00 05 B9 10 00  |u...............|
80AC20:  31 FE 00 00 00 00 00 1A  00 02 41 00 14 CB 10 00  |1.........A.....|
80AC30:  75 FF 00 00 00 00 10 1A  00 02 41 00 14 CB 10 00  |u.........A.....|
80AC40:  75 FF 00 00 00 00 20 1A  00 02 41 00 14 CB 10 00  |u..... ...A.....|
80AC50:  75 FF 00 00 00 00 30 1A  00 02 41 00 14 CB 10 00  |u.....0...A.....|
80AC60:  75 FF 00 00 00 00 40 1A  00 02 41 00 14 CB 10 00  |u.....@...A.....|
80AC70:  75 FF 00 00 00 00 50 1A  00 02 41 00 14 CB 10 00  |u.....P...A.....|
80AC80:  75 FF 00 00 00 00 60 1A  00 02 41 00 14 CB 10 00  |u.....`...A.....|
80AC90:  75 FF 00 00 00 00 70 1A  00 02 41 00 14 CB 10 00  |u.....p...A.....|
80ACA0:  75 FF 00 00 00 00 00 1C  00 05 41 00 14 CB 00 00  |u.........A.....|
80ACB0:  75 FF 00 00 00 00 00 00  00 00 1D 02 3B 02 0C 02  |u...........;...|
80ACC0:  9A 02 D2 02 FF FF 6D 03  CC 03 11 04 0A 03 4F 03  |......m.......O.|
80ACD0:  FF FF 0C 02 FF FF 00 00  80 01 00 00 00 00 80 07  |................|
80ACE0:  C0 0C FF FF 80 0E 80 15  00 18 80 0E 00 00 FF FF  |................|
80ACF0:  00 00 C0 01 00 00 00 00  A0 00 C0 01 FF FF C0 01  |................|
80AD00:  C0 01 C0 01 A0 03 00 00  FF FF 00 00 00 00 EA AF  |................|
80AD10:  F4 AF 00 00 00 00 00 00  FF FF 00 00 00 00 00 00  |................|
80AD20:  EA AF 00 00 FF FF 00 00  00 00 00 00 03 00 04 00  |................|
80AD30:  07 00 09 00 08 00 06 00  08 00 0A 00 0C 00 FF FF  |................|
80AD40:  FF FF 0D 00 10 00 13 00  15 00 16 00 19 00 0D 00  |................|
80AD50:  0F 00 0D 00 10 00 FF FF  FF FF 00 00 A9 FB A9 FB  |................|
80AD60:  A9 FB ED FB A9 FB FF FF  A9 FB A9 FB A9 FB 31 FC  |..............1.|
80AD70:  31 FC FF FF 00 00 DD FA  DD FA DD FA 21 FB DD FA  |1...........!...|
80AD80:  FF FF DD FA DD FA DD FA  65 FB 65 FB FF FF 00 01  |........e.e.....|
80AD90:  04 FF 00 17 04 02 02 00  FC AD E9 AD D6 AD FF FF  |................|
80ADA0:  01 00 04 02 00 1F 04 02  02 04 27 AE 01 AE 14 AE  |..........'.....|
80ADB0:  2C AE 02 00 04 02 00 1F  04 02 02 04 27 AE 01 AE  |,...........'...|
80ADC0:  14 AE 2C AE 03 01 04 FF  00 15 04 00 02 00 FC AD  |..,.............|
80ADD0:  FF FF 31 AE FF FF 00 04  00 00 01 7D FA 1F 1F 38  |..1........}...8|
80ADE0:  E5 D2 00 84 E7 B6 E7 8A  E7 00 10 01 40 00 B9 FA  |............@...|
80ADF0:  1F 1F 5C D3 FD 01 53 DD  6A AC 59 DD 02 10 02 53  |..\...S.j.Y....S|
80AE00:  01 00 04 00 00 01 DD FA  18 18 96 D1 45 03 C7 D9  |............E...|
80AE10:  34 95 CD D9 00 04 00 00  01 A9 FB 18 18 CF 92 D6  |4...............|
80AE20:  00 F0 94 00 80 F6 94 02  04 00 9D 00 02 04 00 E8  |................|
80AE30:  00 00 04 00 00 01 FD FC  16 16 90 87 29 00 D4 87  |............)...|
80AE40:  00 80 DA 87 FF FF FF FF  FF FF FF FF 18 10 0A 02  |................|
80AE50:  00 01 18 1C 10 04 00 01  18 1E 18 04 00 01 FF FF  |................|
80AE60:  18 1E 18 04 00 01 FF FF  FF FF 20 00 04 08 80 00  |.......... .....|
80AE70:  20 00 10 08 80 00 38 00  10 10 80 00 40 00 10 10  | .....8.....@...|
80AE80:  80 00 48 00 10 10 80 00  50 00 10 10 80 00 58 00  |..H.....P.....X.|
80AE90:  10 10 80 00 FF FF FF FF  FF FF FF FF FF FF FF FF  |................|
80AEA0:  10 04 10 0C 80 00 20 04  18 10 80 00 38 04 20 18  |...... .....8. .|
80AEB0:  80 00 38 04 20 18 80 00  38 04 20 18 80 00 38 04  |..8. ...8. ...8.|
80AEC0:  20 18 80 00 38 04 20 18  80 00 38 04 20 18 80 00  | ...8. ...8. ...|
80AED0:  38 04 20 18 80 00 38 04  20 18 80 00 38 04 20 18  |8. ...8. ...8. .|
80AEE0:  80 00 FF FF FF FF FF FF  FF FF FF FF FF FF FF FF  |................|
80AEF0:  FF FF FF FF FF FF FF FF  FF FF FF FF FF FF FF FF  |................|
80AF00:  FF FF FF FF FF FF FF FF  FF FF FF FF FF FF FF FF  |................|
80AF10:  FF FF FF FF FF FF 29 01  00 7E 5E 51 2A AF 11 19  |......)..~^Q*...|
80AF20:  01 10 00 00 08 08 00 00  00 03 12 00 00 08 16 AF  |................|
80AF30:  33 16 2B 7E 5E 51 01 00  2B 7E 62 51 00 00 08 04  |3.+~^Q..+~bQ....|
80AF40:  00 29 02 00 7E 5E 51 55  AF 11 1A 01 10 00 00 08  |.)..~^QU........|
80AF50:  08 00 00 00 03 12 00 00  08 41 AF 33 16 2B 7E 5E  |.........A.3.+~^|
80AF60:  51 02 00 2B 7E 62 51 00  00 08 04 00 29 03 00 7E  |Q..+~bQ.....)..~|
80AF70:  5E 51 80 AF 11 1B 01 10  00 00 08 08 00 00 00 03  |^Q..............|
80AF80:  12 00 00 08 6C AF 33 16  2B 7E 5E 51 03 00 2B 7E  |....l.3.+~^Q..+~|
80AF90:  62 51 00 00 08 04 00 1F  00 02 00 01 11 34 02 01  |bQ...........4..|
80AFA0:  0F 00 00 04 04 00 00 00  04 02 00 11 35 02 01 0F  |............5...|
80AFB0:  00 00 04 04 00 00 00 04  02 00 11 36 02 01 0F 00  |...........6....|
80AFC0:  00 04 04 00 00 00 04 02  00 11 37 02 01 0F 00 00  |..........7.....|
80AFD0:  04 04 00 00 00 04 02 00  03 33 16 2D 7E 62 51 01  |.........3.-~bQ.|
80AFE0:  00 2B 7E 5E 51 04 00 08  04 00 12 35 00 12 00 00  |.+~^Q......5....|
80AFF0:  04 18 00 00 12 37 00 12  00 00 04 18 00 00 1E 20  |.....7......... |
80B000:  00 20 00 11 62 00 33 00  08 0B B0 20 0E 04 04 02  |. ..b.3.... ....|
80B010:  02 10 00 03 1F 00 08 00  00 11 03 01 20 20 08 21  |............  .!|
80B020:  B0 20 0E 00 F8 10 08 00  10 03 2F 0A 00 09 01 1E  |. ......../.....|
80B030:  00 00 20 00 1F 00 00 00  FC 0A 00 01 11 26 00 23  |.. ..........&.#|
80B040:  04 00 11 27 00 23 04 00  04 20 00 00 2F 14 00 09  |...'.#... ../...|
80B050:  01 1E 00 00 20 00 1F 00  00 00 FC 0A 00 01 11 28  |.... ..........(|
80B060:  00 23 04 00 11 29 00 23  04 00 04 20 00 00 2F 32  |.#...).#... ../2|
80B070:  00 09 01 1E 00 00 20 00  1F 00 00 00 FC 0A 00 01  |...... .........|
80B080:  11 2A 00 23 04 00 11 2B  00 23 04 00 04 20 00 00  |.*.#...+.#... ..|
80B090:  2F 64 00 09 01 1E 00 00  20 00 1F 00 00 00 FA 0A  |/d...... .......|
80B0A0:  00 01 11 2C 00 23 04 00  11 2D 00 23 04 00 04 20  |...,.#...-.#... |
80B0B0:  00 00 2F C8 00 09 01 1E  00 00 20 00 1F 00 00 00  |../....... .....|
80B0C0:  FA 0A 00 01 11 2E 00 23  04 00 11 2F 00 23 04 00  |.......#.../.#..|
80B0D0:  04 20 00 00 29 FF 0F 00  17 0F 6E B0 1F 00 00 80  |. ..).....n.....|
80B0E0:  00 0A 00 33 08 1C 04 01  11 B4 01 0F 00 00 10 08  |...3............|
80B0F0:  00 00 00 11 B5 01 0F 00  00 10 08 00 00 00 11 B6  |................|
80B100:  01 0F 00 00 10 08 00 00  00 04 FF 00 08 51 B2 33  |.............Q.3|
80B110:  09 2D 00 17 0F 00 02 08  04 00 2A 00 00 00 09 01  |.-........*.....|
80B120:  4C B0 33 1A 1F 00 00 00  FE 01 11 30 00 0F 00 00  |L.3........0....|
80B130:  08 10 00 00 00 11 31 00  0F 00 00 08 10 00 00 00  |......1.........|
80B140:  11 32 00 0F 00 00 08 10  00 00 00 11 33 00 0F 00  |.2..........3...|
80B150:  00 08 10 00 00 00 04 04  00 08 51 B2 2D 00 09 01  |..........Q.-...|
80B160:  01 00 33 18 09 02 1F 00  00 00 FE 11 48 01 23 FF  |..3.........H.#.|
80B170:  00 00 29 00 00 00 3A 09  4C B0 29 04 00 00 38 09  |..)...:.L.)...8.|
80B180:  4C B0 29 05 00 00 38 09  4C B0 2C 00 3A 09 01 00  |L.)...8.L.,.:...|
80B190:  2D 7E 56 51 01 00 33 06  1F 00 00 00 01 02 11 01  |-~VQ..3.........|
80B1A0:  00 01 0F 00 00 08 08 00  00 00 04 08 00 11 02 00  |................|
80B1B0:  0F 00 00 08 08 00 00 00  11 03 00 0F 00 00 08 08  |................|
80B1C0:  00 00 00 11 02 00 0F 00  00 08 08 00 00 00 05 06  |................|
80B1D0:  00 2B 7E 56 51 00 00 08  51 B2 2B 7E 56 51 00 00  |.+~VQ...Q.+~VQ..|
80B1E0:  11 01 00 33 07 30 00 00  33 01 09 04 12 63 00 12  |...3.0..3....c..|
80B1F0:  64 00 12 65 00 00 33 02  09 04 12 3C 00 12 3F 00  |d..e..3....<..?.|
80B200:  12 41 00 12 43 00 00 09  02 1C 07 08 10 B2 09 06  |.A..C...........|
80B210:  33 03 12 3C 00 12 3D 00  12 3E 00 12 3F 00 12 40  |3..<..=..>..?..@|
80B220:  00 12 41 00 12 42 00 12  43 00 00 33 04 09 02 12  |..A..B..C..3....|
80B230:  44 00 12 45 00 12 46 00  12 47 00 12 48 00 12 49  |D..E..F..G..H..I|
80B240:  00 12 4A 00 12 4B 00 12  4C 00 12 4D 00 12 4E 00  |..J..K..L..M..N.|
80B250:  00 33 1C 09 06 12 32 02  12 33 02 00 33 02 09 06  |.3....2..3..3...|
80B260:  12 3C 00 00 14 A1 FD A0  0B 1A 00 E7 33 05 1F 00  |.<..........3...|
80B270:  00 00 00 01 16 3A 00 23  08 00 16 3B 00 23 08 00  |.....:.#...;.#..|
80B280:  04 03 00 01 16 3C 00 23  08 00 16 3D 00 23 08 00  |.....<.#...=.#..|
80B290:  04 02 00 15 00 1F 00 00  80 FF 23 01 00 14 75 FC  |..........#...u.|
80B2A0:  90 08 19 21 EF 0B 07 00  33 05 16 24 00 23 04 00  |...!....3..$.#..|
80B2B0:  16 25 00 23 06 00 16 26  00 23 06 00 16 27 00 23  |.%.#...&.#...'.#|
80B2C0:  06 00 16 28 00 23 06 00  16 29 00 23 06 00 16 2A  |...(.#...).#...*|
80B2D0:  00 23 06 00 16 2B 00 23  06 00 16 2C 00 23 05 00  |.#...+.#...,.#..|
80B2E0:  16 2D 00 23 05 00 16 2E  00 23 04 00 15 00 13 36  |.-.#.....#.....6|
80B2F0:  01 00 FC 13 37 01 04 FC  13 36 01 04 FC 13 38 01  |....7....6....8.|
80B300:  04 FD 13 39 01 06 F8 13  3A 01 04 FD 13 3B 01 04  |...9....:....;..|
80B310:  FD 13 3C 01 04 FE 00 12  3D 01 12 3E 01 12 3F 01  |..<.....=..>..?.|
80B320:  12 40 01 12 41 01 12 42  01 00 13 43 01 00 00 13  |.@..A..B...C....|
80B330:  44 01 04 02 13 45 01 04  01 13 46 01 04 00 13 47  |D....E....F....G|
80B340:  01 04 00 00 1F 00 00 FF  7F 23 09 00 0C 28 C0 01  |.........#...(..|
80B350:  08 85 B3 00 0B 0C 58 60  01 08 85 B3 00 0B 0C 90  |......X`........|
80B360:  A0 01 08 85 B3 00 0B 0C  B0 F0 01 08 85 B3 00 0B  |................|
80B370:  0C D8 80 01 08 85 B3 00  0B 0C FF D0 01 08 85 B3  |................|
80B380:  00 0B 08 85 B3 33 1F 1F  00 00 00 FC 01 11 5C 01  |.....3........\.|
80B390:  0F 00 00 04 10 80 03 02  11 5D 01 0F 00 00 04 10  |.........]......|
80B3A0:  80 03 02 11 5E 01 0F 00  00 04 10 80 03 02 04 10  |....^...........|
80B3B0:  00 03 18 14 59 FD 60 1E  1C 2F E6 31 01 00 08 C1  |....Y.`../.1....|
80B3C0:  B3 02 1E 20 00 00 00 1F  00 04 00 02 3A 00 B0 3B  |... ........:..;|
80B3D0:  00 30 01 16 0A 00 23 02  00 16 0B 00 23 02 00 16  |.0....#.....#...|
80B3E0:  0C 00 23 02 00 16 0D 00  23 02 00 16 0E 00 04 04  |..#.....#.......|
80B3F0:  00 05 02 00 08 2F B4 1E  20 00 20 00 1F 00 03 00  |...../.. . .....|
80B400:  FF 0A 08 16 11 00 23 08  00 33 1E 16 12 00 23 08  |......#..3....#.|
80B410:  00 16 13 00 23 08 00 0C  10 D8 01 08 53 B4 00 15  |....#.......S...|
80B420:  16 14 00 23 08 00 16 15  00 23 08 00 08 C1 B3 1E  |...#.....#......|
80B430:  00 00 00 00 1F 00 00 00  00 16 0F 00 23 0F 00 33  |............#..3|
80B440:  23 0C DB 1C 01 08 C9 B4  00 16 16 10 00 23 1E 00  |#............#..|
80B450:  08 F7 B3 1F 00 FD C0 FF  11 6E 01 23 18 00 01 3A  |.........n.#...:|
80B460:  00 00 3B 00 00 1E 00 00  00 00 1F 20 01 C0 00 11  |..;........ ....|
80B470:  68 01 23 04 00 0F 04 04  14 0C 00 01 02 11 69 01  |h.#...........i.|
80B480:  23 04 00 0F 04 04 14 0C  00 01 02 11 6A 01 23 04  |#...........j.#.|
80B490:  00 0F 04 04 14 0C 00 01  02 11 6B 01 23 04 00 0F  |..........k.#...|
80B4A0:  04 04 14 0C 00 01 02 11  6C 01 23 04 00 0F 04 04  |........l.#.....|
80B4B0:  14 0C 00 01 02 11 6D 01  23 04 00 0F 04 04 14 0C  |......m.#.......|
80B4C0:  00 01 02 04 04 00 08 51  B2 11 5F 01 1B 04 11 60  |.......Q.._....`|
80B4D0:  01 1B 04 11 61 01 1B 04  11 62 01 0C DE 24 01 08  |....a....b...$..|
80B4E0:  16 B5 00 16 0C E2 22 01  08 36 B5 00 16 1B 01 0C  |......"..6......|
80B4F0:  DF 28 01 08 1E B5 00 16  1B 01 0C E0 26 01 08 26  |.(..........&..&|
80B500:  B5 00 16 1B 01 0C E1 27  01 08 2E B5 00 16 1B 01  |.......'........|
80B510:  11 63 01 1B 04 00 1F 00  FD 00 03 08 3E B5 1F 80  |.c..........>...|
80B520:  FD F0 02 08 3E B5 1F 00  FE 80 02 08 3E B5 1F 80  |....>.......>...|
80B530:  FE 10 03 08 3E B5 1F 00  FF 00 03 08 3E B5 11 64  |....>.......>..d|
80B540:  01 0F 00 00 03 03 00 01  02 11 65 01 0F 00 00 03  |..........e.....|
80B550:  03 00 01 02 11 66 01 0F  00 00 03 03 00 01 02 11  |.....f..........|
80B560:  67 01 0F 00 00 03 03 00  01 02 03 32 2B 7E 71 51  |g..........2+~qQ|
80B570:  00 00 08 06 00 18 14 35  FD 20 24 19 9F C2 31 01  |.......5. $...1.|
80B580:  00 1B 02 2B 7E 6C 51 00  00 0D 00 00 01 08 54 B6  |...+~lQ.......T.|
80B590:  00 11 0D 00 00 01 08 79  B6 00 11 0D 00 00 01 08  |.......y........|
80B5A0:  B0 B6 00 11 0D 00 00 01  08 E7 B6 00 11 0D 00 00  |................|
80B5B0:  01 08 1E B7 00 11 0D 00  00 01 08 55 B7 00 11 24  |...........U...$|
80B5C0:  16 00 00 0B 3D 00 08 C9  B5 1F 00 01 00 00 23 F0  |....=.........#.|
80B5D0:  00 08 D4 B5 1F 80 00 00  02 3A 00 90 01 3B 00 20  |.........:...;. |
80B5E0:  02 16 00 00 23 03 00 16  01 00 23 03 00 16 02 00  |....#.....#.....|
80B5F0:  23 03 00 16 03 00 23 03  00 16 04 00 23 03 00 16  |#.....#.....#...|
80B600:  05 00 23 03 00 05 03 00  04 03 00 2A 06 00 7E 6C  |..#........*..~l|
80B610:  51 D4 B5 32 1F 00 00 00  FE 2B 7E 71 51 00 00 0A  |Q..2.....+~qQ...|
80B620:  10 01 16 00 00 23 03 00  16 01 00 23 03 00 16 02  |.....#.....#....|
80B630:  00 23 03 00 16 03 00 23  03 00 16 04 00 23 03 00  |.#.....#.....#..|
80B640:  16 05 00 23 03 00 04 80  00 00 32 2B 7E 71 51 00  |...#......2+~qQ.|
80B650:  00 08 64 B2 1D 4C 01 01  00 3C 10 00 00 1C 06 00  |..d..L...<......|
80B660:  08 02 3C 00 81 40 00 3D  00 40 40 00 1E 00 00 10  |..<..@.=.@@.....|
80B670:  00 1F 00 00 00 01 08 8C  B7 0A 00 1D 4C 01 01 1C  |............L...|
80B680:  0C 2A 01 00 7E 6C 51 79  B6 29 01 00 00 6D 14 79  |.*..~lQy.)...m.y|
80B690:  B6 10 00 00 1C 06 00 08  02 3C 00 A0 40 00 3D 00  |.........<..@.=.|
80B6A0:  20 20 00 1E 00 00 10 00  1F 00 00 00 01 08 8C B7  |  ..............|
80B6B0:  0A 00 1D 4C 01 01 DC FC  2A 02 00 7E 6C 51 B0 B6  |...L....*..~lQ..|
80B6C0:  29 01 00 00 6D 14 B0 B6  10 00 00 1C 06 00 08 02  |)...m...........|
80B6D0:  3C 00 81 40 00 3D 00 40  20 00 1E 00 00 10 00 1F  |<..@.=.@ .......|
80B6E0:  00 00 00 01 08 8C B7 0A  00 1D 49 01 01 1C EC 2A  |..........I....*|
80B6F0:  03 00 7E 6C 51 E7 B6 29  01 00 00 6D 14 E7 B6 10  |..~lQ..)...m....|
80B700:  00 00 1C 06 00 08 02 3C  00 81 40 00 3D 00 60 20  |.......<..@.=.` |
80B710:  00 1E 00 00 10 00 1F 00  00 00 01 08 C5 B7 0A 00  |................|
80B720:  1D 49 01 01 DA DC 2A 04  00 7E 6C 51 1E B7 29 01  |.I....*..~lQ..).|
80B730:  00 00 6D 14 1E B7 10 00  00 1C 06 00 08 02 3C 00  |..m...........<.|
80B740:  81 40 00 3D 00 40 20 00  1E 00 00 10 00 1F 00 00  |.@.=.@ .........|
80B750:  00 01 08 C5 B7 0A 00 1D  49 01 01 1C CC 2A 05 00  |........I....*..|
80B760:  7E 6C 51 55 B7 29 01 00  00 6D 14 55 B7 10 00 00  |~lQU.)...m.U....|
80B770:  1C 06 00 08 02 3C 00 81  40 00 3D 00 60 20 00 1E  |.....<..@.=.` ..|
80B780:  00 00 10 00 1F 00 00 00  01 08 C5 B7 0F 00 00 1C  |................|
80B790:  06 00 08 02 3D 00 00 20  00 33 1F 1E C0 FF 00 00  |....=.. .3......|
80B7A0:  1F 00 FF 00 01 01 3B 00  00 11 4D 01 0F 00 00 1C  |......;...M.....|
80B7B0:  06 00 08 02 11 4E 01 0F  00 00 1C 06 00 08 02 04  |.....N..........|
80B7C0:  20 00 08 FB B7 0F 00 00  1C 06 00 08 02 3D 00 00  | ............=..|
80B7D0:  20 00 33 1F 1E C0 FF 00  00 1F 00 FE 00 03 01 3B  | .3............;|
80B7E0:  00 00 11 4A 01 0F 00 00  1C 06 00 08 02 11 4B 01  |...J..........K.|
80B7F0:  0F 00 00 1C 06 00 08 02  04 20 00 2D 7E 6C 51 01  |......... .-~lQ.|
80B800:  00 08 03 00 18 31 01 00  14 11 FD 60 2A 19 DA D7  |.....1.....`*...|
80B810:  39 00 80 39 00 40 1F 00  B0 00 40 01 3B 00 00 23  |9..9.@....@.;..#|
80B820:  01 00 04 08 00 1F 80 01  80 00 11 B9 01 08 30 B8  |..............0.|
80B830:  3B 00 00 23 01 00 04 90  01 11 00 00 1F 00 08 00  |;..#............|
80B840:  02 01 3B 00 D0 23 01 00  04 40 00 38 00 80 38 00  |..;..#...@.8..8.|
80B850:  40 08 54 B8 3A 00 00 3B  00 D0 02 16 06 00 23 03  |@.T.:..;......#.|
80B860:  00 16 07 00 23 03 00 16  08 00 23 03 00 16 09 00  |....#.....#.....|
80B870:  23 03 00 05 03 00 3B 00  D0 01 02 0C D0 D8 01 00  |#.....;.........|
80B880:  E3 B8 00 12 16 06 00 23  03 00 16 07 00 23 03 00  |.......#.....#..|
80B890:  16 08 00 23 03 00 16 09  00 23 03 00 05 03 00 3B  |...#.....#.....;|
80B8A0:  00 D0 04 03 00 01 02 16  06 00 23 03 00 16 07 00  |..........#.....|
80B8B0:  23 03 00 16 08 00 23 03  00 16 09 00 23 03 00 05  |#.....#.....#...|
80B8C0:  03 00 3B 00 D0 04 02 00  03 24 32 2B 7E 71 51 00  |..;......$2+~qQ.|
80B8D0:  00 2B 7E 5A 51 E0 00 0C  00 00 02 00 A7 CB 00 45  |.+~ZQ..........E|
80B8E0:  08 06 00 1E 00 FA 00 00  20 1E 00 00 00 00 33 0B  |........ .....3.|
80B8F0:  11 3A 00 23 02 00 11 3B  00 08 FC B8 0F 00 00 02  |.:.#...;........|
80B900:  02 00 03 02 03 14 11 FD  60 2A 19 DA D7 1F 00 08  |........`*......|
80B910:  00 02 08 15 B9 3A 00 00  3B 00 00 01 0C D0 D8 01  |.....:..;.......|
80B920:  00 E3 B8 00 12 16 06 00  23 03 00 16 07 00 23 03  |........#.....#.|
80B930:  00 16 08 00 23 03 00 16  09 00 23 03 00 3B 00 D0  |....#.....#..;..|
80B940:  04 C8 00 00 1E 00 00 F0  FF 1F 80 00 00 06 3B 00  |..............;.|
80B950:  00 11 4F 01 01 0F 00 00  18 10 00 02 02 04 04 00  |..O.............|
80B960:  11 50 01 01 0F 00 00 18  10 00 02 02 04 04 00 11  |.P..............|
80B970:  51 01 01 0F 00 00 18 10  00 02 02 04 04 00 11 52  |Q..............R|
80B980:  01 01 0F 00 00 18 10 00  02 02 04 04 00 11 53 01  |..............S.|
80B990:  01 0F 00 00 18 10 00 02  02 04 04 00 11 54 01 01  |.............T..|
80B9A0:  0F 00 00 18 10 00 02 02  04 04 00 11 55 01 01 0F  |............U...|
80B9B0:  00 00 18 10 00 02 02 04  04 00 11 56 01 01 0F 00  |...........V....|
80B9C0:  00 18 10 00 02 02 04 04  00 03 28 00 0C 00 00 01  |..........(.....|
80B9D0:  00 4C B0 00 00 08 F9 B9  0C 00 E0 01 00 D4 B0 00  |.L..............|
80B9E0:  1C 08 F9 B9 0C 00 F0 10  00 1A B1 00 1D 08 F9 B9  |................|
80B9F0:  0C 00 F0 04 00 72 B1 00  1E 33 0A 0A 00 09 01 1F  |.....r...3......|
80BA00:  80 01 00 FC 11 57 01 23  08 00 1F 00 02 00 FC 11  |.....W.#........|
80BA10:  58 01 23 0A 00 1F 00 00  00 FC 11 59 01 23 0C 00  |X.#........Y.#..|
80BA20:  1F 00 FF 00 FC 11 5A 01  23 0E 00 1F 00 00 00 FC  |......Z.#.......|
80BA30:  11 5B 01 23 14 00 00 1F  00 03 00 00 3A 00 00 11  |.[.#........:...|
80BA40:  70 01 23 18 00 06 03 03  23 10 00 06 03 03 23 10  |p.#.....#.....#.|
80BA50:  00 3C 00 00 40 00 33 12  11 71 01 1B 06 11 72 01  |.<..@.3..q....r.|
80BA60:  1B 05 10 00 18 18 08 10  10 08 11 73 01 1B 08 10  |...........s....|
80BA70:  00 14 20 10 10 10 08 08  37 BA 1F 00 01 00 00 11  |.. .....7.......|
80BA80:  6F 01 23 C8 00 08 37 BA  33 05 0C 00 00 01 00 95  |o.#...7.3.......|
80BA90:  B2 00 07 08 B6 C3 12 8E  01 04 0C 00 0C 00 E0 01  |................|
80BAA0:  08 A9 BA 00 22 12 8F 01  03 33 13 1E 00 00 60 00  |...."....3....`.|
80BAB0:  1F 80 01 00 F4 3A 00 00  01 11 90 01 0F FE 00 05  |.....:..........|
80BAC0:  08 00 01 06 04 1E 00 01  11 91 01 0F FE 00 05 08  |................|
80BAD0:  00 01 06 04 1E 00 33 11  08 01 00 2A 00 00 7E 56  |......3....*..~V|
80BAE0:  51 01 00 0C 00 F0 08 08  72 B1 00 1E 08 01 00 1B  |Q.......r.......|
80BAF0:  02 1A 12 83 01 3C 00 00  60 00 08 FD BA 33 14 0A  |.....<..`....3..|
80BB00:  08 12 84 01 12 83 01 0A  10 12 84 01 3C 00 00 30  |............<..0|
80BB10:  00 33 03 0C F8 FC 01 10  47 BB 00 23 12 85 01 10  |.3......G..#....|
80BB20:  00 00 18 10 00 01 06 0C  F8 F8 01 10 BF BB 00 23  |...............#|
80BB30:  1B 02 0C 08 04 01 08 54  BB 00 23 1B 04 0C 08 F0  |.......T..#.....|
80BB40:  01 08 CC BB 00 23 00 1E  10 00 60 00 1F 80 01 00  |.....#....`.....|
80BB50:  F8 08 5E BB 1E 10 00 60  00 1F 80 01 00 F8 01 11  |..^....`........|
80BB60:  86 01 0F 00 00 08 08 00  01 06 11 87 01 0F 00 00  |................|
80BB70:  08 08 00 01 06 11 88 01  0F 00 00 08 08 00 01 06  |................|
80BB80:  11 89 01 0F 00 00 08 08  00 01 06 04 08 00 01 11  |................|
80BB90:  86 01 0F 00 00 08 08 00  01 06 11 87 01 0F 00 00  |................|
80BBA0:  08 08 00 01 06 11 88 01  0F 00 00 08 08 00 01 06  |................|
80BBB0:  11 89 01 0F 00 00 08 08  00 01 06 04 06 00 25 1E  |..............%.|
80BBC0:  00 00 60 00 1F 00 FE 00  F4 08 D6 BB 1E 00 00 60  |..`............`|
80BBD0:  00 1F 80 FE 00 F4 01 11  8A 01 0F 00 00 08 08 00  |................|
80BBE0:  01 06 11 8B 01 0F 00 00  08 08 00 01 06 11 8C 01  |................|
80BBF0:  0F 00 00 08 08 00 01 06  11 8D 01 0F 00 00 08 08  |................|
80BC00:  00 01 06 04 08 00 01 11  8A 01 0F 00 00 08 08 00  |................|
80BC10:  01 06 11 8B 01 0F 00 00  08 08 00 01 06 11 8C 01  |................|
80BC20:  0F 00 00 08 08 00 01 06  11 8D 01 0F 00 00 08 08  |................|
80BC30:  00 01 06 04 06 00 25 12  80 01 3C 00 00 38 00 3D  |......%...<..8.=|
80BC40:  00 00 60 00 33 0D 01 11  81 01 10 00 18 08 0A 00  |..`.3...........|
80BC50:  01 06 04 02 00 01 11 82  01 10 10 40 10 10 00 01  |...........@....|
80BC60:  06 04 02 00 01 11 81 01  10 00 18 08 0A 00 01 06  |................|
80BC70:  04 02 00 12 80 01 1B 0A  08 37 BC 12 74 01 3C 00  |.........7..t.<.|
80BC80:  60 40 00 12 75 01 0C 08  FA 01 08 F0 BC 00 22 1B  |`@..u.........".|
80BC90:  02 0C 00 FA 01 08 F0 BC  00 22 1B 05 11 74 01 1B  |........."...t..|
80BCA0:  0A 03 12 76 01 3C 00 A0  40 00 12 77 01 0C 00 FA  |...v.<..@..w....|
80BCB0:  01 10 F0 BC 00 22 1B 02  0C 08 FA 01 10 F0 BC 00  |....."..........|
80BCC0:  22 1B 05 11 76 01 1B 0A  03 12 7E 01 3C 00 60 40  |"...v.....~.<.`@|
80BCD0:  00 12 7F 01 0C 08 FA 01  08 F0 BC 00 22 1B 02 0C  |............"...|
80BCE0:  00 FA 01 08 F0 BC 00 22  1B 05 11 7E 01 1B 0A 03  |......."...~....|
80BCF0:  1E 00 00 20 00 1F 00 02  00 06 01 11 79 01 02 21  |... ........y..!|
80BD00:  10 04 04 04 04 00 01 06  05 03 00 11 7A 01 02 21  |............z..!|
80BD10:  10 04 04 04 04 00 01 06  05 03 00 11 7B 01 02 21  |............{..!|
80BD20:  10 04 04 04 04 00 01 06  05 03 00 11 7C 01 02 21  |............|..!|
80BD30:  10 04 04 04 04 00 01 06  05 03 00 11 7D 01 02 21  |............}..!|
80BD40:  10 04 04 04 04 00 01 06  05 03 00 04 0A 00 0C 00  |................|
80BD50:  00 02 08 07 B2 00 01 00  0A 00 37 38 00 80 08 61  |..........78...a|
80BD60:  BD 1F 00 04 00 00 3A 00  00 11 BA 01 23 04 00 11  |......:.....#...|
80BD70:  BB 01 23 04 00 11 BC 01  23 04 00 3C 20 00 40 00  |..#.....#..< .@.|
80BD80:  33 0C 11 BD 01 1B 06 11  BE 01 1B 05 11 BF 01 33  |3..............3|
80BD90:  0D 1B 05 10 18 18 10 06  00 04 0A 08 61 BD 11 BF  |............a...|
80BDA0:  01 1B 05 1F 00 02 00 00  01 11 BA 01 23 04 00 11  |............#...|
80BDB0:  BB 01 23 04 00 11 BC 01  23 04 00 04 10 00 08 61  |..#.....#......a|
80BDC0:  BD 36 00 00 39 00 80 2D  7E 73 51 01 00 29 04 00  |.6..9..-~sQ..)..|
80BDD0:  7E 73 51 13 BE 24 33 1A  11 BD 01 09 01 3A 00 00  |~sQ..$3......:..|
80BDE0:  0A 80 1F 00 05 00 02 23  28 00 1F 00 05 00 FE 23  |.......#(......#|
80BDF0:  28 00 36 28 00 29 01 00  7E 73 51 29 00 29 02 00  |(.6(.)..~sQ).)..|
80BE00:  7E 73 51 29 00 1F 00 05  00 02 23 04 00 38 00 80  |~sQ)......#..8..|
80BE10:  08 2D BE 09 03 12 CA 01  12 CB 01 12 CC 01 12 CD  |.-..............|
80BE20:  01 04 0E 00 2D 7E 5C 51  08 00 08 29 00 38 00 80  |....-~\Q...).8..|
80BE30:  1E 00 00 00 00 1F 00 04  00 00 3A 00 00 01 11 C0  |..........:.....|
80BE40:  01 23 04 00 11 C1 01 23  04 00 11 C2 01 23 04 00  |.#.....#.....#..|
80BE50:  04 03 00 19 3A 00 00 11  C3 01 1B 08 0C 30 F6 01  |....:........0..|
80BE60:  00 89 BE 00 2A 1B 03 0C  40 F6 01 00 B3 BE 00 2A  |....*...@......*|
80BE70:  1E 80 00 00 00 1F 00 F4  00 00 11 C3 01 23 05 00  |.............#..|
80BE80:  11 C4 01 23 14 00 08 2D  BE 1F 00 02 00 00 11 C5  |...#...-........|
80BE90:  01 23 04 00 11 C6 01 23  04 00 11 C7 01 23 04 00  |.#.....#.....#..|
80BEA0:  11 C8 01 23 04 00 11 C7  01 23 04 00 11 C5 01 23  |...#.....#.....#|
80BEB0:  04 00 00 1F 00 07 00 00  33 10 01 11 C9 01 0F 00  |........3.......|
80BEC0:  01 0E 04 10 10 08 04 80  00 0C 00 00 04 08 2B B2  |..............+.|
80BED0:  00 03 00 0A 00 1B 20 37  29 08 00 7E 5C 51 2D BE  |...... 7)..~\Q-.|
80BEE0:  03 33 05 11 00 00 39 00  80 0C 00 00 01 00 95 B2  |.3....9.........|
80BEF0:  00 07 2D 7E 5C 51 01 00  29 09 00 7E 5C 51 2C BF  |..-~\Q..)..~\Q,.|
80BF00:  29 0A 00 7E 5C 51 19 BF  29 0B 00 7E 5C 51 2C BF  |)..~\Q..)..~\Q,.|
80BF10:  2B 7E 5C 51 10 00 08 B6  C3 3A B6 C3 1F 00 60 00  |+~\Q.....:....`.|
80BF20:  02 23 08 00 36 28 00 1C  02 08 2D BE 3A 2D BE 1F  |.#..6(....-.:-..|
80BF30:  00 60 00 FE 23 08 00 36  29 00 1C 03 38 00 80 08  |.`..#..6)...8...|
80BF40:  BB C0 0A 00 1B 20 29 08  00 7E 5C 51 58 BD 03 24  |..... )..~\QX..$|
80BF50:  33 19 39 00 80 29 08 00  7E 5C 51 7D BF 29 09 00  |3.9..)..~\Q}.)..|
80BF60:  7E 5C 51 83 BF 29 0A 00  7E 5C 51 7D BF 29 0B 00  |~\Q..)..~\Q}.)..|
80BF70:  7E 5C 51 7D BF 29 0C 00  7E 5C 51 83 BF 11 BA 01  |~\Q}.)..~\Q.....|
80BF80:  08 86 BF 11 CE 01 36 00  00 39 00 80 09 01 3A 00  |......6..9....:.|
80BF90:  00 0A 80 1E 00 00 40 00  1F 00 01 00 FA 23 50 00  |......@......#P.|
80BFA0:  11 00 00 27 C0 01 1E 00  00 00 00 2D 7E 5C 51 01  |...'.......-~\Q.|
80BFB0:  00 29 09 00 7E 5C 51 E4  BF 29 0A 00 7E 5C 51 DA  |.)..~\Q..)..~\Q.|
80BFC0:  BF 29 0B 00 7E 5C 51 DA  BF 29 0C 00 7E 5C 51 E4  |.)..~\Q..)..~\Q.|
80BFD0:  BF 2B 7E 5C 51 10 00 08  B6 C3 1B 14 36 28 00 1C  |.+~\Q.......6(..|
80BFE0:  02 08 58 BD 1B 14 36 29  00 1C 03 08 EE BF 37 38  |..X...6)......78|
80BFF0:  00 80 08 F5 BF 1F 00 04  00 00 3A 00 00 11 CE 01  |..........:.....|
80C000:  23 04 00 11 CF 01 23 04  00 11 D0 01 23 04 00 3C  |#.....#.....#..<|
80C010:  20 00 40 00 33 0C 01 11  D1 01 1B 03 10 30 10 10  | .@.3........0..|
80C020:  06 00 04 0A 11 D2 01 1B  03 33 0D 04 04 00 08 F5  |.........3......|
80C030:  BF 01 11 D1 01 1B 03 11  D2 01 1B 03 33 0D 04 04  |............3...|
80C040:  00 1F 00 02 00 00 01 11  CE 01 23 04 00 11 CF 01  |..........#.....|
80C050:  23 04 00 11 D0 01 23 04  00 04 10 00 08 F5 BF 36  |#.....#........6|
80C060:  00 00 39 00 80 2D 7E 75  51 01 00 29 04 00 7E 75  |..9..-~uQ..)..~u|
80C070:  51 A9 C0 24 33 18 11 D2  01 09 01 3A 00 00 0A 80  |Q..$3......:....|
80C080:  1F 00 05 00 02 23 28 00  1F 00 05 00 FE 23 28 00  |.....#(......#(.|
80C090:  36 29 00 29 01 00 7E 75  51 28 00 29 02 00 7E 75  |6).)..~uQ(.)..~u|
80C0A0:  51 28 00 38 00 80 08 BB  C0 0C 00 00 01 00 95 B2  |Q(.8............|
80C0B0:  00 07 2D 7E 5C 51 07 00  08 B6 C3 1E 00 00 00 00  |..-~\Q..........|
80C0C0:  1F 00 04 40 00 3A 00 00  01 11 D3 01 23 04 00 11  |...@.:......#...|
80C0D0:  D4 01 23 04 00 11 D5 01  23 04 00 04 04 00 26 01  |..#.....#.....&.|
80C0E0:  C1 3A 00 00 11 D6 01 1B  04 11 D7 01 1B 04 0C 28  |.:.............(|
80C0F0:  FE 01 00 45 C1 00 2B 11  D8 01 1B 04 11 D6 01 1B  |...E..+.........|
80C100:  0A 1F 00 04 C0 FF 3A 00  00 01 11 D3 01 23 04 00  |......:......#..|
80C110:  11 D4 01 23 04 00 11 D5  01 23 04 00 04 04 00 26  |...#.....#.....&|
80C120:  BB C0 3A 00 00 11 D6 01  1B 04 11 D7 01 1B 04 0C  |..:.............|
80C130:  28 FE 01 00 45 C1 00 2B  11 D8 01 1B 04 11 D6 01  |(...E..+........|
80C140:  1B 0A 08 BB C0 1F 00 07  00 00 33 12 01 11 D9 01  |..........3.....|
80C150:  0C 00 00 03 00 8D C1 00  2B 23 01 00 0F 00 02 10  |........+#......|
80C160:  08 10 10 08 11 DA 01 0C  00 F6 03 00 8D C1 00 2B  |...............+|
80C170:  23 01 00 0F 00 02 10 08  10 10 08 11 DB 01 23 01  |#.............#.|
80C180:  00 0F 00 02 10 08 10 10  08 04 80 00 00 11 DC 01  |................|
80C190:  23 01 00 11 DD 01 23 01  00 11 DE 01 23 01 00 11  |#.....#.....#...|
80C1A0:  DF 01 23 01 00 00 0A 00  1B FF 39 00 80 0A 00 1B  |..#.......9.....|
80C1B0:  C0 37 38 00 80 08 B8 C1  1E 00 00 00 00 1F 00 04  |.78.............|
80C1C0:  00 00 3A 00 00 11 EA 01  23 04 00 11 EB 01 23 04  |..:.....#.....#.|
80C1D0:  00 11 EC 01 23 04 00 3C  20 00 40 00 33 0C 01 11  |....#..< .@.3...|
80C1E0:  ED 01 1B 03 10 30 10 10  06 00 04 0A 11 EE 01 1B  |.....0..........|
80C1F0:  03 33 0D 04 04 00 08 B8  C1 01 11 ED 01 1B 03 11  |.3..............|
80C200:  EE 01 1B 03 33 0D 04 04  00 1F 00 02 00 00 01 11  |....3...........|
80C210:  EA 01 23 04 00 11 EB 01  23 04 00 11 EC 01 23 04  |..#.....#.....#.|
80C220:  00 04 10 00 08 B8 C1 24  33 19 11 EE 01 36 00 00  |.......$3....6..|
80C230:  39 00 80 09 01 3A 00 00  0A 80 1E 00 00 40 00 1F  |9....:.......@..|
80C240:  00 01 00 FA 23 50 00 11  00 00 27 B8 01 2D 7E 5C  |....#P....'..-~\|
80C250:  51 01 00 29 01 00 7E 5C  51 A1 C2 29 03 00 7E 5C  |Q..)..~\Q..)..~\|
80C260:  51 A1 C2 29 06 00 7E 5C  51 A1 C2 29 02 00 7E 5C  |Q..)..~\Q..)..~\|
80C270:  51 97 C2 29 04 00 7E 5C  51 97 C2 29 05 00 7E 5C  |Q..)..~\Q..)..~\|
80C280:  51 97 C2 29 07 00 7E 5C  51 97 C2 0C 00 00 04 00  |Q..)..~\Q.......|
80C290:  A7 CB 00 45 08 D7 C3 0C  00 10 01 08 AB C2 00 3A  |...E...........:|
80C2A0:  00 0C 00 00 01 08 AA C1  00 3B 00 39 00 80 11 00  |.........;.9....|
80C2B0:  00 0A 00 1B C0 37 38 00  80 08 BC C2 1E 00 00 00  |.....78.........|
80C2C0:  00 1F 00 03 00 00 3A 00  00 11 E0 01 23 04 00 11  |......:.....#...|
80C2D0:  E1 01 23 04 00 11 E2 01  23 04 00 3C 00 00 A0 00  |..#.....#..<....|
80C2E0:  1F 00 01 00 00 11 E3 01  0C 30 F0 01 00 21 C3 00  |.........0...!..|
80C2F0:  3C 23 05 00 11 E4 01 23  05 00 11 E5 01 23 20 00  |<#.....#.....# .|
80C300:  3A 00 00 1F 00 04 00 00  01 11 E7 01 23 04 00 11  |:...........#...|
80C310:  E8 01 23 04 00 11 E9 01  23 04 00 04 12 00 08 BC  |..#.....#.......|
80C320:  C2 33 10 1F 00 07 60 00  3B 00 07 01 11 E6 01 0F  |.3....`.;.......|
80C330:  00 00 20 08 10 10 0C 04  80 00 00 24 33 19 11 E5  |.. ........$3...|
80C340:  01 36 00 00 39 00 80 09  01 3A 00 00 0A 80 1F 00  |.6..9....:......|
80C350:  04 00 01 23 50 00 11 00  00 27 B8 01 2D 7E 5C 51  |...#P....'..-~\Q|
80C360:  01 00 29 01 00 7E 5C 51  A1 C2 29 03 00 7E 5C 51  |..)..~\Q..)..~\Q|
80C370:  A1 C2 29 06 00 7E 5C 51  A1 C2 29 02 00 7E 5C 51  |..)..~\Q..)..~\Q|
80C380:  97 C2 29 04 00 7E 5C 51  97 C2 29 05 00 7E 5C 51  |..)..~\Q..)..~\Q|
80C390:  97 C2 29 07 00 7E 5C 51  97 C2 1F 00 98 00 00 23  |..)..~\Q.......#|
80C3A0:  03 00 2A 00 00 00 07 01  D7 C3 0C 00 00 04 00 A7  |..*.............|
80C3B0:  CB 00 45 08 D7 C3 2D 7E  5C 51 01 00 29 10 00 7E  |..E...-~\Q..)..~|
80C3C0:  5C 51 D7 C3 29 11 00 7E  5C 51 D7 C3 29 12 00 7E  |\Q..)..~\Q..)..~|
80C3D0:  5C 51 D7 C3 08 04 00 35  EF 9C 08 04 00 14 B9 FC  |\Q.....5........|
80C3E0:  80 0E 1E EE EE 1F 00 00  00 00 17 35 00 23 01 00  |...........5.#..|
80C3F0:  3C 00 00 40 00 16 36 00  23 04 00 16 38 00 0D 00  |<..@..6.#...8...|
80C400:  20 02 08 13 C4 00 30 23  04 00 16 39 00 23 18 00  | .....0#...9.#..|
80C410:  08 EA C3 33 0C 1E 00 00  F0 FF 06 03 08 1F 00 02  |...3............|
80C420:  00 04 08 35 C4 06 03 08  1F 00 FE 00 03 08 35 C4  |...5..........5.|
80C430:  1F 00 00 00 05 01 11 5C  00 0F 00 00 08 08 00 02  |.......\........|
80C440:  0E 11 5D 00 0F 00 00 08  08 00 02 0E 11 56 00 0F  |..]..........V..|
80C450:  00 00 08 08 00 02 0E 11  57 00 0F 00 00 08 08 00  |........W.......|
80C460:  02 0E 11 58 00 0F 00 00  08 08 00 02 0E 11 59 00  |...X..........Y.|
80C470:  0F 00 00 08 08 00 02 0E  11 5A 00 0F 00 00 08 08  |.........Z......|
80C480:  00 02 0E 11 5B 00 0F 00  00 08 08 00 02 0E 04 02  |....[...........|
80C490:  00 01 10 00 00 08 08 00  02 0E 04 0A 00 09 08 12  |................|
80C4A0:  5E 00 12 5F 00 12 60 00  00 14 B9 FC 80 0E 1E EE  |^.._..`.........|
80C4B0:  EE 1F 00 00 00 00 17 2F  00 23 01 00 3C 00 00 28  |......./.#..<..(|
80C4C0:  00 16 32 00 23 04 00 16  33 00 23 04 00 16 34 00  |..2.#...3.#...4.|
80C4D0:  0D 00 4F 02 08 F1 C4 00  31 23 3C 00 16 33 00 23  |..O.....1#<..3.#|
80C4E0:  04 00 16 32 00 23 05 00  16 30 00 23 10 00 08 B6  |...2.#...0.#....|
80C4F0:  C4 11 51 00 10 00 E8 08  08 00 02 06 11 52 00 10  |..Q..........R..|
80C500:  00 F0 08 10 00 02 06 11  53 00 10 00 00 08 18 00  |........S.......|
80C510:  02 06 11 54 00 10 00 00  08 20 00 02 06 11 55 00  |...T..... ....U.|
80C520:  01 10 00 00 08 28 00 02  06 04 14 00 11 54 00 10  |.....(.......T..|
80C530:  00 00 08 20 00 02 06 11  53 00 10 00 00 08 18 00  |... ....S.......|
80C540:  02 06 12 52 00 12 51 00  00 14 75 FC D0 09 18 9D  |...R..Q...u.....|
80C550:  F2 1F 00 00 00 00 16 1D  00 23 64 00 16 1E 00 23  |.........#d....#|
80C560:  04 00 33 12 0C B0 20 01  00 AD C5 00 41 01 16 1F  |..3... .....A...|
80C570:  00 23 04 00 16 20 00 23  04 00 16 21 00 23 04 00  |.#... .#...!.#..|
80C580:  16 22 00 23 04 00 04 08  00 16 1E 00 23 04 00 16  |.".#........#...|
80C590:  23 00 10 30 00 10 30 00  02 06 01 0C 28 2C 02 10  |#..0..0.....(,..|
80C5A0:  97 AF 00 37 23 13 00 04  02 00 08 56 C5 1E E0 FF  |...7#......V....|
80C5B0:  00 00 1F 00 01 80 01 01  11 4F 00 02 0F 00 00 08  |.........O......|
80C5C0:  08 10 10 08 05 04 00 11  50 00 02 0F 00 00 08 08  |........P.......|
80C5D0:  10 10 08 05 04 00 11 63  00 02 0F 00 00 08 08 10  |.......c........|
80C5E0:  10 08 05 04 00 11 64 00  02 0F 00 00 08 08 10 10  |......d.........|
80C5F0:  08 05 04 00 04 02 00 1E  00 00 00 00 1F 80 03 00  |................|
80C600:  00 01 11 4F 00 02 0F 00  00 08 08 10 10 08 05 04  |...O............|
80C610:  00 11 50 00 02 0F 00 00  08 08 10 10 08 05 04 00  |..P.............|
80C620:  11 63 00 02 0F 00 00 08  08 10 10 08 05 04 00 11  |.c..............|
80C630:  64 00 02 0F 00 00 08 08  10 10 08 05 04 00 04 06  |d...............|
80C640:  00 08 01 00 33 1B 0C F4  F6 02 00 D6 C6 00 33 12  |....3.........3.|
80C650:  1F 02 12 20 02 12 21 02  12 20 02 0C 04 F6 02 00  |... ..!.. ......|
80C660:  D6 C6 00 33 12 1F 02 12  20 02 12 21 02 12 20 02  |...3.... ..!.. .|
80C670:  04 04 00 12 22 02 0C FC  F0 02 00 82 C6 00 33 1B  |....".........3.|
80C680:  01 03 1E 00 00 40 00 1F  00 01 00 FE 01 0C F0 F0  |.....@..........|
80C690:  01 00 D6 C6 00 33 3A 00  00 02 11 2C 02 22 10 00  |.....3:....,."..|
80C6A0:  00 10 10 00 02 10 05 08  00 0C 10 F0 01 00 D6 C6  |................|
80C6B0:  00 33 02 11 2D 02 22 10  00 00 10 10 00 02 10 05  |.3..-.".........|
80C6C0:  08 00 02 11 2E 02 22 10  00 00 10 10 00 02 10 05  |......".........|
80C6D0:  08 00 04 06 00 25 1F 00  00 00 FE 1E 00 00 20 00  |.....%........ .|
80C6E0:  11 23 02 23 02 00 11 24  02 23 02 00 11 25 02 23  |.#.#...$.#...%.#|
80C6F0:  02 00 11 26 02 23 02 00  11 27 02 23 02 00 11 28  |...&.#...'.#...(|
80C700:  02 23 02 00 11 29 02 23  02 00 11 2A 02 23 02 00  |.#...).#...*.#..|
80C710:  11 2B 02 23 02 00 00 08  04 00 18 14 7D FD C0 25  |.+.#........}..%|
80C720:  18 11 DA 31 01 00 08 29  C7 1F 80 01 C0 00 3A 00  |...1...)......:.|
80C730:  D0 3B 00 18 01 16 16 00  23 0A 00 16 17 00 23 0A  |.;......#.....#.|
80C740:  00 16 18 00 0C E0 28 01  10 D9 C7 00 1A 23 0A 00  |......(......#..|
80C750:  16 19 00 23 0A 00 16 1A  00 0C 20 20 01 08 D9 C7  |...#......  ....|
80C760:  00 1A 23 0A 00 04 02 00  05 04 00 3A 00 D0 1F 00  |..#........:....|
80C770:  00 C0 FE 01 16 16 00 23  0A 00 16 17 00 23 0A 00  |.......#.....#..|
80C780:  16 18 00 0C E0 28 01 10  D9 C7 00 1A 23 0A 00 16  |.....(......#...|
80C790:  19 00 23 0A 00 16 1A 00  0C 20 20 01 08 D9 C7 00  |..#......  .....|
80C7A0:  1A 23 0A 00 04 02 00 03  1F 00 FD 00 FF 32 2B 7E  |.#...........2+~|
80C7B0:  71 51 00 00 33 05 16 1B  00 0C 00 40 01 08 CD C7  |qQ..3......@....|
80C7C0:  00 1A 23 1E 00 16 1C 00  23 3C 00 15 00 1F 00 00  |..#.....#<......|
80C7D0:  00 04 11 96 01 23 50 00  00 1E 10 00 20 00 1F 80  |.....#P..... ...|
80C7E0:  01 00 00 01 11 92 01 02  0F 00 00 04 04 00 02 02  |................|
80C7F0:  05 04 00 11 93 01 02 0F  00 00 04 04 00 02 02 05  |................|
80C800:  04 00 04 64 00 00 1F 00  00 00 01 11 94 01 23 04  |...d..........#.|
80C810:  00 11 95 01 23 04 00 00  0A 08 1F FF 7F 00 00 23  |....#..........#|
80C820:  01 00 0A 10 01 0C 00 00  01 10 36 C8 00 1B 1B 14  |..........6.....|
80C830:  04 05 00 08 36 C8 1F 00  03 50 00 3B 00 00 01 11  |....6....P.;....|
80C840:  97 01 0F 00 00 08 08 00  02 02 11 98 01 0F 00 00  |................|
80C850:  08 08 00 02 02 04 10 00  3C 40 FF 40 00 0A 10 1F  |........<@.@....|
80C860:  00 02 00 FE 01 11 99 01  0F 00 00 08 08 00 02 02  |................|
80C870:  11 9A 01 0F 00 00 08 08  00 02 02 04 0A 00 1F 00  |................|
80C880:  00 00 FE 01 11 9B 01 0F  00 00 08 08 00 02 02 11  |................|
80C890:  9C 01 0F 00 00 08 08 00  02 02 04 0A 00 1F 00 FE  |................|
80C8A0:  00 FE 01 11 9D 01 0F 00  00 08 08 00 02 02 11 9E  |................|
80C8B0:  01 0F 00 00 08 08 00 02  02 04 0A 00 08 BF C8 1F  |................|
80C8C0:  00 FE 40 00 3B 00 00 11  9F 01 0F 00 00 08 08 00  |..@.;...........|
80C8D0:  02 02 11 A0 01 0F 00 00  08 08 00 02 02 3C 00 F0  |.............<..|
80C8E0:  30 00 0A 10 1F 00 FE 00  02 01 11 A1 01 0F 00 00  |0...............|
80C8F0:  08 08 00 02 02 11 A2 01  0F 00 00 08 08 00 02 02  |................|
80C900:  04 0A 00 1F 00 00 00 02  01 11 A3 01 0F 00 00 08  |................|
80C910:  08 00 02 02 11 A4 01 0F  00 00 08 08 00 02 02 04  |................|
80C920:  0A 00 1F 00 02 00 02 01  11 A5 01 0F 00 00 08 08  |................|
80C930:  00 02 02 11 A6 01 0F 00  00 08 08 00 02 02 04 0A  |................|
80C940:  00 08 36 C8 09 06 12 A7  01 12 A8 01 12 A9 01 12  |..6.............|
80C950:  AA 01 00 24 1E 08 00 00  00 1F 00 05 00 00 01 11  |...$............|
80C960:  AE 01 23 06 00 11 AF 01  23 06 00 11 B0 01 23 06  |..#.....#.....#.|
80C970:  00 11 AF 01 23 06 00 04  04 00 11 B1 01 23 08 00  |....#........#..|
80C980:  11 B2 01 0C E8 18 01 08  96 C9 00 39 23 08 00 11  |...........9#...|
80C990:  B3 01 23 08 00 03 1E 00  00 10 00 1F 00 00 00 00  |..#.............|
80C9A0:  01 11 B4 01 0F 00 00 08  08 00 00 00 11 B5 01 0F  |................|
80C9B0:  00 00 08 08 00 00 00 11  B6 01 0F 00 00 08 08 00  |................|
80C9C0:  00 00 04 C8 00 08 04 00  29 FF 0F 00 17 0F 6E B0  |........).....n.|
80C9D0:  33 09 2D 00 17 0F 00 02  08 04 00 12 AB 01 3C 00  |3.-...........<.|
80C9E0:  E0 20 00 1F 40 01 E0 00  08 EB C9 11 AB 01 3A 00  |. ..@.........:.|
80C9F0:  00 3B 00 30 23 10 00 3D  00 30 10 00 33 21 11 AC  |.;.0#..=.0..3!..|
80CA00:  01 01 0F 10 28 08 08 00  01 02 04 04 00 11 AD 01  |....(...........|
80CA10:  01 0F 10 30 10 10 00 01  02 04 04 00 05 12 00 09  |...0............|
80CA20:  06 08 0A 00 39 00 80 1F  00 06 80 00 0A 00 3B 00  |....9.........;.|
80CA30:  00 11 B7 01 23 01 00 1A  38 00 80 0A 08 1F 00 FC  |....#...8.......|
80CA40:  00 01 11 B8 01 08 48 CA  3B 00 00 0F 00 00 20 1C  |......H.;..... .|
80CA50:  00 02 02 1A 29 01 00 7E  4C 51 5F CA 08 24 CA 33  |....)..~LQ_..$.3|
80CA60:  11 09 01 1F 00 FC 00 04  11 B8 01 23 20 00 00 12  |...........# ...|
80CA70:  F2 01 3C 00 00 30 00 3D  00 00 30 00 12 F3 01 12  |..<..0.=..0.....|
80CA80:  F4 01 10 04 04 14 10 00  02 06 12 F3 01 03 12 F2  |................|
80CA90:  01 1B 08 08 6F CA 2D 7E  5C 51 04 00 08 B6 C3 12  |....o.-~\Q......|
80CAA0:  EF 01 3C 00 00 30 00 3D  00 00 20 00 12 F0 01 12  |..<..0.=.. .....|
80CAB0:  F1 01 10 00 00 10 10 00  03 10 12 F0 01 03 12 EF  |................|
80CAC0:  01 1B 40 08 9F CA 2D 7E  5C 51 04 00 08 B6 C3 12  |..@...-~\Q......|
80CAD0:  F5 01 04 14 00 33 12 12  F6 01 09 03 01 02 12 F7  |.....3..........|
80CAE0:  01 12 F8 01 12 F9 01 05  02 00 0C 00 00 01 0C 14  |................|
80CAF0:  CB 00 41 04 08 00 09 0A  12 F6 01 03 0C 00 00 04  |..A.............|
80CB00:  10 A7 CB 00 45 0C 00 00  01 00 95 B2 00 07 35 EF  |....E.........5.|
80CB10:  9C 08 03 00 33 12 1F 00  01 00 FE 3A 00 00 11 FA  |....3......:....|
80CB20:  01 23 08 00 11 FB 01 23  08 00 11 FC 01 23 08 00  |.#.....#.....#..|
80CB30:  1F 00 02 00 01 01 33 12  3A 00 00 3B 00 00 02 11  |......3.:..;....|
80CB40:  FA 01 0F 00 00 08 08 10  10 08 05 04 00 3A 00 00  |.............:..|
80CB50:  3B 00 00 02 11 FB 01 0F  00 00 08 08 10 10 08 05  |;...............|
80CB60:  04 00 3A 00 00 3B 00 00  02 11 FC 01 0F 00 00 08  |..:..;..........|
80CB70:  08 10 10 08 05 04 00 3A  00 00 3B 00 00 02 11 FD  |.......:..;.....|
80CB80:  01 0F 00 00 08 08 10 10  08 05 04 00 3A 00 00 3B  |............:..;|
80CB90:  00 00 02 11 FE 01 0F 00  00 08 08 10 10 08 05 04  |................|
80CBA0:  00 04 05 00 08 E8 B1 3A  00 00 3B 00 00 13 66 00  |.......:..;...f.|
80CBB0:  03 02 13 67 00 03 02 13  68 00 03 02 13 69 00 03  |...g....h....i..|
80CBC0:  02 13 6A 00 03 02 13 6B  00 03 02 13 6C 00 03 02  |..j....k....l...|
80CBD0:  13 6D 00 03 02 13 6E 00  03 02 03 06 00 30 20 3E  |.m....n......0 >|
80CBE0:  00 01 00 58 18 3E 00 01  00 6C 18 3E 00 01 00 80  |...X.>...l.>....|
80CBF0:  18 3E 00 01 00 94 18 3E  00 04 00 C0 18 3E 00 05  |.>.....>.....>..|
80CC00:  00 68 2C 3E 00 FF FF 06  00 30 20 3E 00 01 00 58  |.h,>.....0 >...X|
80CC10:  18 3E 00 01 00 6C 18 3E  00 01 00 80 18 3E 00 01  |.>...l.>.....>..|
80CC20:  00 94 18 3E 00 04 00 C0  18 3E 00 FF FF FF FF 62  |...>.....>.....b|
80CC30:  00 63 00 64 00 65 00 6F  00 70 00 7A 00 7B 00 85  |.c.d.e.o.p.z.{..|
80CC40:  00 86 00 5C 01 5D 01 5E  01 FF FF 3C 00 3D 00 3E  |...\.].^...<.=.>|
80CC50:  00 3F 00 40 00 41 00 42  00 43 00 FF FF A5 FA A5  |.?.@.A.B.C......|
80CC60:  FA 91 FA 91 FA 7D FA 7D  FA 91 FA 91 FA FF FF 08  |.....}.}........|
80CC70:  00 09 00 0A 00 B9 D0 CF  D1 B8 CD CC CE B7 CA C9  |................|
80CC80:  CB B6 C7 C6 C8 B5 C4 C3  C5 B4 C1 C0 C2 B3 BE BD  |................|
80CC90:  BF B2 BB BA BC 50 00 64  00 78 00 8C 00 00 00 80  |.....P.d.x......|
80CCA0:  00 00 00 00 08 7D 51 20  00 60 00 00 01 00 04 7D  |.....}Q .`.....}|
80CCB0:  53 00 00 01 00 02 00 03  00 04 00 05 00 00 06 01  |S...............|
80CCC0:  06 02 06 03 06 00 0C 01  0C 02 0C 03 0C 04 0C 05  |................|
80CCD0:  0C 06 0C 07 0C 08 0C 09  0C 0A 0C 0B 0C 00 12 01  |................|
80CCE0:  12 02 12 03 12 04 12 05  12 06 12 00 18 01 18 02  |................|
80CCF0:  18 03 18 04 18 05 18 06  18 00 1E 01 1E 02 1E 03  |................|
80CD00:  1E 04 1E 05 1E 06 1E 07  1E 08 1E 09 1E 0A 1E 00  |................|
80CD10:  24 01 24 02 24 03 24 04  24 05 24 06 24 07 24 08  |$.$.$.$.$.$.$.$.|
80CD20:  24 09 24 0A 24 00 2A 01  2A 02 2A 03 2A 19 6F D3  |$.$.$.*.*.*.*.o.|
80CD30:  25 D7 00 19 59 EC A6 EE  00 1C D5 F8 47 FB 00 18  |%...Y.......G...|
80CD40:  46 EE C8 F1 00 18 80 F8  A8 FA 0A 19 08 F4 34 F7  |F.............4.|
80CD50:  00 1E 38 F7 C1 F9 0A 1A  C9 EE CE F2 00 28 02 78  |..8..........(.x|
80CD60:  02 A8 02 E8 02 0E 00 11  00 0F 00 24 00 44 AE 00  |...........$.D..|
80CD70:  00 68 AE 94 AE 00 00 00  00 00 00 00 00 00 00 00  |.h..............|
80CD80:  00 00 00 00 00 00 00 00  00 00 00 00 01 01 01 00  |................|
80CD90:  01 01 00 00 00 00 00 00  01 01 01 01 00 00 01 01  |................|
80CDA0:  01 01 00 1D 00 00 00 00  00 00 00 1D 00 00 00 00  |................|
80CDB0:  00 00 00 FD 5A 3D 5B 7D  5B 7D 59 FD 59 7D 5A 00  |....Z=[}[}Y.Y}Z.|
80CDC0:  00 00 00 00 20 00 00 19  60 70 90 E8 00 00 00 70  |.... ...`p.....p|
80CDD0:  90 40 C8 08 01 00 00 70  90 40 C8 08 01 00 00 00  |.@.....p.@......|
80CDE0:  FF 7F 81 08 01 00 00 C2  30 AE B9 09 BD 83 0A 8D  |........0.......|
80CDF0:  4E 09 BD 93 0A 8D 50 09  BD 4B 0A 85 80 BD 23 0A  |N.....P..K....#.|
80CE00:  85 83 BD 3B 0A 85 7A BD  43 0A 29 FF 00 8D 5E 09  |...;..z.C.)...^.|
80CE10:  BD 43 0A 29 00 FF EB 8D  60 09 BD F3 09 EB 0A 0A  |.C.)....`.......|
80CE20:  18 7D D3 09 85 E8 BD BF  CD 8D 72 09 E2 20 BD 0B  |.}........r.. ..|
80CE30:  0A 85 7F 85 82 85 85 85  B4 85 7C A9 7E 85 88 85  |..........|.~...|
80CE40:  8B C2 20 BD C3 0A 85 BA  BD B3 CD 85 86 BD B9 CD  |.. .............|
80CE50:  85 89 60 20 8F CE 20 5D  CE 20 84 D0 6B A2 00 00  |..` .. ]. ..k...|
80CE60:  8E B9 09 20 A5 D4 AD 8B  14 38 E9 80 00 10 03 A9  |... .....8......|
80CE70:  00 00 9D 83 0A AD 8D 14  38 E9 A0 00 10 03 A9 00  |........8.......|
80CE80:  00 9D 93 0A AE B9 09 E8  E8 E0 08 00 90 D2 60 C2  |..............`.|
80CE90:  30 9C EB 09 9C ED 09 9C  EF 09 9C F1 09 9C 23 0A  |0.............#.|
80CEA0:  9C 25 0A 9C 27 0A 9C 29  0A A9 FF FF 8D 03 0A 8D  |.%..'..)........|
80CEB0:  05 0A 8D 07 0A 8D 09 0A  20 00 D6 22 14 D6 00 9C  |........ .."....|
80CEC0:  BB 09 9C BD 09 A0 00 00  B9 8E AD 29 FF 00 CD BF  |...........)....|
80CED0:  09 F0 08 98 18 69 12 00  A8 80 ED E2 20 B9 8F AD  |.....i...... ...|
80CEE0:  09 08 8D 05 21 85 5F B9  90 AD 8D BB 09 B9 91 AD  |....!._.........|
80CEF0:  8D BD 09 B9 92 AD 8D 1A  21 B9 93 AD 8D 2C 21 85  |........!....,!.|
80CF00:  60 A9 00 8D 2D 21 A9 00  8D 30 21 A9 00 8D 31 21  |`...-!...0!...1!|
80CF10:  C2 20 B9 94 AD 29 FF 00  8D CB 09 B9 95 AD 29 FF  |. ...)........).|
80CF20:  00 8D CD 09 B9 96 AD 29  FF 00 8D CF 09 B9 97 AD  |.......)........|
80CF30:  29 FF 00 8D D1 09 A2 00  00 C2 30 8E B9 09 B9 98  |).........0.....|
80CF40:  AD C9 FF FF F0 05 85 B8  20 58 CF C8 C8 AE B9 09  |........ X......|
80CF50:  E8 E8 E0 08 00 90 E2 60  5A A0 00 00 B1 B8 C8 29  |.......`Z......)|
80CF60:  FF 00 9D E3 09 C9 00 00  F0 08 C9 01 00 F0 06 4C  |...............L|
80CF70:  46 D0 4C 78 CF 4C 25 D0  B1 B8 29 FF 00 C9 10 00  |F.Lx.L%...).....|
80CF80:  F0 07 90 0A A9 40 00 80  08 A9 20 00 80 03 A9 10  |.....@.... .....|
80CF90:  00 9D EB 09 C8 B1 B8 29  FF 00 9D F3 09 C8 B1 B8  |.......)........|
80CFA0:  9D FB 09 C8 C8 B1 B8 9D  03 0A C8 C8 B1 B8 9D 0B  |................|
80CFB0:  0A C8 C8 B1 B8 9D 13 0A  C8 C8 B1 B8 9D 1B 0A C8  |................|
80CFC0:  C8 B1 B8 85 AC C8 C8 B1  B8 9D 23 0A C8 C8 B1 B8  |..........#.....|
80CFD0:  9D 3B 0A 85 AF E2 20 BD  0B 0A 85 AE 85 B1 C2 20  |.;.... ........ |
80CFE0:  A7 AC 9D 43 0A BD 43 0A  29 FF 00 3A 29 FF 00 EB  |...C..C.)..:)...|
80CFF0:  9D 2B 0A BD 43 0A 29 00  FF 3A 29 00 FF 9D 33 0A  |.+..C.)..:)...3.|
80D000:  A0 00 00 B7 AF 9D 4B 0A  A0 06 00 B7 AF 9D 53 0A  |......K.......S.|
80D010:  A0 08 00 B7 AF 9D 5B 0A  A0 0A 00 B7 AF 9D 63 0A  |......[.......c.|
80D020:  9E 73 0A 7A 60 B1 B8 9D  03 0A E2 20 A5 65 09 80  |.s.z`...... .e..|
80D030:  85 65 8D 00 42 C2 20 E2  20 A5 5E 29 7F 85 5E 8D  |.e..B. . .^)..^.|
80D040:  00 21 C2 20 7A 60 B1 B8  29 FF 00 C9 10 00 F0 07  |.!. z`..).......|
80D050:  90 0A A9 40 00 80 08 A9  20 00 80 03 A9 10 00 9D  |...@.... .......|
80D060:  EB 09 C8 B1 B8 29 FF 00  9D F3 09 C8 B1 B8 9D 1B  |.....)..........|
80D070:  0A 9E FB 09 8A 18 69 F0  FF 9D 13 0A A9 FF FF 9D  |......i.........|
80D080:  03 0A 7A 60 C2 30 E2 20  A5 65 29 7F 85 65 8D 00  |..z`.0. .e)..e..|
80D090:  42 C2 20 E2 20 A5 5E 09  80 85 5E 8D 00 21 C2 20  |B. . .^...^..!. |
80D0A0:  20 2C D1 20 43 DC 20 26  D3 20 7B D3 AD BF 09 0A  | ,. C. &. {.....|
80D0B0:  0A 0A AA BD C7 CD 29 FF  00 8D 68 09 BD C8 CD 29  |......)...h....)|
80D0C0:  FF 00 8D 6A 09 BD C9 CD  29 FF 00 8D 6C 09 BD CA  |...j....)...l...|
80D0D0:  CD 29 FF 00 8D 6E 09 BD  CB CD 8D 70 09 A2 00 00  |.)...n.....p....|
80D0E0:  8E B9 09 20 E7 CD BD EB  09 F0 10 BD E3 09 C9 01  |... ............|
80D0F0:  00 F0 08 C9 02 00 F0 03  20 D9 D5 AE B9 09 E8 E8  |........ .......|
80D100:  E0 08 00 90 DB 22 5E D6  00 22 36 D6 00 E2 20 A5  |....."^.."6... .|
80D110:  65 09 80 85 65 8D 00 42  C2 20 22 44 E3 00 E2 20  |e...e..B. "D... |
80D120:  A5 5E 29 7F 85 5E 8D 00  21 C2 20 60 C2 30 64 98  |.^)..^..!. `.0d.|
80D130:  A5 5F 29 07 00 C9 07 00  D0 05 A9 40 00 85 98 64  |._)........@...d|
80D140:  9A 64 9C 64 9E 64 A0 A2  00 00 8E B9 09 BD CB 09  |.d.d.d..........|
80D150:  F0 21 3A 05 98 95 9A 29  FC 00 EB 9D C3 0A BD CB  |.!:....)........|
80D160:  09 0A 0A 65 98 85 98 8A  4A A8 E2 20 B5 9A 99 07  |...e....J.. ....|
80D170:  21 C2 20 E8 E8 E0 08 00  90 D0 A5 98 EB 85 BA A9  |!. .............|
80D180:  FF FF 85 9A 85 9C 85 9E  85 A0 A5 BA 29 FF 0F 4A  |............)..J|
80D190:  4A 4A 4A 85 E8 A2 00 00  8E B9 09 BD EB 09 F0 07  |JJJ.............|
80D1A0:  B5 9A 30 08 4C D5 D2 74  9A 4C D5 D2 9B 88 88 30  |..0.L..t.L.....0|
80D1B0:  1E B9 13 0A DD 13 0A D0  F4 B9 0B 0A DD 0B 0A D0  |................|
80D1C0:  EC B9 9A 00 95 9A B9 D3  09 9D D3 09 4C D5 D2 BD  |............L...|
80D1D0:  EB 09 C9 20 00 F0 1B C9  40 00 F0 24 A5 E8 0A 85  |... ....@..$....|
80D1E0:  98 BD 1B 0A 1A 29 FE FF  9D 1B 0A 18 65 98 85 98  |.....)......e...|
80D1F0:  80 1B A5 E8 85 98 BD 1B  0A 18 65 98 85 98 80 0D  |..........e.....|
80D200:  A5 E8 4A 85 98 BD 1B 0A  18 65 98 85 98 A5 98 C9  |..J......e......|
80D210:  00 04 90 03 4C D5 D2 A5  E8 0A 0A 0A 0A 85 98 A5  |....L...........|
80D220:  BA 9D DB 09 38 E5 98 29  00 F0 EB 4A 4A 4A 4A 95  |....8..)...JJJJ.|
80D230:  9A BD E3 09 C9 02 00 D0  30 64 A2 E2 10 9C 04 43  |........0d.....C|
80D240:  A2 18 8E 01 43 A2 09 8E  00 43 A2 80 8E 15 21 A9  |....C....C....!.|
80D250:  A2 00 8D 02 43 A5 BA 8D  16 21 A9 40 00 8D 05 43  |....C....!.@...C|
80D260:  A2 01 8E 0B 42 C2 10 80  16 BD 13 0A 85 98 BD 0C  |....B...........|
80D270:  0A 29 FF 00 A4 BA A6 98  E2 20 20 A5 DE C2 30 AE  |.).......  ...0.|
80D280:  B9 09 BD EB 09 C9 20 00  F0 16 C9 40 00 F0 20 A5  |...... ....@.. .|
80D290:  E8 0A 9D D3 09 BD 1B 0A  4A 18 65 E8 85 E8 80 1F  |........J.e.....|
80D2A0:  A5 E8 9D D3 09 BD 1B 0A  18 65 E8 85 E8 80 10 A5  |.........e......|
80D2B0:  E8 4A 9D D3 09 BD 1B 0A  0A 65 E8 85 E8 80 00 BD  |.J.......e......|
80D2C0:  EB 09 4A 85 DA BD 1B 0A  85 DC 22 35 A9 1F A5 D6  |..J......."5....|
80D2D0:  18 65 BA 85 BA AE B9 09  E8 E8 E0 08 00 B0 03 4C  |.e.............L|
80D2E0:  98 D1 A5 9A 05 9C 05 9E  05 A0 10 1F A5 E8 0A 0A  |................|
80D2F0:  0A 0A 85 98 A5 BA 29 FF  0F C5 98 D0 0B A5 BA 18  |......).........|
80D300:  69 00 10 29 00 F0 85 BA  4C 8A D1 E2 20 A5 9C 0A  |i..)....L... ...|
80D310:  0A 0A 0A 05 9A 8D 0B 21  A5 A0 0A 0A 0A 0A 05 9E  |.......!........|
80D320:  8D 0C 21 C2 20 60 A2 00  00 8E B9 09 BD CB 09 F0  |..!. `..........|
80D330:  13 0A 0A 0A EB 85 A6 BD  C3 0A 85 BA BD D3 09 85  |................|
80D340:  A2 20 4F D3 AE B9 09 E8  E8 E0 08 00 90 DB 60 E2  |. O...........`.|
80D350:  10 9C 04 43 A2 18 8E 01  43 A2 09 8E 00 43 A2 80  |...C....C....C..|
80D360:  8E 15 21 A9 A2 00 8D 02  43 A5 BA 8D 16 21 A5 A6  |..!.....C....!..|
80D370:  8D 05 43 A2 01 8E 0B 42  C2 10 60 C2 30 A2 06 00  |..C....B..`.0...|
80D380:  8E B9 09 BD 03 0A 22 9A  E4 00 AE B9 09 CA CA 10  |......".........|
80D390:  EF 60 C2 30 AE BB 09 8E  B9 09 20 C7 D3 AE B9 09  |.`.0...... .....|
80D3A0:  BD 73 0A F0 21 AD 53 09  8D 5A 09 AD 57 09 8D 5C  |.s..!.S..Z..W..\|
80D3B0:  09 A2 06 00 8E B9 09 EC  BB 09 F0 03 20 19 D4 AE  |............ ...|
80D3C0:  B9 09 CA CA 10 EE 6B BD  EB 09 F0 46 BD FB 09 F0  |......k....F....|
80D3D0:  41 20 77 D4 20 A5 D4 AD  8B 14 38 FD 83 0A 85 CC  |A w. .....8.....|
80D3E0:  AD 8D 14 38 FD 93 0A 85  CE BD 73 0A D0 28 A5 CC  |...8......s..(..|
80D3F0:  CD 68 09 90 21 CD 6A 09  B0 1C 9C 52 09 9C 54 09  |.h..!.j....R..T.|
80D400:  A5 CE CD 6C 09 90 0F CD  6E 09 B0 0A 9C 56 09 9C  |...l....n....V..|
80D410:  58 09 9E 73 0A 60 4C E8  D4 BD EB 09 F0 58 BD FB  |X..s.`L......X..|
80D420:  09 F0 53 85 DA 9C 52 09  9C 54 09 9C 56 09 9C 58  |..S...R..T..V..X|
80D430:  09 AD 5B 09 85 DC 22 10  A9 1F A5 D6 8D 53 09 AD  |..[..."......S..|
80D440:  5D 09 85 DC 22 10 A9 1F  A5 D6 8D 57 09 A5 CC F0  |]..."......W....|
80D450:  10 30 08 20 95 D5 20 A8  D6 80 06 20 A8 D5 20 EF  |.0. .. .... .. .|
80D460:  D6 AE B9 09 A5 CE F0 0E  30 06 20 B7 D5 4C 33 D7  |........0. ..L3.|
80D470:  20 CA D5 4C 7A D7 60 9C  52 09 9C 54 09 9C 56 09  | ..Lz.`.R..T..V.|
80D480:  9C 58 09 BD FB 09 85 DA  AD 5B 09 85 DC 22 10 A9  |.X.......[..."..|
80D490:  1F A5 D6 8D 53 09 AD 5D  09 85 DC 22 10 A9 1F A5  |....S..]..."....|
80D4A0:  D6 8D 57 09 60 BD FB 09  85 DA A5 E2 85 DC 22 35  |..W.`........."5|
80D4B0:  A9 1F A5 D6 29 00 FF EB  8D 8B 14 A5 D8 29 FF 00  |....)........)..|
80D4C0:  EB 0D 8B 14 8D 8B 14 A5  E6 85 DC 22 35 A9 1F AE  |..........."5...|
80D4D0:  B9 09 A5 D6 29 00 FF EB  8D 8D 14 A5 D8 29 FF 00  |....)........)..|
80D4E0:  EB 0D 8D 14 8D 8D 14 60  A9 02 00 9D 73 0A 20 43  |.......`....s. C|
80D4F0:  D5 2C C9 09 30 0E A5 CE  30 2D CD 6E 09 B0 0C CD  |.,..0...0-.n....|
80D500:  6C 09 90 23 DE 73 0A 9C  58 09 60 A5 CE 38 ED 6E  |l..#.s..X.`..8.n|
80D510:  09 C9 06 00 90 03 A9 06  00 8D 58 09 A9 01 00 85  |..........X.....|
80D520:  CE 20 B7 D5 4C 33 D7 AD  6C 09 38 E5 CE C9 06 00  |. ..L3..l.8.....|
80D530:  90 03 A9 06 00 8D 58 09  A9 FF FF 85 CE 20 CA D5  |......X...... ..|
80D540:  4C 7A D7 2C C7 09 30 0E  A5 CC 30 2D CD 6A 09 B0  |Lz.,..0...0-.j..|
80D550:  0C CD 68 09 90 23 DE 73  0A 9C 54 09 60 A5 CC 38  |..h..#.s..T.`..8|
80D560:  ED 6A 09 C9 06 00 90 03  A9 06 00 8D 54 09 A9 00  |.j..........T...|
80D570:  01 85 CC 20 95 D5 4C A8  D6 AD 68 09 38 E5 CC C9  |... ..L...h.8...|
80D580:  06 00 90 03 A9 06 00 8D  54 09 A9 00 FF 85 CC 20  |........T...... |
80D590:  A8 D5 4C EF D6 BD 2B 0A  38 FD 83 0A CD 54 09 B0  |..L...+.8....T..|
80D5A0:  06 8D 54 09 9C 52 09 60  BD 83 0A CD 54 09 B0 06  |..T..R.`....T...|
80D5B0:  8D 54 09 9C 52 09 60 BD  33 0A 38 FD 93 0A CD 58  |.T..R.`.3.8....X|
80D5C0:  09 B0 06 8D 58 09 9C 56  09 60 BD 93 0A CD 58 09  |....X..V.`....X.|
80D5D0:  B0 06 8D 58 09 9C 56 09  60 C2 30 AE B9 09 BD 83  |...X..V.`.0.....|
80D5E0:  0A 38 ED 70 09 9D 83 0A  9C 52 09 A9 08 00 8D 54  |.8.p.....R.....T|
80D5F0:  09 A9 21 00 48 20 A8 D6  20 84 D6 68 3A D0 F5 60  |..!.H .. ..h:..`|
80D600:  C2 30 A9 00 00 8F 46 51  7E 8F 44 51 7E 8D 5A 09  |.0....FQ~.DQ~.Z.|
80D610:  8D 5C 09 60 A2 06 00 8E  B9 09 20 22 D6 CA CA 10  |.\.`...... "....|
80D620:  F6 6B C2 30 DA AE B9 09  9E 9B 0A 9E A3 0A 9E 83  |.k.0............|
80D630:  0A 9E 93 0A FA 60 A2 06  00 20 41 D6 CA CA 10 F9  |.....`... A.....|
80D640:  6B E2 20 BD 9B 0A 9D 0D  21 BD 9C 0A 9D 0D 21 BD  |k. .....!.....!.|
80D650:  A3 0A 9D 0E 21 BD A4 0A  9D 0E 21 C2 20 60 A2 06  |....!.....!. `..|
80D660:  00 BD 83 0A 9D 9B 0A BD  93 0A 9D A3 0A CA CA 10  |................|
80D670:  F0 6B A2 00 00 86 69 20  84 D6 A6 69 E8 E8 E0 08  |.k....i ...i....|
80D680:  00 90 F2 6B BD EB 09 F0  1E 20 41 D6 BD E3 09 D0  |...k..... A.....|
80D690:  16 BD AB 0A 10 06 20 67  D9 9E AB 0A BD B3 0A 10  |...... g........|
80D6A0:  06 20 9A D9 9E B3 0A 60  C2 30 AE B9 09 BD 83 0A  |. .....`.0......|
80D6B0:  85 9A BD 7B 0A 18 6D 52  09 9D 7B 0A BD 83 0A 6D  |...{..mR..{....m|
80D6C0:  54 09 9D 83 0A 45 9A 29  08 00 F0 22 BD AB 0A 10  |T....E.)..."....|
80D6D0:  09 A5 9A 09 07 00 9D 83  0A 60 A9 00 01 8D 4A 09  |.........`....J.|
80D6E0:  20 BE D7 AE B9 09 A5 BA  09 00 80 9D AB 0A 60 C2  | .............`.|
80D6F0:  30 AE B9 09 BD 83 0A 85  9A BD 7B 0A 38 ED 52 09  |0.........{.8.R.|
80D700:  9D 7B 0A BD 83 0A ED 54  09 9D 83 0A 45 9A 29 08  |.{.....T....E.).|
80D710:  00 F0 1F BD AB 0A 10 09  A5 9A 29 F8 FF 9D 83 0A  |..........).....|
80D720:  60 9C 4A 09 20 BE D7 AE  B9 09 A5 BA 09 00 80 9D  |`.J. ...........|
80D730:  AB 0A 60 C2 30 AE B9 09  BD 93 0A 85 9A BD 8B 0A  |..`.0...........|
80D740:  18 6D 56 09 9D 8B 0A BD  93 0A 6D 58 09 9D 93 0A  |.mV.......mX....|
80D750:  45 9A 29 08 00 F0 22 BD  B3 0A 10 09 A5 9A 09 07  |E.)...".........|
80D760:  00 9D 93 0A 60 A9 F0 00  8D 4C 09 20 A4 D8 AE B9  |....`....L. ....|
80D770:  09 A5 BA 09 00 80 9D B3  0A 60 C2 30 AE B9 09 BD  |.........`.0....|
80D780:  93 0A 85 9A BD 8B 0A 38  ED 56 09 9D 8B 0A BD 93  |.......8.V......|
80D790:  0A ED 58 09 9D 93 0A 45  9A 29 08 00 F0 1F BD B3  |..X....E.)......|
80D7A0:  0A 10 09 A5 9A 29 F8 FF  9D 93 0A 60 9C 4C 09 20  |.....).....`.L. |
80D7B0:  A4 D8 AE B9 09 A5 BA 09  00 80 9D B3 0A 60 20 E7  |.............` .|
80D7C0:  CD AD 4E 09 18 6D 4A 09  85 BC 29 00 01 F0 07 A5  |..N..mJ...).....|
80D7D0:  BA 09 00 04 85 BA A5 BC  29 FF 00 4A 4A 4A AA 18  |........)..JJJ..|
80D7E0:  65 BA 85 BA 8A 4A 0A 8D  87 14 AD 51 09 29 FF 00  |e....J.....Q.)..|
80D7F0:  8D 66 09 A5 BD 29 FF 00  8D 64 09 A5 86 85 A2 AD  |.f...)...d......|
80D800:  50 09 29 F0 00 AA 4A 4A  65 86 85 86 8A 0A 8D 89  |P.)...JJe.......|
80D810:  14 A7 80 18 65 E8 8D CD  13 AD 4E 09 29 08 00 4A  |....e.....N.)..J|
80D820:  4A 85 A6 A2 10 00 AD 66  09 AC 64 09 20 06 DA AD  |J......f..d. ...|
80D830:  89 14 0D 87 14 18 65 7D  85 B5 A7 B5 29 FF 03 F0  |......e}....)...|
80D840:  52 0A 0A 0A 65 80 85 B2  A7 B5 29 00 80 4A 4A 0D  |R...e.....)..JJ.|
80D850:  72 09 85 F2 A4 A6 B7 B2  65 E8 05 F2 87 86 C8 C8  |r.......e.......|
80D860:  C8 C8 E6 86 E6 86 B7 B2  65 E8 05 F2 87 86 E6 86  |........e.......|
80D870:  E6 86 AD 89 14 18 69 20  00 89 00 02 F0 0E 9C 89  |......i ........|
80D880:  14 EE 66 09 A5 A2 85 86  CA D0 9B 60 8D 89 14 CA  |..f........`....|
80D890:  D0 9D 60 AD CD 13 87 86  E6 86 E6 86 87 86 E6 86  |..`.............|
80D8A0:  E6 86 80 CE 20 E7 CD AD  50 09 18 6D 4C 09 85 BC  |.... ...P..mL...|
80D8B0:  29 F8 00 0A 0A 65 BA 85  BA A5 BC 29 F0 00 0A 8D  |)....e.....)....|
80D8C0:  89 14 A5 BD 29 FF 00 8D  66 09 AD 4F 09 29 FF 00  |....)...f..O.)..|
80D8D0:  8D 64 09 29 01 00 F0 07  A5 BA 09 00 04 85 BA A7  |.d.)............|
80D8E0:  80 18 65 E8 8D CD 13 AD  50 09 29 08 00 4A 85 A6  |..e.....P.)..J..|
80D8F0:  A9 02 00 85 BE A2 10 00  9C 87 14 AD 66 09 AC 64  |............f..d|
80D900:  09 20 06 DA AD 89 14 0D  87 14 18 65 7D 85 B5 A7  |. .........e}...|
80D910:  B5 29 FF 03 F0 40 0A 0A  0A 65 80 85 B2 A7 B5 29  |.)...@...e.....)|
80D920:  00 80 4A 4A 0D 72 09 85  F2 A4 A6 B7 B2 65 E8 05  |..JJ.r.......e..|
80D930:  F2 87 89 C8 C8 E6 89 E6  89 B7 B2 65 E8 05 F2 87  |...........e....|
80D940:  89 E6 89 E6 89 EE 87 14  EE 87 14 CA D0 B6 EE 64  |...............d|
80D950:  09 C6 BE D0 A0 60 AD CD  13 87 89 E6 89 E6 89 87  |.....`..........|
80D960:  89 E6 89 E6 89 80 DE BD  B3 CD 8D 02 43 BD AB 0A  |............C...|
80D970:  29 FF 7F 8D 16 21 A9 40  00 8D 05 43 E2 20 A9 7E  |)....!.@...C. .~|
80D980:  8D 04 43 A9 18 8D 01 43  A9 01 8D 00 43 A9 81 8D  |..C....C....C...|
80D990:  15 21 A9 01 8D 0B 42 C2  20 60 BD B9 CD 8D 02 43  |.!....B. `.....C|
80D9A0:  BD B3 0A 29 FF 7F 8D 16  21 A9 40 00 8D 05 43 E2  |...)....!.@...C.|
80D9B0:  20 A9 7E 8D 04 43 A9 18  8D 01 43 A9 01 8D 00 43  | .~..C....C....C|
80D9C0:  A9 80 8D 15 21 A9 01 8D  0B 42 C2 20 BD B9 CD 18  |....!....B. ....|
80D9D0:  69 40 00 8D 02 43 BD B3  0A 29 FF 7F 49 00 04 8D  |i@...C...)..I...|
80D9E0:  16 21 A9 40 00 8D 05 43  E2 20 A9 7E 8D 04 43 A9  |.!.@...C. .~..C.|
80D9F0:  18 8D 01 43 A9 01 8D 00  43 A9 80 8D 15 21 A9 01  |...C....C....!..|
80DA00:  8D 0B 42 C2 20 60 E2 20  8D 02 42 AD 5E 09 8D 03  |..B. `. ..B.^...|
80DA10:  42 A5 85 85 7F 85 B7 C2  20 98 18 65 83 6D 16 42  |B....... ..e.m.B|
80DA20:  85 7D A7 7D 29 FF 00 C9  FF 00 D0 10 A9 43 DA 85  |.}.})........C..|
80DA30:  7D E2 20 A9 00 85 7F 85  B7 C2 20 60 EB 0A 65 7A  |}. ....... `..ez|
80DA40:  85 7D 60 00 00 00 00 00  00 00 00 00 00 00 00 00  |.}`.............|
80DA50:  00 00 00 00 00 00 00 00  00 00 00 00 00 00 00 00  |................|
80DA60:  00 00 00 00 00 00 00 00  00 00 00 00 00 00 00 00  |................|
80DA70:  00 00 00 00 00 00 00 00  00 00 00 00 00 00 00 00  |................|
80DA80:  00 00 00 00 00 00 00 00  00 00 00 00 00 00 00 00  |................|
80DA90:  00 00 00 00 00 00 00 00  00 00 00 00 00 00 00 00  |................|
80DAA0:  00 00 00 00 00 00 00 00  00 00 00 00 00 00 00 00  |................|
80DAB0:  00 00 00 00 00 00 00 00  00 00 00 00 00 00 00 00  |................|
80DAC0:  00 00 00 00 00 00 00 00  00 00 00 00 00 00 00 00  |................|
80DAD0:  00 00 00 00 00 00 00 00  00 00 00 00 00 00 00 00  |................|
80DAE0:  00 00 00 00 00 00 00 00  00 00 00 00 00 00 00 00  |................|
80DAF0:  00 00 00 00 00 00 00 00  00 00 00 00 00 00 00 00  |................|
80DB00:  00 00 00 00 00 00 00 00  00 00 00 00 00 00 00 00  |................|
80DB10:  00 00 00 00 00 00 00 00  00 00 00 00 00 00 00 00  |................|
80DB20:  00 00 00 00 00 00 00 00  00 00 00 00 00 00 00 00  |................|
80DB30:  00 00 00 00 00 00 00 00  00 00 00 00 00 00 00 00  |................|
80DB40:  00 00 00 00 00 00 00 00  00 00 00 00 00 00 00 00  |................|
80DB50:  00 00 00 00 00 00 00 00  00 00 00 00 00 00 00 00  |................|
80DB60:  00 00 00 00 00 00 00 00  00 00 00 00 00 00 00 00  |................|
80DB70:  00 00 00 00 00 00 00 00  00 00 00 00 00 00 00 00  |................|
80DB80:  00 00 00 00 00 00 00 00  00 00 00 00 00 00 00 00  |................|
80DB90:  00 00 00 00 00 00 00 00  00 00 00 00 00 00 00 00  |................|
80DBA0:  00 00 00 00 00 00 00 00  00 00 00 00 00 00 00 00  |................|
80DBB0:  00 00 00 00 00 00 00 00  00 00 00 00 00 00 00 00  |................|
80DBC0:  00 00 00 00 00 00 00 00  00 00 00 00 00 00 00 00  |................|
80DBD0:  00 00 00 00 00 00 00 00  00 00 00 00 00 00 00 00  |................|
80DBE0:  00 00 00 00 00 00 00 00  00 00 00 00 00 00 00 00  |................|
80DBF0:  00 00 00 00 00 00 00 00  00 00 00 00 00 00 00 00  |................|
80DC00:  00 00 00 00 00 00 00 00  00 00 00 00 00 00 00 00  |................|
80DC10:  00 00 00 00 00 00 00 00  00 00 00 00 00 00 00 00  |................|
80DC20:  00 00 00 00 00 00 00 00  00 00 00 00 00 00 00 00  |................|
80DC30:  00 00 00 00 00 00 00 00  00 00 00 00 00 00 00 00  |................|
80DC40:  00 00 00 C2 30 A9 00 10  85 B2 E2 20 A9 7F 85 B4  |....0...... ....|
80DC50:  C2 20 20 75 DC 20 17 DD  20 D2 DC 20 53 DD A2 00  |.  u. .. .. S...|
80DC60:  00 BD 0B 0A 29 00 FF 09  7F 00 9D 0B 0A E8 E8 E0  |....)...........|
80DC70:  08 00 90 ED 60 A2 00 00  8E B9 09 BD EB 09 F0 2C  |....`..........,|
80DC80:  BD E3 09 C9 00 00 D0 24  BD 53 0A 20 B7 DC 9D 53  |.......$.S. ...S|
80DC90:  0A BD 5B 0A 20 B7 DC 9D  5B 0A BD 63 0A 20 B7 DC  |..[. ...[..c. ..|
80DCA0:  9D 63 0A BD 6B 0A 20 B7  DC 9D 6B 0A AE B9 09 E8  |.c..k. ...k.....|
80DCB0:  E8 E0 08 00 90 C2 60 C9  00 00 F0 15 85 AC A5 B2  |......`.........|
80DCC0:  48 E2 20 BD 0B 0A 85 AE  C2 20 20 87 DD AE B9 09  |H. ......  .....|
80DCD0:  68 60 A2 00 00 8E B9 09  BD EB 09 F0 2F BD E3 09  |h`........../...|
80DCE0:  C9 00 00 D0 27 BD 3B 0A  85 7A E2 20 BD 0B 0A 85  |....'.;..z. ....|
80DCF0:  7C 85 AE C2 20 A5 B2 9D  3B 0A A0 14 00 B7 7A 85  ||... ...;.....z.|
80DD00:  AC 10 09 20 87 DD E6 7A  E6 7A 80 EE AE B9 09 E8  |... ...z.z......|
80DD10:  E8 E0 08 00 90 BF 60 A2  00 00 8E B9 09 BD EB 09  |......`.........|
80DD20:  F0 26 BD E3 09 C9 00 00  D0 1E BD E3 09 C9 00 00  |.&..............|
80DD30:  D0 16 BD 23 0A 85 AC A5  B2 9D 23 0A E2 20 BD 0B  |...#......#.. ..|
80DD40:  0A 85 AE C2 20 20 87 DD  AE B9 09 E8 E8 E0 08 00  |....  ..........|
80DD50:  90 C8 60 A2 00 00 8E B9  09 BD EB 09 F0 1E BD E3  |..`.............|
80DD60:  09 C9 00 00 D0 16 BD 4B  0A 85 AC A5 B2 9D 4B 0A  |.......K......K.|
80DD70:  E2 20 BD 0B 0A 85 AE C2  20 20 87 DD AE B9 09 E8  |. ......  ......|
80DD80:  E8 E0 08 00 90 D0 60 C2  30 A0 00 00 B7 AC 85 98  |......`.0.......|
80DD90:  C8 C8 B7 AC 8D 5E 09 C8  C8 B7 AC 8D 60 09 C8 C8  |.....^......`...|
80DDA0:  B7 AC 29 FF 00 48 18 A5  AC 69 07 00 85 AC AD 5E  |..)..H...i.....^|
80DDB0:  09 85 DA A9 01 00 85 9C  68 F0 0A 0E 5E 09 4E 60  |........h...^.N`|
80DDC0:  09 06 DA 06 9C A5 DA 85  DC 64 A4 AD 60 09 85 A6  |.........d..`...|
80DDD0:  A5 B2 85 B5 18 65 98 48  E2 30 A5 AE 85 B1 A9 01  |.....e.H.0......|
80DDE0:  85 BE C6 BE D0 0B A9 04  85 BE A7 AC 85 9A 20 6E  |.............. n|
80DDF0:  DE A7 AC F0 73 20 6E DE  AA A5 9A 46 9A 46 9A 29  |....s n....F.F.)|
80DE00:  03 F0 2E C9 02 F0 19 B0  3B A0 00 B7 AC 20 75 DE  |........;.... u.|
80DE10:  C8 CA D0 F7 18 98 65 AC  85 AC 90 C6 E6 AD 80 C2  |......e.........|
80DE20:  A7 AC 85 9E 20 6E DE A5  9E 20 75 DE CA D0 F8 80  |.... n... u.....|
80DE30:  B1 A7 AC 85 9E 20 6E DE  A5 9E 20 75 DE E6 9E CA  |..... n... u....|
80DE40:  D0 F6 80 9E A0 00 38 A5  AC F7 AC 85 AF C8 A5 AD  |......8.........|
80DE50:  F7 AC 85 B0 20 6E DE 20  6E DE A0 00 B7 AF 20 75  |.... n. n..... u|
80DE60:  DE C8 CA D0 F7 4C E2 DD  C2 30 68 85 B2 60 E6 AC  |.....L...0h..`..|
80DE70:  D0 02 E6 AD 60 87 B2 C2  20 18 A5 B2 65 DA 85 B2  |....`... ...e...|
80DE80:  C6 A6 D0 1C AD 60 09 85  A6 18 A5 A4 65 9C 85 A4  |.....`......e...|
80DE90:  CD 5E 09 90 04 64 A4 E6  B5 18 A5 B5 65 A4 85 B2  |.^...d......e...|
80DEA0:  E2 20 60 00 FF 08 85 6F  85 72 86 6D 5A 8C 16 21  |. `....o.r.mZ..!|
80DEB0:  A9 18 8D 01 43 9C 15 21  C2 20 E2 10 A0 00 B7 6D  |....C..!. .....m|
80DEC0:  85 70 E2 30 A9 02 AA 80  1C CA D0 03 4C 7B DF C2  |.p.0........L{..|
80DED0:  10 7A 8C 16 21 E2 30 A0  00 A9 19 8D 01 43 A9 80  |.z..!.0......C..|
80DEE0:  8D 15 21 A9 01 18 65 6D  85 6D 90 02 E6 6E B7 6D  |..!...em.m...n.m|
80DEF0:  8D B6 09 F0 D4 10 10 29  1F 8D B8 09 E6 6D D0 02  |.......).....m..|
80DF00:  E6 6E B7 6D 4C 0C DF 9C  B8 09 29 1F 8D B7 09 AD  |.n.mL.....).....|
80DF10:  B6 09 29 60 F0 38 C9 20  F0 27 E2 20 C2 10 C9 40  |..)`.8. .'. ...@|
80DF20:  F0 06 A0 A4 DE 4C 2B DF  A0 A3 DE 8C 02 43 A9 08  |.....L+......C..|
80DF30:  8D 00 43 A9 00 8D 04 43  C2 20 E2 10 A0 00 4C 6B  |..C....C. ....Lk|
80DF40:  DF A9 08 8D 00 43 C2 30  A9 01 00 4C 56 DF 9C 00  |.....C.0...LV...|
80DF50:  43 C2 30 AD B7 09 18 65  70 A4 70 85 70 8C 02 43  |C.0....ep.p.p..C|
80DF60:  C2 20 E2 10 A4 72 8C 04  43 A0 00 AD B7 09 8D 05  |. ...r..C.......|
80DF70:  43 E2 30 A9 01 8D 0B 42  4C E3 DE 28 60 E2 20 A5  |C.0....BL..(`. .|
80DF80:  B4 85 B1 C2 30 A5 B2 85  A0 64 98 E6 B5 E6 B5 A7  |....0....d......|
80DF90:  B5 1A 29 FE FF 85 A2 18  65 B2 85 A4 E6 B5 E6 B5  |..).....e.......|
80DFA0:  A7 B5 E6 B5 29 FF 00 C9  02 00 D0 03 4C 4F E0 A7  |....).......LO..|
80DFB0:  B5 85 9A E6 B5 A2 08 00  46 9A 90 11 E2 20 A7 B5  |........F.... ..|
80DFC0:  87 B2 C2 20 E6 B5 E6 B2  CA D0 ED 80 E2 E2 20 A7  |... .......... .|
80DFD0:  B5 85 9C A0 01 00 B7 B5  10 03 4C 21 E0 4A 4A 4A  |..........L!.JJJ|
80DFE0:  4A 85 9D 05 9C D0 03 4C  4A E0 B7 B5 29 0F 18 69  |J......LJ...)..i|
80DFF0:  03 85 98 C2 20 38 A5 B2  E5 9C 85 AF E2 20 88 B7  |.... 8....... ..|
80E000:  AF 97 B2 C8 C4 98 D0 F7  4C 0B E0 C2 20 18 A5 B2  |........L... ...|
80E010:  65 98 85 B2 E6 B5 E6 B5  CA F0 03 4C B8 DF 4C AF  |e..........L..L.|
80E020:  DF 89 40 F0 13 29 3F 1A  85 98 A5 9C 88 97 B2 1A  |..@..)?.........|
80E030:  C8 C4 98 D0 F8 4C 0B E0  29 3F 1A 85 98 A5 9C 88  |.....L..)?......|
80E040:  97 B2 C8 C4 98 D0 F9 4C  0B E0 C2 30 A5 A2 6B A7  |.......L...0..k.|
80E050:  B5 85 9A E6 B5 A2 08 00  46 9A 90 1E E2 20 A7 B5  |........F.... ..|
80E060:  87 B2 C2 20 E6 B5 E6 B2  E6 B2 A5 B2 C5 A4 90 05  |... ............|
80E070:  A5 A0 1A 85 B2 CA D0 E0  80 D5 E2 20 A7 B5 85 9C  |........... ....|
80E080:  A0 01 00 B7 B5 10 03 4C  EC E0 4A 4A 4A 4A 85 9D  |.......L..JJJJ..|
80E090:  05 9C D0 03 4C 17 E1 B7  B5 29 0F 18 69 03 85 98  |....L....)..i...|
80E0A0:  C2 20 A5 98 0A 85 98 A5  9C 0A 85 9C 38 A5 B2 E5  |. ..........8...|
80E0B0:  9C 90 04 C5 A0 B0 04 18  65 A2 3A 85 AF E2 20 88  |........e.:... .|
80E0C0:  B7 AF 97 B2 C8 C8 C4 98  D0 F6 4C CD E0 C2 20 18  |..........L... .|
80E0D0:  A5 B2 65 98 C5 A4 B0 02  80 03 A5 A0 1A 85 B2 E6  |..e.............|
80E0E0:  B5 E6 B5 CA F0 03 4C 58  E0 4C 4F E0 89 40 F0 15  |......LX.LO..@..|
80E0F0:  29 3F 1A 0A 85 98 A5 9C  88 97 B2 1A C8 C8 C4 98  |)?..............|
80E100:  D0 F7 4C CD E0 29 3F 1A  85 98 A5 9C 88 97 B2 C8  |..L..)?.........|
80E110:  C4 98 D0 F9 4C CD E0 C2  30 A5 A2 6B A5 8C 85 8E  |....L...0..k....|
80E120:  E2 30 A2 01 8E 16 40 CA  8E 16 40 A2 0F AD 16 40  |.0....@...@....@|
80E130:  4A 26 8C 26 8D AD 17 40  CA 10 F2 C2 30 A5 8C 45  |J&.&...@....0..E|
80E140:  8E 25 8C 85 8E 60 A5 8C  29 00 10 F0 1F 64 8E A5  |.%...`..)....d..|
80E150:  8E 29 00 10 F0 F9 A5 8C  29 00 10 D0 F9 A9 02 00  |.)......).......|
80E160:  22 53 E3 00 22 5E D6 00  64 8C 64 8E 60 A2 00 00  |"S.."^..d.d.`...|
80E170:  A5 8C 29 80 00 F0 0C A4  90 C8 C0 7F 00 B0 0D 84  |..).............|
80E180:  90 80 09 A5 90 F0 05 09  00 80 85 90 A5 8C 29 00  |..............).|
80E190:  80 F0 0C A4 92 C8 C0 7F  00 B0 0D 84 92 80 09 A5  |................|
80E1A0:  92 F0 05 09 00 80 85 92  A5 8C 29 40 00 F0 0C A4  |..........)@....|
80E1B0:  94 C8 C0 7F 00 B0 0D 84  94 80 09 A5 94 F0 05 09  |................|
80E1C0:  00 80 85 94 A5 8C 29 00  40 F0 0B A4 96 C8 C0 7F  |......).@.......|
80E1D0:  00 B0 0C 84 96 60 A5 96  F0 05 09 00 80 85 96 60  |.....`.........`|
80E1E0:  A2 00 00 A5 90 10 02 64  90 A5 92 10 02 64 92 A5  |.......d.....d..|
80E1F0:  94 10 02 64 94 A5 96 10  02 64 96 60 08 78 E2 20  |...d.....d.`.x. |
80E200:  C2 10 A2 00 80 A9 1C 20  1A E2 A2 DC 80 A9 1C 20  |....... ....... |
80E210:  1A E2 A9 02 20 A5 E2 58  28 60 9B 64 76 64 77 85  |.... ..X(`.dvdw.|
80E220:  78 C2 30 A9 AA BB CD 40  21 D0 FB E2 20 A9 CC 80  |x.0....@!... ...|
80E230:  34 B7 76 C8 D0 05 E6 78  A0 00 80 EB A9 00 80 12  |4.v....x........|
80E240:  EB B7 76 C8 D0 05 E6 78  A0 00 80 EB CD 40 21 D0  |..v....x.....@!.|
80E250:  FB 1A C2 20 8D 40 21 E2  20 CA D0 E4 CD 40 21 D0  |... .@!. ....@!.|
80E260:  FB 69 03 F0 FC 48 C2 20  B7 76 C8 C8 AA B7 76 C8  |.i...H. .v....v.|
80E270:  C8 8D 42 21 E2 20 E0 01  00 A9 00 2A 8D 41 21 69  |..B!. .....*.A!i|
80E280:  7F 68 8D 40 21 CD 40 21  D0 FB 70 A5 9C 40 21 9C  |.h.@!.@!..p..@!.|
80E290:  41 21 9C 42 21 9C 43 21  64 79 A2 05 00 CA 10 FD  |A!.B!.C!dy......|
80E2A0:  E2 20 C2 10 60 08 DA E2  20 C2 10 EB A2 28 23 A5  |. ..`... ....(#.|
80E2B0:  79 CD 42 21 F0 06 CA D0  F8 AD 42 21 1A F0 FD 85  |y.B!......B!....|
80E2C0:  79 C2 30 8C 40 21 8D 42  21 FA 28 60 E2 20 C2 10  |y.0.@!.B!.(`. ..|
80E2D0:  AD BF 09 C9 03 F0 05 A9  04 20 A5 E2 C2 30 6B E2  |......... ...0k.|
80E2E0:  20 C2 10 A9 06 20 A5 E2  C2 30 6B C2 20 A9 FF FF  | .... ...0k. ...|
80E2F0:  85 50 6B C2 20 64 50 6B  E2 20 A5 67 85 66 C2 20  |.Pk. dPk. .g.f. |
80E300:  6B E2 20 64 66 C2 20 6B  AF 7B 51 7E D0 07 AD 20  |k. df. k.{Q~... |
80E310:  09 8F 7B 51 7E 29 01 00  F0 0D AF 7B 51 7E 4A 49  |..{Q~).....{Q~JI|
80E320:  50 50 8F 7B 51 7E 6B AF  7B 51 7E 4A 8F 7B 51 7E  |PP.{Q~k.{Q~J.{Q~|
80E330:  6B 22 08 E3 00 29 FF 00  6B 48 AD 20 09 CD 20 09  |k"...)..kH. .. .|
80E340:  F0 FB 68 60 20 48 E3 6B  48 AD 20 09 CD 20 09 F0  |..h` H.kH. .. ..|
80E350:  FB 68 60 08 85 98 29 FF  7F 85 A4 A9 0A 00 85 A6  |.h`...).........|
80E360:  20 48 E3 24 98 30 04 A5  8C D0 0B C6 A6 D0 F1 C6  | H.$.0..........|
80E370:  A4 D0 E8 28 18 6B 28 38  6B 20 88 E3 4C 7F E3 20  |...(.k(8k ..L.. |
80E380:  39 E3 20 91 E3 90 F8 60  20 39 E3 20 91 E3 B0 F8  |9. ....` 9. ....|
80E390:  60 DA 5A 08 20 1C E1 A5  8C F0 07 28 7A FA C2 30  |`.Z. ......(z..0|
80E3A0:  38 60 28 7A FA C2 30 18  60 A2 06 00 A9 00 00 9D  |8`(z..0.`.......|
80E3B0:  FF 1C CA CA 10 F6 60 20  48 E4 AD 2E 09 F0 06 20  |......` H...... |
80E3C0:  D1 E3 9C 2E 09 AD 30 09  F0 06 20 F5 E3 9C 30 09  |......0... ...0.|
80E3D0:  60 A9 E1 17 8D 02 43 A9  00 01 8D 05 43 E2 20 9C  |`.....C.....C. .|
80E3E0:  04 43 9C 00 43 A9 22 8D  01 43 9C 21 21 A9 01 8D  |.C..C."..C.!!...|
80E3F0:  0B 42 C2 20 60 A9 E1 18  8D 02 43 A9 00 01 8D 05  |.B. `.....C.....|
80E400:  43 E2 20 9C 04 43 9C 00  43 A9 22 8D 01 43 A9 80  |C. ..C..C."..C..|
80E410:  8D 21 21 A9 01 8D 0B 42  C2 20 60 A2 06 00 BD FF  |.!!....B. `.....|
80E420:  1C C9 00 00 F0 0E DE F7  1C BD F7 1C D0 06 A9 00  |................|
80E430:  00 9D FF 1C CA CA 10 E6  60 C2 30 8D E1 19 8E E3  |........`.0.....|
80E440:  19 A9 20 00 8D E5 19 60  AD E5 19 F0 4C CE E5 19  |.. ....`....L...|
80E450:  F0 15 AD E5 19 29 03 00  D0 3F AD E5 19 29 04 00  |.....)...?...)..|
80E460:  D0 05 AD E1 19 80 03 AD  E3 19 38 E9 7D FA AA 18  |..........8.}...|
80E470:  69 04 00 8D 02 43 BF 7D  FA 1F 0A 8D 05 43 E2 20  |i....C.}.....C. |
80E480:  9C 04 43 9C 00 43 A9 22  8D 01 43 BF 7F FA 1F 8D  |..C..C."..C.....|
80E490:  21 21 A9 01 8D 0B 42 C2  20 60 20 9E E4 6B C9 FF  |!!....B. ` ..k..|
80E4A0:  FF F0 20 38 E9 7D FA AA  BF 7D FA 1F 85 BE BF 7F  |.. 8.}...}......|
80E4B0:  FA 1F 0A A8 BF 81 FA 1F  99 E1 17 C8 C8 E8 E8 C6  |................|
80E4C0:  BE D0 F1 60 AD 2E 09 09  FF FF 8D 2E 09 6B AD 30  |...`.........k.0|
80E4D0:  09 09 FF FF 8D 30 09 6B  20 DC E4 6B A9 20 00 A2  |.....0.k ..k. ..|
80E4E0:  00 00 A0 FF 00 4C 21 E5  20 EC E4 6B A9 20 00 A2  |.....L!. ..k. ..|
80E4F0:  00 00 A0 FF 00 4C 5D E5  E2 30 86 98 A2 02 8E 30  |.....L]..0.....0|
80E500:  21 8C 31 21 A2 1F 8D 32  21 18 65 98 20 39 E3 CA  |!.1!...2!.e. 9..|
80E510:  10 F4 A5 98 10 08 A9 30  8D 30 21 9C 31 21 C2 30  |.......0.0!.1!.0|
80E520:  60 C2 30 29 FF 00 85 98  8A 29 FF 00 85 9A 98 29  |`.0).....).....)|
80E530:  FF 00 85 9C 22 EB E2 00  E2 20 A9 00 85 AE C2 20  |....".... ..... |
80E540:  A9 E1 17 85 AC A9 20 00  20 99 E5 C9 FF FF F0 0A  |...... . .......|
80E550:  A9 01 00 20 28 E6 C6 98  D0 F6 64 50 60 C2 30 29  |... (.....dP`.0)|
80E560:  FF 00 85 98 8A 29 FF 00  85 9A 98 29 FF 00 85 9C  |.....).....)....|
80E570:  22 EB E2 00 E2 20 A9 7E  85 AE C2 20 A9 7D 54 85  |".... .~... .}T.|
80E580:  AC A9 00 00 20 99 E5 C9  FF FF F0 0A A9 FF FF 20  |.... .......... |
80E590:  28 E6 C6 98 D0 F6 64 50  60 C2 30 85 A0 A9 7D 54  |(.....dP`.0...}T|
80E5A0:  A2 00 00 A0 00 02 20 48  E3 20 CD E6 A5 9A 0A A8  |...... H. ......|
80E5B0:  85 B2 18 65 9A AA 85 B5  A5 9C 38 E5 9A C9 01 00  |...e......8.....|
80E5C0:  90 62 85 A8 85 AA B7 AC  85 9E 29 1F 00 85 9A A5  |.b........).....|
80E5D0:  9E 4A 4A 4A 4A 4A 29 1F  00 85 9C A5 9E EB 4A 4A  |.JJJJJ).......JJ|
80E5E0:  29 1F 00 85 9E E2 20 A5  9A 38 E5 A0 9F 7D 51 7E  |)..... ..8...}Q~|
80E5F0:  A5 9C 38 E5 A0 9F 7E 51  7E A5 9E 38 E5 A0 9F 7F  |..8...~Q~..8....|
80E600:  51 7E C2 20 E8 E8 E8 C8  C8 C6 A8 10 B9 E2 20 A9  |Q~. .......... .|
80E610:  7E 8D 04 43 9C 00 43 A9  22 8D 01 43 C2 20 A9 00  |~..C..C."..C. ..|
80E620:  00 4C 27 E6 A9 FF FF 60  C2 30 85 A0 A5 AA 85 A8  |.L'....`.0......|
80E630:  A6 B5 A4 B2 E2 20 BF 7D  51 7E 10 02 A9 00 85 9A  |..... .}Q~......|
80E640:  BF 7D 51 7E 18 65 A0 9F  7D 51 7E BF 7E 51 7E 10  |.}Q~.e..}Q~.~Q~.|
80E650:  02 A9 00 85 9C BF 7E 51  7E 18 65 A0 9F 7E 51 7E  |......~Q~.e..~Q~|
80E660:  BF 7F 51 7E 10 02 A9 00  85 9E BF 7F 51 7E 18 65  |..Q~........Q~.e|
80E670:  A0 9F 7F 51 7E C2 20 A5  9C 29 1F 00 0A 0A 0A 0A  |...Q~. ..)......|
80E680:  0A 85 9C A5 9E 29 1F 00  EB 0A 0A 85 9E A5 9A 29  |.....).........)|
80E690:  1F 00 05 9C 05 9E DA BB  9F 7D 54 7E FA E8 E8 E8  |.........}T~....|
80E6A0:  C8 C8 C6 A8 10 8E 20 48  E3 A9 7D 54 8D 02 43 A9  |...... H..}T..C.|
80E6B0:  7E 00 8D 04 43 A9 00 02  8D 05 43 E2 20 9C 21 21  |~...C.....C. .!!|
80E6C0:  C2 20 A9 01 00 E2 20 8D  0B 42 C2 20 60 C2 30 8D  |. .... ..B. `.0.|
80E6D0:  02 43 8C 05 43 E2 30 8E  21 21 A9 7E 8D 04 43 A9  |.C..C.0.!!.~..C.|
80E6E0:  3B 8D 01 43 A9 80 8D 00  43 A9 80 A9 01 8D 0B 42  |;..C....C......B|
80E6F0:  C2 30 60 20 F7 E6 6B 20  08 E7 2C 42 09 30 01 60  |.0` ..k ..,B.0.`|
80E700:  20 FC E7 CE 42 09 80 03  20 FC E7 A9 03 00 8D 73  | ...B... ......s|
80E710:  0F 20 3A E9 CE 73 0F 20  3A E9 20 AB E8 CE 73 0F  |. :..s. :. ...s.|
80E720:  20 3A E9 9C 73 0F 20 3A  E9 4C FF F2 20 30 E7 6B  | :..s. :.L.. 0.k|
80E730:  20 41 E7 2C 42 09 30 01  60 20 FC E7 CE 42 09 80  | A.,B.0.` ...B..|
80E740:  03 20 FC E7 A9 03 00 8D  73 0F 20 3A E9 AD AD 0B  |. ......s. :....|
80E750:  18 69 18 00 8D 1B 14 9C  ED 13 64 98 A2 06 00 8E  |.i........d.....|
80E760:  55 14 BD 73 0F 29 03 00  F0 40 C9 03 00 B0 3B A4  |U..s.)...@....;.|
80E770:  98 BD 45 0F D9 1B 14 B0  07 88 88 10 F4 A0 FE FF  |..E.............|
80E780:  C4 98 F0 19 84 9A A4 98  B9 1B 14 99 1D 14 B9 ED  |................|
80E790:  13 99 EF 13 88 88 C4 9A  D0 EE BD 45 0F C8 C8 99  |...........E....|
80E7A0:  1B 14 8A 99 ED 13 E6 98  E6 98 AE 55 14 E8 E8 E0  |...........U....|
80E7B0:  2E 00 90 AB A6 98 DA BD  ED 13 D0 05 20 42 E8 80  |............ B..|
80E7C0:  04 AA 20 02 E9 FA CA CA  10 EC 9C 73 0F 20 3A E9  |.. ........s. :.|
80E7D0:  4C FF F2 20 D7 E7 6B 20  FC E7 A9 03 00 8D 73 0F  |L.. ..k ......s.|
80E7E0:  20 3A E9 CE 73 0F 20 3A  E9 CE 73 0F 20 3A E9 9C  | :..s. :..s. :..|
80E7F0:  73 0F 20 3A E9 4C FF F2  20 FC E7 6B C2 30 AD 44  |s. :.L.. ..k.0.D|
80E800:  09 85 EA 9C 42 09 AD 3E  09 D0 FB AD 46 09 8D C1  |....B..>....F...|
80E810:  17 AD 48 09 8D C3 17 9C  C5 17 9C C7 17 9C C9 17  |..H.............|
80E820:  9C CB 17 9C CD 17 9C CF  17 9C D1 17 9C D3 17 9C  |................|
80E830:  D5 17 9C D7 17 9C D9 17  9C DB 17 9C DD 17 9C DF  |................|
80E840:  17 60 AD 65 14 F0 0B CE  65 14 AD 65 14 29 01 00  |.`.e....e..e.)..|
80E850:  D0 3E A2 00 00 20 CA E9  B0 36 A5 CA 30 32 A9 20  |.>... ...6..02. |
80E860:  00 0D 67 14 85 F2 AC 6F  14 B9 DB 8F 85 F4 AC 61  |..g....o.......a|
80E870:  14 B9 9F E8 20 08 EC 85  CA AE 93 0C BD F0 98 F0  |.... ...........|
80E880:  03 20 91 E8 AE 93 0C BD  EE 98 A2 00 00 4C FB E9  |. ...........L..|
80E890:  60 BD F0 98 18 6F 5E 51  7E A2 02 00 4C FB E9 00  |`....o^Q~...L...|
80E8A0:  00 01 00 01 00 01 00 00  00 00 00 AD 65 14 F0 0B  |............e...|
80E8B0:  CE 65 14 AD 65 14 29 02  00 D0 2C A2 00 00 20 CA  |.e..e.)...,... .|
80E8C0:  E9 B0 24 A9 30 00 85 F2  64 F4 AE 93 0C BD F0 98  |..$.0...d.......|
80E8D0:  F0 09 20 E8 E8 A2 00 00  20 CA E9 AE 93 0C BD EE  |.. ..... .......|
80E8E0:  98 A2 00 00 4C FB E9 60  AD 95 0C AC 75 14 D0 08  |....L..`....u...|
80E8F0:  AD 2A 09 4A 4A 29 01 00  18 7D F0 98 A2 02 00 4C  |.*.JJ)...}.....L|
80E900:  FB E9 BD 65 0C 10 0D C9  FF FF F0 2D A9 FF FF 9D  |...e.......-....|
80E910:  65 0C 80 19 29 7F 00 A8  B9 DB 8F 85 F4 20 CA E9  |e...)........ ..|
80E920:  B0 0B BD A1 0F 85 F2 BD  31 0E 4C FB E9 20 AB E9  |........1.L.. ..|
80E930:  A9 FF FF 9D C1 0C 9D EF  0C 60 A2 06 00 BD 73 0F  |.........`....s.|
80E940:  29 03 00 CD 73 0F D0 49  BD 65 0C 10 0D C9 FF FF  |)...s..I.e......|
80E950:  F0 3F A9 FF FF 9D 65 0C  80 3F 29 7F 00 A8 29 40  |.?....e..?)...)@|
80E960:  00 F0 16 98 29 3F 00 A8  B9 DB 8F 85 F4 BD 23 0B  |....)?........#.|
80E970:  85 C8 BD AD 0B 85 CA 80  0A B9 DB 8F 85 F4 20 CA  |.............. .|
80E980:  E9 B0 16 BD A1 0F 85 F2  BD 31 0E 20 FB E9 AE 55  |.........1. ...U|
80E990:  14 E8 E8 E0 2E 00 90 A5  60 20 AB E9 A9 FF FF 9D  |........` ......|
80E9A0:  C1 0C 9D EF 0C 80 EA 20  AB E9 6B BD C1 0C F0 19  |....... ..k.....|
80E9B0:  C9 FF FF F0 14 AC 9F 14  C8 C8 8C 9F 14 29 FF 7F  |.............)..|
80E9C0:  99 01 15 BD EF 0C 99 61  15 60 AC BB 09 BD 23 0B  |.......a.`....#.|
80E9D0:  38 F9 83 0A C9 80 01 90  05 C9 80 FF 90 17 85 C8  |8...............|
80E9E0:  BD AD 0B 38 F9 93 0A C9  80 01 90 05 C9 80 FF 90  |...8............|
80E9F0:  04 85 CA 18 60 38 60 20  FB E9 6B 8E 55 14 C9 00  |....`8` ..k.U...|
80EA00:  00 F0 3C A4 EA C0 00 02  B0 35 8D 91 14 DD C1 0C  |..<......5......|
80EA10:  F0 17 20 AB E9 BC C1 0C  A9 FF FF 9D C1 0C 9D EF  |.. .............|
80EA20:  0C 98 10 05 C9 FF FF D0  16 2C 42 09 30 11 AD 91  |.........,B.0...|
80EA30:  14 9D C1 0C 20 4D EA 20  56 EC B0 03 20 84 EA 9C  |.... M. V... ...|
80EA40:  97 14 60 A5 8C 29 40 00  F0 F9 4C 3F EA AD 91 14  |..`..)@...L?....|
80EA50:  0A AA BD FA 93 29 FF 00  0A A8 BD FA 93 29 00 FF  |.....).......)..|
80EA60:  EB 8D 99 14 AA BD 6A 98  85 AC BD 6C 98 85 AF E2  |......j....l....|
80EA70:  20 BD 6E 98 85 AE BD 6F  98 85 B1 85 BA C2 20 B7  | .n....o...... .|
80EA80:  AF 85 B8 60 A4 F4 F0 03  4C 16 EB B7 B8 29 FF 00  |...`....L....)..|
80EA90:  C9 FF 00 F0 73 85 F0 29  01 00 F0 09 20 B2 EB 2C  |....s..).... ..,|
80EAA0:  42 09 10 E7 60 A5 F0 29  CE 00 05 F2 EB 85 EC A5  |B...`..)........|
80EAB0:  F0 29 30 00 4A 4A 4A 4A  85 F0 64 F6 64 F8 C8 B7  |.)0.JJJJ..d.d...|
80EAC0:  B8 C8 29 FF 00 20 EA EB  B0 3F 85 CC B7 B8 29 FF  |..).. ...?....).|
80EAD0:  00 20 08 EC B0 33 85 CE  C8 B7 B8 C8 C8 20 62 ED  |. ...3....... b.|
80EAE0:  B0 26 05 EC 85 98 A6 EA  E0 00 02 B0 9E 20 24 EC  |.&........... $.|
80EAF0:  A6 EA A5 CE EB 05 CC 9D  C1 15 A5 98 9D C3 15 E8  |................|
80EB00:  E8 E8 E8 86 EA 4C 8B EA  60 C8 B7 B8 C8 C8 20 62  |.....L..`..... b|
80EB10:  ED B0 F5 4C 8B EA A0 00  00 B7 B8 29 FF 00 C9 FF  |...L.......)....|
80EB20:  00 F0 0F 85 F0 29 01 00  F0 09 20 B2 EB 2C 42 09  |.....).... ..,B.|
80EB30:  10 E7 60 A5 F0 29 CE 00  05 F2 45 F4 EB 85 EC A5  |..`..)....E.....|
80EB40:  F0 29 30 00 4A 4A 4A 4A  85 F0 64 F6 64 F8 C8 B7  |.)0.JJJJ..d.d...|
80EB50:  B8 C8 29 FF 00 E2 20 49  FF A6 F0 38 FD 87 90 C2  |..)... I...8....|
80EB60:  20 20 EA EB B0 3F 85 CC  B7 B8 29 FF 00 20 08 EC  |  ...?....).. ..|
80EB70:  B0 33 85 CE C8 B7 B8 C8  C8 20 62 ED B0 26 05 EC  |.3....... b..&..|
80EB80:  85 98 A6 EA E0 00 02 B0  90 20 24 EC A6 EA A5 CE  |......... $.....|
80EB90:  EB 05 CC 9D C1 15 A5 98  9D C3 15 E8 E8 E8 E8 86  |................|
80EBA0:  EA 4C 19 EB 60 C8 B7 B8  C8 C8 20 62 ED B0 F5 4C  |.L..`..... b...L|
80EBB0:  19 EB A5 B8 48 A5 C8 48  A5 CA 48 C8 B7 B8 29 FF  |....H..H..H...).|
80EBC0:  00 20 EA EB 85 C8 C8 B7  B8 29 FF 00 20 08 EC 85  |. .......).. ...|
80EBD0:  CA C8 B7 B8 C8 C8 5A A8  B7 AF 85 B8 20 84 EA 7A  |......Z..... ..z|
80EBE0:  68 85 CA 68 85 C8 68 85  B8 60 C9 80 00 90 04 09  |h..h..h..`......|
80EBF0:  00 FF 18 65 C8 C9 00 01  90 0D C9 C0 FF 90 07 29  |...e...........)|
80EC00:  FF 01 C6 F8 18 60 38 60  C9 80 00 90 04 09 00 FF  |.....`8`........|
80EC10:  18 65 CA C9 E0 00 90 0B  C9 E0 FF 90 05 29 FF 00  |.e...........)..|
80EC20:  18 60 38 60 5A 8A 4A 4A  AA 4A 4A A8 8A 29 03 00  |.`8`Z.JJ.JJ..)..|
80EC30:  AA E2 20 A5 F6 F0 09 BD  52 EC 19 C1 17 99 C1 17  |.. .....R.......|
80EC40:  A5 F8 F0 0A BD 52 EC 4A  19 C1 17 99 C1 17 C2 20  |.....R.J....... |
80EC50:  7A 60 02 08 20 80 9C 8F  14 64 BE AD 91 14 0A AA  |z`.. ....d......|
80EC60:  BF 00 30 7E D0 38 AC 9D  14 B9 A1 14 88 88 10 02  |..0~.8..........|
80EC70:  38 60 8C 9D 14 8D 93 14  AC 55 14 99 EF 0C 09 01  |8`.......U......|
80EC80:  00 EB 1A 2C 97 14 10 03  09 FF 00 9F 00 30 7E AC  |...,.........0~.|
80EC90:  93 14 BE 05 90 A9 FF FF  9F 04 35 7E 18 60 CE 8F  |..........5~.`..|
80ECA0:  14 85 98 EB 29 FE 00 AC  55 14 D9 EF 0C F0 17 99  |....)...U.......|
80ECB0:  EF 0C A5 98 29 FF 00 C9  FF 00 F0 07 A5 98 1A 9F  |....)...........|
80ECC0:  00 30 7E B9 EF 0C 8D 93  14 18 60 AE 9F 14 30 0B  |.0~.......`...0.|
80ECD0:  20 E2 EC CE 9F 14 CE 9F  14 80 F0 A9 FE FF 8D 9F  | ...............|
80ECE0:  14 60 BD 01 15 0A AA BF  00 30 7E 29 FF 00 C9 FF  |.`.......0~)....|
80ECF0:  00 F0 6E BF 00 30 7E 3A  9F 00 30 7E 29 FF 00 D0  |..n..0~:..0~)...|
80ED00:  60 9F 00 30 7E AE 9F 14  BD 61 15 AC 9D 14 C8 C8  |`..0~....a......|
80ED10:  8C 9D 14 99 A1 14 A8 BE  05 90 BF 04 35 7E 30 41  |............5~0A|
80ED20:  85 98 29 00 0E D0 11 AC  87 10 C8 C8 8C 87 10 A5  |..).............|
80ED30:  98 99 8D 10 E8 E8 80 E2  29 00 02 F0 14 AC 89 10  |........).......|
80ED40:  C8 C8 8C 89 10 A5 98 29  FF 01 99 8D 12 E8 E8 80  |.......)........|
80ED50:  C9 AC 8B 10 C8 C8 8C 8B  10 A5 98 29 FF 01 99 8D  |...........)....|
80ED60:  13 60 84 EE 85 98 AE 93  14 A5 BE 0A 7D 05 90 8D  |.`..........}...|
80ED70:  95 14 AA A4 F0 D0 0A 20  A1 ED E6 BE A4 EE 8A 18  |....... ........|
80ED80:  60 88 D0 13 A5 FA C9 10  00 F0 02 C6 F6 A4 EE 20  |`.............. |
80ED90:  3A EE E6 BE 8A 18 60 A4  EE 20 52 EF E6 BE 8A 18  |:.....`.. R.....|
80EDA0:  60 AD 8F 14 F0 06 BF 04  35 7E AA 60 20 C2 ED A5  |`.......5~.` ...|
80EDB0:  AE 29 FF 00 85 FC A5 98  0A 0A 0A 0A 0A 65 AC 4C  |.)...........e.L|
80EDC0:  3B F3 2C 97 14 10 03 20  FB ED AE 87 10 BD 8D 10  |;.,.... ........|
80EDD0:  CA CA 30 14 8E 87 10 A8  AE 95 14 9F 04 35 7E A9  |..0..........5~.|
80EDE0:  FF FF 9F 06 35 7E BB 60  68 68 CE 42 09 AE 55 14  |....5~.`hh.B..U.|
80EDF0:  BD C1 0C 09 00 80 9D C1  0C 38 60 20 E5 F2 AC 87  |.........8` ....|
80EE00:  10 C8 C8 C0 00 02 B0 23  B9 8D 10 0A AA A5 98 DF  |.......#........|
80EE10:  04 47 7E D0 EC B9 8D 10  A8 AE 95 14 9F 04 35 7E  |.G~...........5~|
80EE20:  A9 FF FF 9F 06 35 7E BB  68 68 60 AE 87 10 BD 8D  |.....5~.hh`.....|
80EE30:  10 0A AA A5 98 9F 04 47  7E 60 AD 8F 14 F0 0F BF  |.......G~`......|
80EE40:  04 35 7E 29 FF 01 AA 98  18 69 06 00 A8 60 A5 98  |.5~).....i...`..|
80EE50:  8D CD 13 A2 02 00 B7 B8  9D CD 13 C8 C8 E8 E8 E0  |................|
80EE60:  08 00 90 F2 84 EE 20 9D  EE 86 98 A5 AE 29 FF 00  |...... ......)..|
80EE70:  85 FC A0 00 00 A5 98 18  79 95 EE AA B9 CD 13 0A  |........y.......|
80EE80:  0A 0A 0A 0A 65 AC 20 3B  F3 C8 C8 C0 08 00 90 E5  |....e. ;........|
80EE90:  A6 98 A4 EE 60 00 00 01  00 10 00 11 00 2C 97 14  |....`........,..|
80EEA0:  10 03 20 CA EE AE 89 10  BD 8D 12 CA CA 30 18 8E  |.. ..........0..|
80EEB0:  89 10 A8 AE 95 14 09 00  02 9F 04 35 7E A9 FF FF  |...........5~...|
80EEC0:  9F 06 35 7E BB 18 60 4C  E8 ED 20 E5 F2 AC 89 10  |..5~..`L.. .....|
80EED0:  84 98 A4 98 C8 C8 C0 00  01 B0 4A 84 98 B9 8D 12  |..........J.....|
80EEE0:  AA 29 0F 00 4A 85 9A 8A  29 E0 FF 4A 4A 05 9A 0A  |.)..J...)..JJ...|
80EEF0:  0A 0A AA A0 00 00 B9 CD  13 DF 04 49 7E D0 D3 E8  |...........I~...|
80EF00:  E8 C8 C8 C0 08 00 90 EE  A4 98 B9 8D 12 A8 09 00  |................|
80EF10:  02 AE 95 14 9F 04 35 7E  A9 FF FF 9F 06 35 7E BB  |......5~.....5~.|
80EF20:  68 68 A4 EE 60 AC 89 10  B9 8D 12 AA 29 0F 00 4A  |hh..`.......)..J|
80EF30:  85 9A 8A 29 E0 FF 4A 4A  05 9A 0A 0A 0A AA A0 00  |...)..JJ........|
80EF40:  00 B9 CD 13 9F 04 49 7E  E8 E8 C8 C8 C0 08 00 90  |......I~........|
80EF50:  F0 60 AD 8F 14 F0 0F BF  04 35 7E 29 FF 01 AA 98  |.`.......5~)....|
80EF60:  18 69 1E 00 A8 60 A5 98  8D CD 13 A2 02 00 B7 B8  |.i...`..........|
80EF70:  9D CD 13 C8 C8 E8 E8 E0  20 00 90 F2 84 EE 20 CD  |........ ..... .|
80EF80:  EF 86 98 A5 AE 29 FF 00  85 FC A0 00 00 A5 98 18  |.....)..........|
80EF90:  79 AD EF AA B9 CD 13 0A  0A 0A 0A 0A 65 AC 20 3B  |y...........e. ;|
80EFA0:  F3 C8 C8 C0 20 00 90 E5  A6 98 A4 EE 60 00 00 01  |.... .......`...|
80EFB0:  00 02 00 03 00 10 00 11  00 12 00 13 00 20 00 21  |............. .!|
80EFC0:  00 22 00 23 00 30 00 31  00 32 00 33 00 2C 97 14  |.".#.0.1.2.3.,..|
80EFD0:  10 03 20 FA EF AE 8B 10  BD 8D 13 CA CA 30 18 8E  |.. ..........0..|
80EFE0:  8B 10 A8 AE 95 14 09 00  04 9F 04 35 7E A9 FF FF  |...........5~...|
80EFF0:  9F 06 35 7E BB 18 60 4C  E8 ED 20 E5 F2 AC 8B 10  |..5~..`L.. .....|
80F000:  84 98 A4 98 C8 C8 C0 40  00 B0 4F 84 98 B9 8D 13  |.......@..O.....|
80F010:  AA 29 0F 00 4A 4A 85 9A  8A 29 C0 FF 4A 4A 4A 4A  |.)..JJ...)..JJJJ|
80F020:  05 9A 0A 0A 0A 0A 0A AA  A0 00 00 B9 CD 13 DF 04  |................|
80F030:  4D 7E D0 CE E8 E8 C8 C8  C0 20 00 90 EE A4 98 B9  |M~....... ......|
80F040:  8D 13 A8 AE 95 14 09 00  04 9F 04 35 7E A9 FF FF  |...........5~...|
80F050:  9F 06 35 7E BB 68 68 A4  EE 60 AC 8B 10 B9 8D 13  |..5~.hh..`......|
80F060:  AA 29 0F 00 4A 4A 85 9A  8A 29 C0 FF 4A 4A 4A 4A  |.)..JJ...)..JJJJ|
80F070:  05 9A 0A 0A 0A 0A 0A AA  A0 00 00 B9 CD 13 9F 04  |................|
80F080:  4D 7E E8 E8 C8 C8 C0 20  00 90 F0 60 DA 20 9C F0  |M~..... ...`. ..|
80F090:  20 D8 F0 FA 20 13 F1 6B  20 9C F0 6B C2 30 64 5C  | ... ..k ..k.0d\|
80F0A0:  64 5A 9C 97 14 64 F4 64  F2 A9 00 F0 A2 FC 01 9D  |dZ...d.d........|
80F0B0:  C1 15 9E C3 15 CA CA CA  CA 10 F4 A2 20 00 9E C1  |............ ...|
80F0C0:  17 CA CA 10 F9 EE 3E 09  9C 44 09 9C 46 09 9C 48  |......>..D..F..H|
80F0D0:  09 A9 FE FF 8D 9F 14 60  C2 30 A2 2C 00 A9 FF FF  |.......`.0.,....|
80F0E0:  9D C1 0C 9D EF 0C CA CA  10 F6 A2 5E 00 8E 9D 14  |...........^....|
80F0F0:  8A 9D A1 14 3A 3A CA CA  10 F7 A2 00 00 8A 9F 00  |....::..........|
80F100:  30 7E E8 E8 E0 00 04 90  F5 A9 FF FF 8D 9B 14 8D  |0~..............|
80F110:  99 14 60 C2 30 BD 8D F1  29 FF 00 8D 01 21 BD 8E  |..`.0...)....!..|
80F120:  F1 29 FF 00 85 FA BD 8F  F1 29 FF 00 3A 0A 8D 87  |.).......)..:...|
80F130:  10 BD 90 F1 29 FF 00 3A  0A 8D 89 10 BD 91 F1 29  |....)..:.......)|
80F140:  FF 00 85 98 BD 92 F1 29  FF 00 3A 0A 8D 8B 10 BD  |.......)..:.....|
80F150:  93 F1 29 FF 00 85 9A AE  87 10 8A 4A 9D 8D 10 3A  |..)........J...:|
80F160:  CA CA 10 F8 AE 89 10 8A  18 65 98 A8 B9 A5 F1 9D  |.........e......|
80F170:  8D 12 88 88 CA CA 10 F4  AE 8B 10 8A 18 65 9A A8  |.............e..|
80F180:  B9 A5 F2 9D 8D 13 88 88  CA CA 10 F4 60 03 00 30  |............`..0|
80F190:  74 18 01 00 00 03 00 40  70 20 01 00 00 23 10 01  |t......@p ...#..|
80F1A0:  58 00 0A 2C 00 00 00 02  00 04 00 06 00 08 00 0A  |X..,............|
80F1B0:  00 0C 00 0E 00 20 00 22  00 24 00 26 00 28 00 2A  |..... .".$.&.(.*|
80F1C0:  00 2C 00 2E 00 40 00 42  00 44 00 46 00 48 00 4A  |.,...@.B.D.F.H.J|
80F1D0:  00 4C 00 4E 00 60 00 62  00 64 00 66 00 68 00 6A  |.L.N.`.b.d.f.h.j|
80F1E0:  00 6C 00 6E 00 80 00 82  00 84 00 86 00 88 00 8A  |.l.n............|
80F1F0:  00 8C 00 8E 00 A0 00 A2  00 A4 00 A6 00 A8 00 AA  |................|
80F200:  00 AC 00 AE 00 C0 00 C2  00 C4 00 C6 00 C8 00 CA  |................|
80F210:  00 CC 00 CE 00 E0 00 E2  00 E4 00 E6 00 E8 00 EA  |................|
80F220:  00 EC 00 EE 00 00 01 02  01 04 01 06 01 08 01 0A  |................|
80F230:  01 0C 01 0E 01 20 01 22  01 24 01 26 01 28 01 2A  |..... .".$.&.(.*|
80F240:  01 2C 01 2E 01 40 01 42  01 44 01 46 01 48 01 4A  |.,...@.B.D.F.H.J|
80F250:  01 4C 01 4E 01 60 01 62  01 64 01 66 01 68 01 6A  |.L.N.`.b.d.f.h.j|
80F260:  01 6C 01 6E 01 80 01 82  01 84 01 86 01 88 01 8A  |.l.n............|
80F270:  01 8C 01 8E 01 A0 01 A2  01 A4 01 A6 01 A8 01 AA  |................|
80F280:  01 AC 01 AE 01 C0 01 C2  01 C4 01 C6 01 C8 01 CA  |................|
80F290:  01 CC 01 CE 01 E0 01 E2  01 E4 01 E6 01 E8 01 EA  |................|
80F2A0:  01 EC 01 EE 01 00 00 04  00 08 00 0C 00 40 00 44  |.............@.D|
80F2B0:  00 48 00 4C 00 80 00 84  00 88 00 8C 00 C0 00 C4  |.H.L............|
80F2C0:  00 C8 00 CC 00 00 01 04  01 08 01 0C 01 40 01 44  |.............@.D|
80F2D0:  01 48 01 4C 01 80 01 84  01 88 01 8C 01 C0 01 C4  |.H.L............|
80F2E0:  01 C8 01 CC 01 AD 99 14  CD 9B 14 F0 11 8D 9B 14  |................|
80F2F0:  A9 FF FF A2 FE 09 9F 04  47 7E CA CA 10 F8 60 A9  |........G~....`.|
80F300:  00 02 38 E5 EA F0 21 E9  05 00 85 A2 A6 EA A9 00  |..8...!.........|
80F310:  F0 9D C1 15 9E C3 15 18  8A 69 C1 15 AA 69 04 00  |.........i...i..|
80F320:  A8 A5 A2 30 03 54 00 00  EE 3E 09 4C CB EC 20 49  |...0.T...>.L.. I|
80F330:  8E A5 8E 29 00 40 F0 F9  4C 75 89 5A 48 A5 5C 29  |...).@..Lu.ZH.\)|
80F340:  FF 00 A8 68 99 00 07 A5  FC 99 00 06 8A 0A 0A 0A  |...h............|
80F350:  0A 69 00 60 99 00 08 C8  C8 98 38 E5 5A 29 FF 00  |.i.`......8.Z)..|
80F360:  D0 03 20 48 E3 A5 5C 1A  1A 85 5C 7A 60 00 00 E0  |.. H..\...\z`...|
80F370:  F4 D2 F4 C4 F4 B6 F4 A8  F4 9A F4 8C F4 7E F4 7E  |.............~.~|
80F380:  F4 7E F4 7E F4 7E F4 7E  F4 7E F4 7E F4 7E F4 7E  |.~.~.~.~.~.~.~.~|
80F390:  F4 7E F4 7E F4 7E F4 7E  F4 7E F4 7E F4 7E F4 7E  |.~.~.~.~.~.~.~.~|
80F3A0:  F4 7E F4 7E F4 7E F4 7E  F4 7E F4 7E F4 7E F4 7E  |.~.~.~.~.~.~.~.~|
80F3B0:  F4 7E F4 7E F4 7E F4 7E  F4 7E F4 7E F4 7E F4 7E  |.~.~.~.~.~.~.~.~|
80F3C0:  F4 7E F4 7E F4 7E F4 7E  F4 7E F4 7E F4 7E F4 7E  |.~.~.~.~.~.~.~.~|
80F3D0:  F4 7E F4 7E F4 7E F4 7E  F4 7E F4 7E F4 7E F4 7E  |.~.~.~.~.~.~.~.~|
80F3E0:  F4 7E F4 7E F4 7E F4 7E  F4 7E F4 7E F4 7E F4 7E  |.~.~.~.~.~.~.~.~|
80F3F0:  F4 7E F4 7E F4 7E F4 7E  F4 7E F4 7E F4 7E F4 7E  |.~.~.~.~.~.~.~.~|
80F400:  F4 7E F4 7E F4 7E F4 7E  F4 7E F4 7E F4 7E F4 7E  |.~.~.~.~.~.~.~.~|
80F410:  F4 7E F4 7E F4 7E F4 7E  F4 7E F4 7E F4 7E F4 7E  |.~.~.~.~.~.~.~.~|
80F420:  F4 7E F4 7E F4 7E F4 7E  F4 7E F4 7E F4 7E F4 7E  |.~.~.~.~.~.~.~.~|
80F430:  F4 7E F4 7E F4 C2 20 E2  10 20 0D F6 38 E9 E0 00  |.~.~.. .. ..8...|
80F440:  A8 B9 E7 F5 29 FF 00 85  69 A5 5C 38 E5 5A F0 2D  |....)...i.\8.Z.-|
80F450:  4A C5 69 B0 02 85 69 A4  5A A5 69 F0 20 0A 65 5A  |J.i...i.Z.i. .eZ|
80F460:  85 5A A2 01 8E 00 43 A2  80 8E 15 21 A2 18 8E 01  |.Z....C....!....|
80F470:  43 A5 69 0A 85 69 A6 69  F0 03 7C 6D F3 60 20 EE  |C.i..i.i..|m.` .|
80F480:  F4 A5 69 38 E9 10 00 85  69 4C 76 F4 20 0D F5 A5  |..i8....iLv. ...|
80F490:  69 38 E9 0E 00 85 69 4C  76 F4 20 2C F5 A5 69 38  |i8....iLv. ,..i8|
80F4A0:  E9 0C 00 85 69 4C 76 F4  20 4B F5 A5 69 38 E9 0A  |....iLv. K..i8..|
80F4B0:  00 85 69 4C 76 F4 20 6A  F5 A5 69 38 E9 08 00 85  |..iLv. j..i8....|
80F4C0:  69 4C 76 F4 20 89 F5 A5  69 38 E9 06 00 85 69 4C  |iLv. ...i8....iL|
80F4D0:  76 F4 20 A8 F5 A5 69 38  E9 04 00 85 69 4C 76 F4  |v. ...i8....iLv.|
80F4E0:  20 C7 F5 A5 69 38 E9 02  00 85 69 4C 76 F4 B9 00  | ...i8....iLv...|
80F4F0:  07 8D 02 43 B9 00 08 8D  16 21 A9 20 00 8D 05 43  |...C.....!. ...C|
80F500:  BE 00 06 8E 04 43 A2 01  8E 0B 42 C8 C8 B9 00 07  |.....C....B.....|
80F510:  8D 02 43 B9 00 08 8D 16  21 A9 20 00 8D 05 43 BE  |..C.....!. ...C.|
80F520:  00 06 8E 04 43 A2 01 8E  0B 42 C8 C8 B9 00 07 8D  |....C....B......|
80F530:  02 43 B9 00 08 8D 16 21  A9 20 00 8D 05 43 BE 00  |.C.....!. ...C..|
80F540:  06 8E 04 43 A2 01 8E 0B  42 C8 C8 B9 00 07 8D 02  |...C....B.......|
80F550:  43 B9 00 08 8D 16 21 A9  20 00 8D 05 43 BE 00 06  |C.....!. ...C...|
80F560:  8E 04 43 A2 01 8E 0B 42  C8 C8 B9 00 07 8D 02 43  |..C....B.......C|
80F570:  B9 00 08 8D 16 21 A9 20  00 8D 05 43 BE 00 06 8E  |.....!. ...C....|
80F580:  04 43 A2 01 8E 0B 42 C8  C8 B9 00 07 8D 02 43 B9  |.C....B.......C.|
80F590:  00 08 8D 16 21 A9 20 00  8D 05 43 BE 00 06 8E 04  |....!. ...C.....|
80F5A0:  43 A2 01 8E 0B 42 C8 C8  B9 00 07 8D 02 43 B9 00  |C....B.......C..|
80F5B0:  08 8D 16 21 A9 20 00 8D  05 43 BE 00 06 8E 04 43  |...!. ...C.....C|
80F5C0:  A2 01 8E 0B 42 C8 C8 B9  00 07 8D 02 43 B9 00 08  |....B.......C...|
80F5D0:  8D 16 21 A9 20 00 8D 05  43 BE 00 06 8E 04 43 A2  |..!. ...C.....C.|
80F5E0:  01 8E 0B 42 C8 C8 60 3B  39 37 36 34 32 30 2F 2D  |...B..`;976420/-|
80F5F0:  2B 2A 28 26 25 23 21 20  1E 1C 1B 19 17 15 14 12  |+*(&%#! ........|
80F600:  10 0F 0D 0B 0A 08 06 05  03 01 01 01 00 E2 20 AD  |.............. .|
80F610:  37 21 AD 3F 21 AD 3D 21  8F 4E 51 7E AD 3D 21 29  |7!.?!.=!.NQ~.=!)|
80F620:  01 8F 4F 51 7E C2 20 AF  4E 51 7E 60 E2 20 AD 37  |..OQ~. .NQ~`. .7|
80F630:  21 AD 3F 21 AD 3C 21 8F  4E 51 7E AD 3C 21 29 01  |!.?!.<!.NQ~.<!).|
80F640:  8F 4F 51 7E C2 20 AF 4E  51 7E 60 C2 30 85 A2 0A  |.OQ~. .NQ~`.0...|
80F650:  65 A2 A8 E2 20 B9 6C F6  85 67 C2 20 B9 6D F6 85  |e... .l..g. .m..|
80F660:  98 22 01 E3 00 20 69 F6  6B 6C 98 00 80 7C F6 A8  |."... i.kl...|..|
80F670:  E7 1A E7 E7 1B B0 F5 1A  A1 0F 1B 00 08 C2 30 A9  |..............0.|
80F680:  40 00 8D 70 43 A9 32 21  8D 71 43 A9 E7 19 8D 72  |@..pC.2!.qC....r|
80F690:  43 9C 74 43 9C 77 43 A9  11 00 A2 6F F6 A0 E7 19  |C.tC.wC....o....|
80F6A0:  54 00 00 28 60 FF FF FF  FF FF FF FF FF FF FF FF  |T..(`...........|
80F6B0:  FF FF FF FF FF FF FF FF  FF FF FF FF FF FF FF FF  |................|
80F6C0:  FF FF FF FF FF FF FF FF  FF FF FF FF FF FF FF FF  |................|
80F6D0:  FF FF FF FF FF FF FF FF  FF FF FF FF FF FF FF FF  |................|
80F6E0:  FF FF FF FF FF FF FF FF  FF FF FF FF FF FF FF FF  |................|
80F6F0:  FF FF FF FF FF FF FF FF  FF FF FF FF FF FF FF FF  |................|
80F700:  FF FF FF FF FF FF FF FF  FF FF FF FF FF FF FF FF  |................|
80F710:  FF FF FF FF FF FF FF FF  FF FF FF FF FF FF FF FF  |................|
80F720:  FF FF FF FF FF FF FF FF  FF FF FF FF FF FF FF FF  |................|
80F730:  FF FF FF FF FF FF FF FF  FF FF FF FF FF FF FF FF  |................|
80F740:  FF FF FF FF FF FF FF FF  FF FF FF FF FF FF FF FF  |................|
80F750:  FF FF FF FF FF FF FF FF  FF FF FF FF FF FF FF FF  |................|
80F760:  FF FF FF FF FF FF FF FF  FF FF FF FF FF FF FF FF  |................|
80F770:  FF FF FF FF FF FF FF FF  FF FF FF FF FF FF FF FF  |................|
80F780:  FF FF FF FF FF FF FF FF  FF FF FF FF FF FF FF FF  |................|
80F790:  FF FF FF FF FF FF FF FF  FF FF FF FF FF FF FF FF  |................|
80F7A0:  FF FF FF FF FF FF FF FF  FF FF FF FF FF FF FF FF  |................|
80F7B0:  FF FF FF FF FF FF FF FF  FF FF FF FF FF FF FF FF  |................|
80F7C0:  FF FF FF FF FF FF FF FF  FF FF FF FF FF FF FF FF  |................|
80F7D0:  FF FF FF FF FF FF FF FF  FF FF FF FF FF FF FF FF  |................|
80F7E0:  FF FF FF FF FF FF FF FF  FF FF FF FF FF FF FF FF  |................|
80F7F0:  FF FF FF FF FF FF FF FF  FF FF FF FF FF FF FF FF  |................|
80F800:  FF FF FF FF FF FF FF FF  FF FF FF FF FF FF FF FF  |................|
80F810:  FF FF FF FF FF FF FF FF  FF FF FF FF FF FF FF FF  |................|
80F820:  FF FF FF FF FF FF FF FF  FF FF FF FF FF FF FF FF  |................|
80F830:  FF FF FF FF FF FF FF FF  FF FF FF FF FF FF FF FF  |................|
80F840:  FF FF FF FF FF FF FF FF  FF FF FF FF FF FF FF FF  |................|
80F850:  FF FF FF FF FF FF FF FF  FF FF FF FF FF FF FF FF  |................|
80F860:  FF FF FF FF FF FF FF FF  FF FF FF FF FF FF FF FF  |................|
80F870:  FF FF FF FF FF FF FF FF  FF FF FF FF FF FF FF FF  |................|
80F880:  FF FF FF FF FF FF FF FF  FF FF FF FF FF FF FF FF  |................|
80F890:  FF FF FF FF FF FF FF FF  FF FF FF FF FF FF FF FF  |................|
80F8A0:  FF FF FF FF FF FF FF FF  FF FF FF FF FF FF FF FF  |................|
80F8B0:  FF FF FF FF FF FF FF FF  FF FF FF FF FF FF FF FF  |................|
80F8C0:  FF FF FF FF FF FF FF FF  FF FF FF FF FF FF FF FF  |................|
80F8D0:  FF FF FF FF FF FF FF FF  FF FF FF FF FF FF FF FF  |................|
80F8E0:  FF FF FF FF FF FF FF FF  FF FF FF FF FF FF FF FF  |................|
80F8F0:  FF FF FF FF FF FF FF FF  FF FF FF FF FF FF FF FF  |................|
80F900:  FF FF FF FF FF FF FF FF  FF FF FF FF FF FF FF FF  |................|
80F910:  FF FF FF FF FF FF FF FF  FF FF FF FF FF FF FF FF  |................|
80F920:  FF FF FF FF FF FF FF FF  FF FF FF FF FF FF FF FF  |................|
80F930:  FF FF FF FF FF FF FF FF  FF FF FF FF FF FF FF FF  |................|
80F940:  FF FF FF FF FF FF FF FF  FF FF FF FF FF FF FF FF  |................|
80F950:  FF FF FF FF FF FF FF FF  FF FF FF FF FF FF FF FF  |................|
80F960:  FF FF FF FF FF FF FF FF  FF FF FF FF FF FF FF FF  |................|
80F970:  FF FF FF FF FF FF FF FF  FF FF FF FF FF FF FF FF  |................|
80F980:  FF FF FF FF FF FF FF FF  FF FF FF FF FF FF FF FF  |................|
80F990:  FF FF FF FF FF FF FF FF  FF FF FF FF FF FF FF FF  |................|
80F9A0:  FF FF FF FF FF FF FF FF  FF FF FF FF FF FF FF FF  |................|
80F9B0:  FF FF FF FF FF FF FF FF  FF FF FF FF FF FF FF FF  |................|
80F9C0:  FF FF FF FF FF FF FF FF  FF FF FF FF FF FF FF FF  |................|
80F9D0:  FF FF FF FF FF FF FF FF  FF FF FF FF FF FF FF FF  |................|
80F9E0:  FF FF FF FF FF FF FF FF  FF FF FF FF FF FF FF FF  |................|
80F9F0:  FF FF FF FF FF FF FF FF  FF FF FF FF FF FF FF FF  |................|
80FA00:  FF FF FF FF FF FF FF FF  FF FF FF FF FF FF FF FF  |................|
80FA10:  FF FF FF FF FF FF FF FF  FF FF FF FF FF FF FF FF  |................|
80FA20:  FF FF FF FF FF FF FF FF  FF FF FF FF FF FF FF FF  |................|
80FA30:  FF FF FF FF FF FF FF FF  FF FF FF FF FF FF FF FF  |................|
80FA40:  FF FF FF FF FF FF FF FF  FF FF FF FF FF FF FF FF  |................|
80FA50:  FF FF FF FF FF FF FF FF  FF FF FF FF FF FF FF FF  |................|
80FA60:  FF FF FF FF FF FF FF FF  FF FF FF FF FF FF FF FF  |................|
80FA70:  FF FF FF FF FF FF FF FF  FF FF FF FF FF FF FF FF  |................|
80FA80:  FF FF FF FF FF FF FF FF  FF FF FF FF FF FF FF FF  |................|
80FA90:  FF FF FF FF FF FF FF FF  FF FF FF FF FF FF FF FF  |................|
80FAA0:  FF FF FF FF FF FF FF FF  FF FF FF FF FF FF FF FF  |................|
80FAB0:  FF FF FF FF FF FF FF FF  FF FF FF FF FF FF FF FF  |................|
80FAC0:  FF FF FF FF FF FF FF FF  FF FF FF FF FF FF FF FF  |................|
80FAD0:  FF FF FF FF FF FF FF FF  FF FF FF FF FF FF FF FF  |................|
80FAE0:  FF FF FF FF FF FF FF FF  FF FF FF FF FF FF FF FF  |................|
80FAF0:  FF FF FF FF FF FF FF FF  FF FF FF FF FF FF FF FF  |................|
80FB00:  FF FF FF FF FF FF FF FF  FF FF FF FF FF FF FF FF  |................|
80FB10:  FF FF FF FF FF FF FF FF  FF FF FF FF FF FF FF FF  |................|
80FB20:  FF FF FF FF FF FF FF FF  FF FF FF FF FF FF FF FF  |................|
80FB30:  FF FF FF FF FF FF FF FF  FF FF FF FF FF FF FF FF  |................|
80FB40:  FF FF FF FF FF FF FF FF  FF FF FF FF FF FF FF FF  |................|
80FB50:  FF FF FF FF FF FF FF FF  FF FF FF FF FF FF FF FF  |................|
80FB60:  FF FF FF FF FF FF FF FF  FF FF FF FF FF FF FF FF  |................|
80FB70:  FF FF FF FF FF FF FF FF  FF FF FF FF FF FF FF FF  |................|
80FB80:  FF FF FF FF FF FF FF FF  FF FF FF FF FF FF FF FF  |................|
80FB90:  FF FF FF FF FF FF FF FF  FF FF FF FF FF FF FF FF  |................|
80FBA0:  FF FF FF FF FF FF FF FF  FF FF FF FF FF FF FF FF  |................|
80FBB0:  FF FF FF FF FF FF FF FF  FF FF FF FF FF FF FF FF  |................|
80FBC0:  FF FF FF FF FF FF FF FF  FF FF FF FF FF FF FF FF  |................|
80FBD0:  FF FF FF FF FF FF FF FF  FF FF FF FF FF FF FF FF  |................|
80FBE0:  FF FF FF FF FF FF FF FF  FF FF FF FF FF FF FF FF  |................|
80FBF0:  FF FF FF FF FF FF FF FF  FF FF FF FF FF FF FF FF  |................|
80FC00:  FF FF FF FF FF FF FF FF  FF FF FF FF FF FF FF FF  |................|
80FC10:  FF FF FF FF FF FF FF FF  FF FF FF FF FF FF FF FF  |................|
80FC20:  FF FF FF FF FF FF FF FF  FF FF FF FF FF FF FF FF  |................|
80FC30:  FF FF FF FF FF FF FF FF  FF FF FF FF FF FF FF FF  |................|
80FC40:  FF FF FF FF FF FF FF FF  FF FF FF FF FF FF FF FF  |................|
80FC50:  FF FF FF FF FF FF FF FF  FF FF FF FF FF FF FF FF  |................|
80FC60:  FF FF FF FF FF FF FF FF  FF FF FF FF FF FF FF FF  |................|
80FC70:  FF FF FF FF FF FF FF FF  FF FF FF FF FF FF FF FF  |................|
80FC80:  FF FF FF FF FF FF FF FF  FF FF FF FF FF FF FF FF  |................|
80FC90:  FF FF FF FF FF FF FF FF  FF FF FF FF FF FF FF FF  |................|
80FCA0:  FF FF FF FF FF FF FF FF  FF FF FF FF FF FF FF FF  |................|
80FCB0:  FF FF FF FF FF FF FF FF  FF FF FF FF FF FF FF FF  |................|
80FCC0:  FF FF FF FF FF FF FF FF  FF FF FF FF FF FF FF FF  |................|
80FCD0:  FF FF FF FF FF FF FF FF  FF FF FF FF FF FF FF FF  |................|
80FCE0:  FF FF FF FF FF FF FF FF  FF FF FF FF FF FF FF FF  |................|
80FCF0:  FF FF FF FF FF FF FF FF  FF FF FF FF FF FF FF FF  |................|
80FD00:  FF FF FF FF FF FF FF FF  FF FF FF FF FF FF FF FF  |................|
80FD10:  FF FF FF FF FF FF FF FF  FF FF FF FF FF FF FF FF  |................|
80FD20:  FF FF FF FF FF FF FF FF  FF FF FF FF FF FF FF FF  |................|
80FD30:  FF FF FF FF FF FF FF FF  FF FF FF FF FF FF FF FF  |................|
80FD40:  FF FF FF FF FF FF FF FF  FF FF FF FF FF FF FF FF  |................|
80FD50:  FF FF FF FF FF FF FF FF  FF FF FF FF FF FF FF FF  |................|
80FD60:  FF FF FF FF FF FF FF FF  FF FF FF FF FF FF FF FF  |................|
80FD70:  FF FF FF FF FF FF FF FF  FF FF FF FF FF FF FF FF  |................|
80FD80:  FF FF FF FF FF FF FF FF  FF FF FF FF FF FF FF FF  |................|
80FD90:  FF FF FF FF FF FF FF FF  FF FF FF FF FF FF FF FF  |................|
80FDA0:  FF FF FF FF FF FF FF FF  FF FF FF FF FF FF FF FF  |................|
80FDB0:  FF FF FF FF FF FF FF FF  FF FF FF FF FF FF FF FF  |................|
80FDC0:  FF FF FF FF FF FF FF FF  FF FF FF FF FF FF FF FF  |................|
80FDD0:  FF FF FF FF FF FF FF FF  FF FF FF FF FF FF FF FF  |................|
80FDE0:  FF FF FF FF FF FF FF FF  FF FF FF FF FF FF FF FF  |................|
80FDF0:  FF FF FF FF FF FF FF FF  FF FF FF FF FF FF FF FF  |................|
80FE00:  FF FF FF FF FF FF FF FF  FF FF FF FF FF FF FF FF  |................|
80FE10:  FF FF FF FF FF FF FF FF  FF FF FF FF FF FF FF FF  |................|
80FE20:  FF FF FF FF FF FF FF FF  FF FF FF FF FF FF FF FF  |................|
80FE30:  FF FF FF FF FF FF FF FF  FF FF FF FF FF FF FF FF  |................|
80FE40:  FF FF FF FF FF FF FF FF  FF FF FF FF FF FF FF FF  |................|
80FE50:  FF FF FF FF FF FF FF FF  FF FF FF FF FF FF FF FF  |................|
80FE60:  FF FF FF FF FF FF FF FF  FF FF FF FF FF FF FF FF  |................|
80FE70:  FF FF FF FF FF FF FF FF  FF FF FF FF FF FF FF FF  |................|
80FE80:  FF FF FF FF FF FF FF FF  FF FF FF FF FF FF FF FF  |................|
80FE90:  FF FF FF FF FF FF FF FF  FF FF FF FF FF FF FF FF  |................|
80FEA0:  FF FF FF FF FF FF FF FF  FF FF FF FF FF FF FF FF  |................|
80FEB0:  FF FF FF FF FF FF FF FF  FF FF FF FF FF FF FF FF  |................|
80FEC0:  FF FF FF FF FF FF FF FF  FF FF FF FF FF FF FF FF  |................|
80FED0:  FF FF FF FF FF FF FF FF  FF FF FF FF FF FF FF FF  |................|
80FEE0:  FF FF FF FF FF FF FF FF  FF FF FF FF FF FF FF FF  |................|
80FEF0:  FF FF FF FF FF FF FF FF  FF FF FF FF FF FF FF FF  |................|
80FF00:  FF FF FF FF FF FF FF FF  FF FF FF FF FF FF FF FF  |................|
80FF10:  FF FF FF FF FF FF FF FF  FF FF FF FF FF FF FF FF  |................|
80FF20:  FF FF FF FF FF FF FF FF  FF FF FF FF FF FF FF FF  |................|
80FF30:  FF FF FF FF FF FF FF FF  FF FF FF FF FF FF FF FF  |................|
80FF40:  FF FF FF FF FF FF FF FF  FF FF FF FF FF FF FF FF  |................|
80FF50:  FF FF FF FF FF FF FF FF  FF FF FF FF FF FF FF FF  |................|
80FF60:  FF FF FF FF FF FF FF FF  FF FF FF FF FF FF FF FF  |................|
80FF70:  FF FF FF FF FF FF FF FF  FF FF FF FF FF FF FF FF  |................|
80FF80:  FF FF FF FF FF FF FF FF  FF FF FF FF FF FF FF FF  |................|
80FF90:  FF FF FF FF FF FF FF FF  FF FF FF FF FF FF FF FF  |................|
80FFA0:  FF FF FF FF FF FF FF FF  FF FF FF FF FF FF FF FF  |................|
80FFB0:  FF FF FF FF FF FF FF FF  FF FF FF FF FF FF FF FF  |................|
80FFC0:  54 48 45 20 53 49 4D 50  53 4F 4E 53 20 20 20 20  |THE SIMPSONS    |
80FFD0:  20 20 20 20 20 20 00 0A  00 02 51 00 AC 96 53 69  |      ....Q...Si|
80FFE0:  FF FF FF FF FF FF C8 FF  FF FF 0F 87 00 80 1F 87  |................|
80FFF0:  FF FF FF FF 1F 87 1F 87  1F 87 0F 87 00 80 1F 87  |................|
810000:  00 00 00 00 00 00 00 00  00 00 00 00 00 00 00 00  |................|
810010:  00 00 00 00 00 00 00 00  00 00 00 FE 00 6F 00 00  |.............o..|
810020:  00 00 00 00 00 00 00 00  00 00 00 9F 00 00 7F CA  |................|
810030:  10 F9 4C 72 04 00 00 00  00 00 00 00 00 00 00 00  |..Lr............|
810040:  00 8F 00 00 00 00 00 00  00 00 00 00 00 00 00 00  |................|
810050:  00 00 00 00 00 00 00 00  00 00 00 00 00 00 00 00  |................|
810060:  00 00 00 00 00 00 00 00  00 00 00 00 00 00 00 00  |................|
810070:  00 00 00 00 00 00 00 00  00 00 00 00 00 00 00 00  |................|
810080:  00 00 00 00 00 00 00 00  00 00 00 00 00 00 00 00  |................|
810090:  00 00 00 00 00 00 00 00  00 00 00 00 00 00 00 00  |................|
8100A0:  00 00 00 00 00 00 00 00  00 00 00 00 00 00 00 00  |................|
8100B0:  00 00 00 00 00 00 00 00  00 00 00 00 00 00 00 00  |................|
8100C0:  00 00 00 00 00 00 00 00  00 00 00 00 00 00 00 00  |................|
8100D0:  00 00 00 00 00 00 00 00  00 00 00 00 00 00 00 00  |................|
8100E0:  00 00 00 00 00 00 00 00  00 00 00 00 00 00 00 00  |................|
8100F0:  00 00 00 00 00 00 00 00  00 00 00 00 00 00 00 00  |................|
810100:  00 00 00 00 00 00 00 00  00 00 00 00 00 00 00 00  |................|
810110:  00 00 00 00 00 00 00 00  00 00 00 00 00 00 00 00  |................|
810120:  00 00 00 00 00 00 00 00  00 00 00 00 00 00 00 00  |................|
810130:  00 00 00 00 00 00 00 00  00 00 00 00 00 00 00 00  |................|
810140:  00 00 00 00 00 00 00 00  00 00 00 00 00 00 00 00  |................|
810150:  00 00 00 00 00 00 00 00  00 00 00 00 00 00 00 00  |................|
810160:  00 00 00 00 00 00 00 00  00 00 00 00 00 00 00 00  |................|
810170:  00 00 00 00 00 00 00 00  00 00 00 00 00 00 00 00  |................|
810180:  00 00 00 00 00 00 00 00  00 00 00 00 00 00 00 00  |................|
810190:  00 00 00 00 00 00 00 00  00 00 00 00 00 00 00 00  |................|
8101A0:  00 00 00 00 00 00 00 00  00 00 00 00 00 00 00 00  |................|
8101B0:  00 00 00 00 00 00 00 00  00 00 00 00 00 00 00 00  |................|
8101C0:  00 00 00 00 00 00 00 00  00 00 00 00 00 00 00 00  |................|
8101D0:  00 00 00 00 00 00 00 00  00 00 00 00 00 00 00 00  |................|
8101E0:  00 00 00 00 00 00 00 00  00 00 00 00 00 00 00 00  |................|
8101F0:  00 00 00 00 00 00 00 00  00 00 00 00 00 00 00 00  |................|
810200:  00 00 00 00 00 00 00 00  00 00 00 00 00 00 00 00  |................|
810210:  00 00 00 00 00 00 00 00  00 00 00 00 00 00 00 00  |................|
810220:  00 00 00 00 00 00 00 00  00 00 00 00 00 00 00 00  |................|
810230:  00 00 00 00 00 00 00 00  00 00 00 00 00 00 00 00  |................|
810240:  00 00 00 00 00 00 00 00  00 00 00 00 00 0C 00 00  |................|
810250:  00 00 00 00 00 00 00 00  00 00 00 00 00 00 00 00  |................|
810260:  00 00 00 00 00 00 00 00  00 00 00 00 00 00 00 00  |................|
810270:  00 00 00 00 00 00 00 00  00 00 00 00 00 00 00 00  |................|
810280:  00 00 00 00 00 00 00 00  00 00 00 00 00 00 00 00  |................|
810290:  00 00 00 00 00 00 00 00  00 00 00 00 00 00 00 00  |................|
8102A0:  00 00 00 00 00 00 00 00  00 00 00 00 00 00 00 00  |................|
8102B0:  00 00 00 00 00 00 00 00  00 00 00 00 00 00 00 00  |................|
8102C0:  00 00 00 00 00 00 00 00  00 00 00 00 00 00 00 00  |................|
8102D0:  00 00 00 00 00 00 00 00  00 00 00 00 00 00 00 00  |................|
8102E0:  00 00 00 00 00 00 00 00  00 00 00 00 00 00 00 00  |................|
8102F0:  00 00 00 00 00 00 00 00  00 00 00 00 00 00 00 00  |................|
810300:  00 00 00 00 00 00 00 00  00 00 00 00 00 00 00 00  |................|
810310:  00 00 00 00 00 00 00 00  00 00 00 00 00 00 00 00  |................|
810320:  00 00 00 00 00 00 00 00  00 00 00 00 00 00 00 00  |................|
810330:  00 00 00 00 00 00 00 00  00 00 00 00 00 00 00 00  |................|
810340:  00 00 00 00 00 00 00 00  00 00 00 00 00 00 00 00  |................|
810350:  00 00 00 00 00 00 00 00  00 00 00 00 00 00 00 00  |................|
810360:  00 00 00 00 00 00 00 00  00 00 00 00 00 00 00 00  |................|
810370:  00 00 00 00 00 00 00 00  00 00 00 00 00 00 00 00  |................|
810380:  00 00 00 00 00 00 00 00  00 00 00 00 00 00 00 00  |................|
810390:  00 00 00 00 00 00 00 00  00 00 00 00 00 00 00 00  |................|
8103A0:  00 00 00 00 00 00 00 00  00 00 00 00 00 00 00 00  |................|
8103B0:  00 00 00 00 00 00 00 00  00 00 00 00 00 00 00 00  |................|
8103C0:  00 00 00 00 00 00 00 00  00 00 00 00 00 00 00 00  |................|
8103D0:  00 00 00 00 00 CE D3 03  D0 03 A9 FF 60 C2 20 A5  |............`. .|
8103E0:  2C 38 E9 00 00 85 DC A9  00 10 85 2C E2 20 80 40  |,8.........,. .@|
8103F0:  C2 30 A4 2C 98 18 65 3B  85 2C A6 38 8A 18 65 3B  |.0.,..e;.,.8..e;|
810400:  85 38 A5 3B E9 00 00 54  7F 00 E2 30 A0 00 5A AB  |.8.;...T...0..Z.|
810410:  AD 37 21 AD 3D 21 EB AD  3D 21 29 01 EB C2 20 C9  |.7!.=!..=!)... .|
810420:  E2 00 B0 0A C9 DC 00 90  05 E2 20 A9 01 60 E2 20  |.......... ..`. |
810430:  E6 35 D0 02 E6 36 B7 35  AA F0 9A 10 0E 29 1F 85  |.5...6.5.....)..|
810440:  3C E6 35 D0 02 E6 36 B7  35 80 04 64 3C 29 1F 85  |<.5...6.5..d<)..|
810450:  3B 8A 29 60 F0 9A C9 20  D0 0A B7 38 E6 38 D0 0A  |;.)`... ...8.8..|
810460:  E6 39 80 06 29 20 F0 02  A9 FF C2 10 A6 3B CA 4C  |.9..) .......;.L|
810470:  2B 00 C2 20 E2 10 A5 2C  18 65 3B 85 2C E2 30 80  |+.. ...,.e;.,.0.|
810480:  8F 00 00 00 00 00 00 00  00 00 00 00 00 00 00 00  |................|
810490:  00 00 00 00 00 00 00 00  00 00 00 00 00 00 00 00  |................|
8104A0:  00 00 00 00 00 00 00 00  00 00 00 00 00 00 00 00  |................|
8104B0:  00 00 00 00 00 00 00 00  00 00 00 00 00 00 00 00  |................|
8104C0:  00 00 00 00 00 00 00 00  00 00 00 00 00 00 00 00  |................|
8104D0:  00 00 00 00 00 00 00 00  00 00 00 00 00 00 00 00  |................|
8104E0:  00 00 00 00 00 00 00 00  00 00 00 00 00 00 00 00  |................|
8104F0:  00 00 00 00 00 00 00 00  00 00 00 00 00 00 00 00  |................|
810500:  00 00 00 00 00 00 00 00  00 00 00 00 00 00 00 00  |................|
810510:  00 00 00 00 00 00 00 00  00 00 00 00 00 00 00 00  |................|
810520:  00 00 00 00 00 00 00 00  00 00 00 00 00 00 00 00  |................|
810530:  00 00 00 00 00 00 00 00  00 00 00 00 00 00 00 00  |................|
810540:  00 00 00 00 00 00 00 00  00 00 00 00 00 00 00 00  |................|
810550:  00 00 00 00 00 00 00 00  00 00 00 00 00 00 00 00  |................|
810560:  00 00 00 00 00 00 00 00  00 00 00 00 00 00 00 00  |................|
810570:  00 00 00 00 00 00 00 00  00 00 00 00 00 00 00 00  |................|
810580:  00 00 00 00 00 00 00 00  00 00 00 00 00 00 00 00  |................|
810590:  00 00 00 00 00 00 00 00  00 00 00 00 00 00 00 00  |................|
8105A0:  00 00 00 00 00 00 00 00  00 00 00 00 00 00 00 00  |................|
8105B0:  00 00 00 00 00 00 00 00  00 00 00 00 00 00 00 00  |................|
8105C0:  00 00 00 00 00 00 00 00  00 00 00 00 00 00 00 00  |................|
8105D0:  00 00 00 00 00 00 00 00  00 00 00 00 00 00 00 00  |................|
8105E0:  00 00 00 00 00 00 00 00  00 00 00 00 00 00 00 00  |................|
8105F0:  00 00 00 00 00 00 00 00  00 00 00 00 00 00 00 00  |................|
810600:  00 00 00 00 00 00 00 00  00 00 00 00 00 00 00 00  |................|
810610:  00 00 00 00 00 00 00 00  00 00 00 00 00 00 00 00  |................|
810620:  00 00 00 00 00 00 00 00  00 00 00 00 00 00 00 00  |................|
810630:  00 00 00 00 00 00 00 00  00 00 00 00 00 00 00 00  |................|
810640:  00 00 00 00 00 00 00 00  00 00 00 00 00 00 00 00  |................|
810650:  00 00 00 00 00 00 00 00  00 00 00 00 00 00 00 00  |................|
810660:  00 00 00 00 00 00 00 00  00 00 00 00 00 00 00 00  |................|
810670:  00 00 00 00 00 00 00 00  00 00 00 00 00 00 00 00  |................|
810680:  00 00 00 00 00 00 00 00  00 00 00 00 00 00 00 00  |................|
810690:  00 00 00 00 00 00 00 00  00 00 00 00 00 00 00 00  |................|
8106A0:  00 00 00 00 00 00 00 00  00 00 00 00 00 00 00 00  |................|
8106B0:  00 00 00 00 00 00 00 00  00 00 00 00 00 00 00 00  |................|
8106C0:  00 00 00 00 00 00 00 00  00 00 00 00 00 00 00 00  |................|
8106D0:  00 00 00 00 00 00 00 00  00 00 00 00 00 00 00 00  |................|
8106E0:  00 00 00 00 00 00 00 00  00 00 00 00 00 00 00 00  |................|
8106F0:  00 00 00 00 00 00 00 00  00 00 00 00 00 00 00 00  |................|
810700:  00 00 00 00 00 00 00 00  00 00 00 00 00 00 00 00  |................|
810710:  00 00 00 00 00 00 00 00  00 00 00 00 00 00 00 00  |................|
810720:  00 00 00 00 00 00 00 00  00 00 00 00 00 00 00 00  |................|
810730:  00 00 00 00 00 00 00 00  00 00 00 00 00 00 00 00  |................|
810740:  00 00 00 00 00 00 00 00  00 00 00 00 00 00 00 00  |................|
810750:  00 00 00 00 00 00 00 00  00 00 00 00 00 00 00 00  |................|
810760:  00 00 00 00 00 00 00 00  00 00 00 00 00 00 00 00  |................|
810770:  00 00 00 00 00 00 00 00  00 00 00 00 00 00 00 00  |................|
810780:  00 00 00 00 00 00 00 00  00 00 00 00 00 00 00 00  |................|
810790:  00 00 00 00 00 00 00 00  00 00 00 00 00 00 00 00  |................|
8107A0:  00 00 00 00 00 00 00 00  00 00 00 00 00 00 00 00  |................|
8107B0:  00 00 00 00 00 00 00 00  00 00 00 00 00 00 00 00  |................|
8107C0:  00 00 00 00 00 00 00 00  00 00 00 00 00 00 00 00  |................|
8107D0:  00 00 00 00 00 00 00 00  00 00 00 00 00 00 00 00  |................|
8107E0:  00 00 00 00 00 00 00 00  00 00 00 00 00 00 00 00  |................|
8107F0:  00 00 00 00 00 00 00 00  00 00 00 00 00 00 00 00  |................|
810800:  00 00 00 00 00 00 00 00  00 00 00 00 00 00 00 00  |................|
810810:  00 00 00 00 00 00 00 00  00 00 00 00 00 00 00 00  |................|
810820:  00 00 00 00 00 00 00 00  00 00 00 00 00 00 00 00  |................|
810830:  00 00 00 00 00 00 00 00  00 00 00 00 00 00 00 00  |................|
810840:  00 00 00 00 00 00 00 00  00 00 00 00 00 00 00 00  |................|
810850:  00 00 00 00 00 00 00 00  00 00 00 00 00 00 00 00  |................|
810860:  00 00 00 00 00 00 00 00  00 00 00 00 00 00 00 00  |................|
810870:  00 00 00 00 00 00 00 00  00 00 00 00 00 00 00 00  |................|
810880:  00 00 00 00 00 00 00 00  00 00 00 00 00 00 00 00  |................|
810890:  00 00 00 00 00 00 00 00  00 00 00 00 00 00 00 00  |................|
8108A0:  00 00 00 00 00 00 00 00  00 00 00 00 00 00 00 00  |................|
8108B0:  00 00 00 00 00 00 00 00  00 00 00 00 00 00 00 00  |................|
8108C0:  00 00 00 00 00 00 00 00  00 00 00 00 00 00 00 00  |................|
8108D0:  00 00 00 00 00 00 00 00  00 00 00 00 00 00 00 00  |................|
8108E0:  00 00 00 00 00 00 00 00  00 00 00 00 00 00 00 00  |................|
8108F0:  00 00 00 00 00 00 00 00  00 00 00 00 00 00 00 00  |................|
810900:  00 00 00 00 00 00 00 00  00 00 00 00 00 00 00 00  |................|
810910:  00 00 00 00 00 00 00 00  00 00 00 00 00 00 00 00  |................|
810920:  00 00 00 00 00 00 00 00  00 00 00 00 00 00 00 00  |................|
810930:  00 00 00 00 00 00 00 00  00 00 00 00 00 00 00 00  |................|
810940:  00 00 00 00 00 00 00 00  00 00 00 00 00 00 00 00  |................|
810950:  00 00 00 00 00 00 00 00  00 00 00 00 00 00 00 00  |................|
810960:  00 00 00 00 00 00 00 00  00 00 00 00 00 00 00 00  |................|
810970:  00 00 00 00 00 00 00 00  00 00 00 00 00 00 00 00  |................|
810980:  00 00 00 00 00 00 00 00  00 00 00 00 00 00 00 00  |................|
810990:  00 00 00 00 00 00 00 00  00 00 00 00 00 00 00 00  |................|
8109A0:  00 00 00 00 00 00 00 00  00 00 00 00 00 00 00 00  |................|
8109B0:  00 00 00 00 00 00 00 00  00 00 00 00 00 00 00 00  |................|
8109C0:  00 00 00 00 00 00 00 00  00 00 00 00 00 00 00 00  |................|
8109D0:  00 00 00 00 00 00 00 00  00 00 00 00 00 00 00 00  |................|
8109E0:  00 00 00 00 00 00 00 00  00 00 00 00 00 00 00 00  |................|
8109F0:  00 00 00 00 00 00 00 00  00 00 00 00 00 00 00 00  |................|
810A00:  00 00 00 00 00 00 00 00  00 00 00 00 00 00 00 00  |................|
810A10:  00 00 00 00 00 00 00 00  00 00 00 00 00 00 00 00  |................|
810A20:  00 00 00 00 00 00 00 00  00 00 00 00 00 00 00 00  |................|
810A30:  00 00 00 00 00 00 00 00  00 00 00 00 00 00 00 00  |................|
810A40:  00 00 00 00 00 00 00 00  00 00 00 00 00 00 00 00  |................|
810A50:  00 00 00 00 00 00 00 00  00 00 00 00 00 00 00 00  |................|
810A60:  00 00 00 00 00 00 00 00  00 00 00 00 00 00 00 00  |................|
810A70:  00 00 00 00 00 00 00 00  00 00 00 00 00 00 00 00  |................|
810A80:  00 00 00 00 00 00 00 00  00 00 00 00 00 00 00 00  |................|
810A90:  00 00 00 00 00 00 00 00  00 00 00 00 00 00 00 00  |................|
810AA0:  00 00 00 00 00 00 00 00  00 00 00 00 00 00 00 00  |................|
810AB0:  00 00 00 00 00 00 00 00  00 00 00 00 00 00 00 00  |................|
810AC0:  00 00 00 00 00 00 00 00  00 00 00 00 00 00 00 00  |................|
810AD0:  00 00 00 00 00 00 00 00  00 00 00 00 00 00 00 00  |................|
810AE0:  00 00 00 00 00 00 00 00  00 00 00 00 00 00 00 00  |................|
810AF0:  00 00 00 00 00 00 00 00  00 00 00 00 00 00 00 00  |................|
810B00:  00 00 00 00 00 00 00 00  00 00 00 00 00 00 00 00  |................|
810B10:  00 00 00 00 00 00 00 00  00 00 00 00 00 00 00 00  |................|
810B20:  00 00 00 00 00 00 00 00  00 00 00 00 00 00 00 00  |................|
810B30:  00 00 00 00 00 00 00 00  00 00 00 00 00 00 00 00  |................|
810B40:  00 00 00 00 00 00 00 00  00 00 00 00 00 00 00 00  |................|
810B50:  00 00 00 00 00 00 00 00  00 00 00 00 00 00 00 00  |................|
810B60:  00 00 00 00 00 00 00 00  00 00 00 00 00 00 00 00  |................|
810B70:  00 00 00 00 00 00 00 00  00 00 00 00 00 00 00 00  |................|
810B80:  00 00 00 00 00 00 00 00  00 00 00 00 00 00 00 00  |................|
810B90:  00 00 00 00 00 00 00 00  00 00 00 00 00 00 00 00  |................|
810BA0:  00 00 00 00 00 00 00 00  00 00 00 00 00 00 00 00  |................|
810BB0:  00 00 00 00 00 00 00 00  00 00 00 00 00 00 00 00  |................|
810BC0:  00 00 00 00 00 00 00 00  00 00 00 00 00 00 00 00  |................|
810BD0:  00 00 00 00 00 00 00 00  00 00 00 00 00 00 00 00  |................|
810BE0:  00 00 00 00 00 00 00 00  00 00 00 00 00 00 00 00  |................|
810BF0:  00 00 00 00 00 00 00 00  00 00 00 00 00 00 00 00  |................|
810C00:  00 00 00 00 00 00 00 00  00 00 00 00 00 00 00 00  |................|
810C10:  00 00 00 00 00 00 00 00  00 00 00 00 00 00 00 00  |................|
810C20:  00 00 00 00 00 00 00 00  00 00 00 00 00 00 00 00  |................|
810C30:  00 00 00 00 00 00 00 00  00 00 00 00 00 00 00 00  |................|
810C40:  00 00 00 00 00 00 00 00  00 00 00 00 00 00 00 00  |................|
810C50:  00 00 00 00 00 00 00 00  00 00 00 00 00 00 00 00  |................|
810C60:  00 00 00 00 00 00 00 00  00 00 00 00 00 00 00 00  |................|
810C70:  00 00 00 00 00 00 00 00  00 00 00 00 00 00 00 00  |................|
810C80:  00 00 00 00 00 00 00 00  00 00 00 00 00 00 00 00  |................|
810C90:  00 00 00 00 00 00 00 00  00 00 00 00 00 00 00 00  |................|
810CA0:  00 00 00 00 00 00 00 00  00 00 00 00 00 00 00 00  |................|
810CB0:  00 00 00 00 00 00 00 00  00 00 00 00 00 00 00 00  |................|
810CC0:  00 00 00 00 00 00 00 00  00 00 00 00 00 00 00 00  |................|
810CD0:  00 00 00 00 00 00 00 00  00 00 00 00 00 00 00 00  |................|
810CE0:  00 00 00 00 00 00 00 00  00 00 00 00 00 00 00 00  |................|
810CF0:  00 00 00 00 00 00 00 00  00 00 00 00 00 00 00 00  |................|
810D00:  00 00 00 00 00 00 00 00  00 00 00 00 00 00 00 00  |................|
810D10:  00 00 00 00 00 00 00 00  00 00 00 00 00 00 00 00  |................|
810D20:  00 00 00 00 00 00 00 00  00 00 00 00 00 00 00 00  |................|
810D30:  00 00 00 00 00 00 00 00  00 00 00 00 00 00 00 00  |................|
810D40:  00 00 00 00 00 00 00 00  00 00 00 00 00 00 00 00  |................|
810D50:  00 00 00 00 00 00 00 00  00 00 00 00 00 00 00 00  |................|
810D60:  00 00 00 00 00 00 00 00  00 00 00 00 00 00 00 00  |................|
810D70:  00 00 00 00 00 00 00 00  00 00 00 00 00 00 00 00  |................|
810D80:  00 00 00 00 00 00 00 00  00 00 00 00 00 00 00 00  |................|
810D90:  00 00 00 00 00 00 00 00  00 00 00 00 00 00 00 00  |................|
810DA0:  00 00 00 00 00 00 00 00  00 00 00 00 00 00 00 00  |................|
810DB0:  00 00 00 00 00 00 00 00  00 00 00 00 00 00 00 00  |................|
810DC0:  00 00 00 00 00 00 00 00  00 00 00 00 00 00 00 00  |................|
810DD0:  00 00 00 00 00 00 00 00  00 00 00 00 00 00 00 00  |................|
810DE0:  00 00 00 00 00 00 00 00  00 00 00 01 00 00 00 00  |................|
810DF0:  00 00 00 00 00 00 00 00  00 00 00 00 00 00 00 00  |................|
810E00:  00 00 00 00 00 00 00 00  00 00 00 00 00 00 00 00  |................|
810E10:  00 00 00 00 00 00 00 00  00 00 00 00 00 00 00 00  |................|
810E20:  00 00 00 00 00 00 00 00  00 00 00 00 00 00 00 00  |................|
810E30:  00 00 00 00 00 00 00 00  00 00 00 00 00 00 00 00  |................|
810E40:  00 00 00 00 00 00 00 00  00 00 00 00 00 00 00 00  |................|
810E50:  00 00 00 00 00 00 00 00  00 00 00 00 00 00 00 00  |................|
810E60:  00 00 00 00 00 00 00 00  00 00 00 00 00 00 00 00  |................|
810E70:  00 00 00 00 00 00 00 00  00 00 00 00 00 00 00 00  |................|
810E80:  00 00 00 00 00 00 00 00  00 00 00 00 00 00 00 00  |................|
810E90:  00 00 00 00 00 00 00 00  00 00 00 00 00 00 00 00  |................|
810EA0:  00 00 00 00 00 00 00 00  00 00 00 00 00 00 00 00  |................|
810EB0:  00 00 00 00 00 00 00 00  00 00 00 00 00 00 00 00  |................|
810EC0:  00 00 00 00 00 00 00 00  00 00 00 00 00 00 00 00  |................|
810ED0:  00 00 00 00 00 00 00 00  00 00 00 00 00 00 00 00  |................|
810EE0:  00 00 00 00 00 00 00 00  00 00 00 00 00 00 00 00  |................|
810EF0:  00 00 00 00 00 00 00 00  00 00 00 00 00 00 00 00  |................|
810F00:  00 00 00 00 00 00 00 00  00 00 00 00 00 00 00 00  |................|
810F10:  00 00 00 00 00 00 00 00  00 00 00 00 00 00 00 00  |................|
810F20:  00 00 00 00 00 00 00 00  00 00 00 00 00 00 00 00  |................|
810F30:  00 00 00 00 00 00 00 00  00 00 00 00 00 00 00 00  |................|
810F40:  00 00 00 00 00 00 00 00  00 00 00 00 00 00 00 00  |................|
810F50:  00 00 00 00 00 00 00 00  00 00 00 00 00 00 00 00  |................|
810F60:  00 00 00 00 00 00 00 00  00 00 00 00 00 00 00 00  |................|
810F70:  00 00 00 00 00 00 00 00  00 00 00 00 00 00 00 00  |................|
810F80:  00 00 00 00 00 00 00 00  00 00 00 00 00 00 00 00  |................|
810F90:  00 00 00 00 00 00 00 00  00 00 00 00 00 00 00 00  |................|
810FA0:  00 00 00 00 00 00 00 00  00 00 00 00 00 00 00 00  |................|
810FB0:  00 00 00 00 00 00 00 00  00 00 00 00 00 00 00 00  |................|
810FC0:  00 00 00 00 00 00 00 00  00 00 00 00 00 00 00 00  |................|
810FD0:  00 00 00 00 00 00 00 00  00 00 00 00 00 00 00 00  |................|
810FE0:  00 00 00 00 00 00 00 00  00 00 00 00 00 00 00 00  |................|
810FF0:  00 00 00 00 00 00 00 00  00 00 00 00 00 00 00 00  |................|
811000:  00 00 00 00 00 00 00 00  00 00 00 00 00 00 00 00  |................|
811010:  00 00 00 00 00 00 00 00  00 00 00 00 00 00 00 00  |................|
811020:  00 00 00 00 00 00 00 00  00 00 00 00 00 00 00 00  |................|
811030:  00 00 00 00 00 00 00 00  00 00 00 00 00 00 00 00  |................|
811040:  00 00 00 00 00 00 00 00  00 00 00 00 00 00 00 00  |................|
811050:  00 00 00 00 00 00 00 00  00 00 00 00 00 00 00 00  |................|
811060:  00 00 00 00 00 00 00 00  00 00 00 00 00 00 00 00  |................|
811070:  00 00 00 00 00 00 00 00  00 00 00 00 00 00 00 00  |................|
811080:  00 00 00 00 00 00 00 00  00 00 00 00 00 00 00 00  |................|
811090:  00 00 00 00 00 00 00 00  00 00 00 00 00 00 00 00  |................|
8110A0:  00 00 00 00 00 00 00 00  00 00 00 00 00 00 00 00  |................|
8110B0:  00 00 00 00 00 00 00 00  00 00 00 00 00 00 00 00  |................|
8110C0:  00 00 00 00 00 00 00 00  00 00 00 00 00 00 00 00  |................|
8110D0:  00 00 00 00 00 00 00 00  00 00 00 00 00 00 00 00  |................|
8110E0:  00 00 00 00 00 00 00 00  00 00 00 00 00 00 00 00  |................|
8110F0:  00 00 00 00 00 00 00 00  00 00 00 00 00 00 00 00  |................|
811100:  00 00 00 00 00 00 00 00  00 00 00 00 00 00 00 00  |................|
811110:  00 00 00 00 00 00 00 00  00 00 00 00 00 00 00 00  |................|
811120:  00 00 00 00 00 00 00 00  00 00 00 00 00 00 00 00  |................|
811130:  00 00 00 00 00 00 00 00  00 00 00 00 00 00 00 00  |................|
811140:  00 00 00 00 00 00 00 00  00 00 00 00 00 00 00 00  |................|
811150:  00 00 00 00 00 00 00 00  00 00 00 00 00 00 00 00  |................|
811160:  00 00 00 00 00 00 00 00  00 00 00 00 00 00 00 00  |................|
811170:  00 00 00 00 00 00 00 00  00 00 00 00 00 00 00 00  |................|
811180:  00 00 00 00 00 00 00 00  00 00 00 00 00 00 00 00  |................|
811190:  00 00 00 00 00 00 00 00  00 00 00 00 00 00 00 00  |................|
8111A0:  00 00 00 00 00 00 00 00  00 00 00 00 00 00 00 00  |................|
8111B0:  00 00 00 00 00 00 00 00  00 00 00 00 00 00 00 00  |................|
8111C0:  00 00 00 00 00 00 00 00  00 00 00 00 00 00 00 00  |................|
8111D0:  00 00 00 00 00 00 00 00  00 00 00 00 00 00 00 00  |................|
8111E0:  00 00 00 00 00 00 00 00  00 00 00 00 00 00 00 00  |................|
8111F0:  00 00 00 00 00 00 00 00  00 00 00 00 00 00 00 00  |................|
811200:  00 00 00 00 00 00 00 00  00 00 00 00 00 00 00 00  |................|
811210:  00 00 00 00 00 00 00 00  00 00 00 00 00 00 00 00  |................|
811220:  00 00 00 00 00 00 00 00  00 00 00 00 00 00 00 00  |................|
811230:  00 00 00 00 00 00 00 00  00 00 00 00 00 00 00 00  |................|
811240:  00 00 00 00 00 00 00 00  00 00 00 00 00 00 00 00  |................|
811250:  00 00 00 00 00 00 00 00  00 00 00 00 00 00 00 00  |................|
811260:  00 00 00 00 00 00 00 00  00 00 00 00 00 00 00 00  |................|
811270:  00 00 00 00 00 00 00 00  00 00 00 00 00 00 00 00  |................|
811280:  00 00 00 00 00 00 00 00  00 00 00 00 00 00 00 00  |................|
811290:  00 00 00 00 00 00 00 00  00 00 00 00 00 00 00 00  |................|
8112A0:  00 00 00 00 00 00 00 00  00 00 00 00 00 00 00 00  |................|
8112B0:  00 00 00 00 00 00 00 00  00 00 00 00 00 00 00 00  |................|
8112C0:  00 00 00 00 00 00 00 00  00 00 00 00 00 00 00 00  |................|
8112D0:  00 00 00 00 00 00 00 00  00 00 00 00 00 00 00 00  |................|
8112E0:  00 00 00 00 00 00 00 00  00 00 00 00 00 00 00 00  |................|
8112F0:  00 00 00 00 00 00 00 00  00 00 00 00 00 00 00 00  |................|
811300:  00 00 00 00 00 00 00 00  00 00 00 00 00 00 00 00  |................|
811310:  00 00 00 00 00 00 00 00  00 00 00 00 00 00 00 00  |................|
811320:  00 00 00 00 00 00 00 00  00 00 00 00 00 00 00 00  |................|
811330:  00 00 00 00 00 00 00 00  00 00 00 00 00 00 00 00  |................|
811340:  00 00 00 00 00 00 00 00  00 00 00 00 00 00 00 00  |................|
811350:  00 00 00 00 00 00 00 00  00 00 00 00 00 00 00 00  |................|
811360:  00 00 00 00 00 00 00 00  00 00 00 00 00 00 00 00  |................|
811370:  00 00 00 00 00 00 00 00  00 00 00 00 00 00 00 00  |................|
811380:  00 00 00 00 00 00 00 00  00 00 00 00 00 00 00 00  |................|
811390:  00 00 00 00 00 00 00 00  00 00 00 00 00 00 00 00  |................|
8113A0:  00 00 00 00 00 00 00 00  00 00 00 00 00 00 00 00  |................|
8113B0:  00 00 00 00 00 00 00 00  00 00 00 00 00 00 00 00  |................|
8113C0:  00 00 00 00 00 00 00 00  00 00 00 00 00 00 00 00  |................|
8113D0:  00 00 00 00 00 00 00 00  00 00 00 00 00 00 00 00  |................|
8113E0:  00 00 00 00 00 00 00 00  00 00 00 00 00 00 00 00  |................|
8113F0:  00 00 00 00 00 00 00 00  00 00 00 00 00 00 00 00  |................|
811400:  00 00 00 00 00 00 00 00  00 00 00 00 00 00 00 00  |................|
811410:  00 00 00 00 00 00 00 00  00 00 00 00 00 00 00 00  |................|
811420:  00 00 00 00 00 00 00 00  00 00 00 00 00 00 00 00  |................|
811430:  00 00 00 00 00 00 00 00  00 00 00 00 00 00 00 00  |................|
811440:  00 00 00 00 00 00 00 00  00 00 00 00 00 00 00 00  |................|
811450:  00 00 00 00 00 00 00 00  00 00 00 00 00 00 00 00  |................|
811460:  00 00 00 00 00 00 00 00  00 00 00 00 00 00 00 00  |................|
811470:  00 00 00 00 00 00 00 00  00 00 00 00 00 00 00 00  |................|
811480:  00 00 00 00 00 00 00 00  00 00 00 00 00 00 00 00  |................|
811490:  00 00 00 00 00 00 00 00  00 00 00 00 00 00 00 00  |................|
8114A0:  00 00 00 00 00 00 00 00  00 00 00 00 00 00 00 00  |................|
8114B0:  00 00 00 00 00 00 00 00  00 00 00 00 00 00 00 00  |................|
8114C0:  00 00 00 00 00 00 00 00  00 00 00 00 00 00 00 00  |................|
8114D0:  00 00 00 00 00 00 00 00  00 00 00 00 00 00 00 00  |................|
8114E0:  00 00 00 00 00 00 00 00  00 00 00 00 00 00 00 00  |................|
8114F0:  00 00 00 00 00 00 00 00  00 00 00 00 00 00 00 00  |................|
811500:  00 00 00 00 00 00 00 00  00 00 00 00 00 00 00 00  |................|
811510:  00 00 00 00 00 00 00 00  00 00 00 00 00 00 00 00  |................|
811520:  00 00 00 00 00 00 00 00  00 00 00 00 00 00 00 00  |................|
811530:  00 00 00 00 00 00 00 00  00 00 00 00 00 00 00 00  |................|
811540:  00 00 00 00 00 00 00 00  00 00 00 00 00 00 00 00  |................|
811550:  00 00 00 00 00 00 00 00  00 00 00 00 00 00 00 00  |................|
811560:  00 00 00 00 00 00 00 00  00 00 00 00 00 00 00 00  |................|
811570:  00 00 00 00 00 00 00 00  00 00 00 00 00 00 00 00  |................|
811580:  00 00 00 00 00 00 00 00  00 00 00 00 00 00 00 00  |................|
811590:  00 00 00 00 00 00 00 00  00 00 00 00 00 00 00 00  |................|
8115A0:  00 00 00 00 00 00 00 00  00 00 00 00 00 00 00 00  |................|
8115B0:  00 00 00 00 00 00 00 00  00 00 00 00 00 00 00 00  |................|
8115C0:  00 00 00 00 00 00 00 00  00 00 00 00 00 00 00 00  |................|
8115D0:  00 00 00 00 00 00 00 00  00 00 00 00 00 00 00 00  |................|
8115E0:  00 00 00 00 00 00 00 00  00 00 00 00 00 00 00 00  |................|
8115F0:  00 00 00 00 00 00 00 00  00 00 00 00 00 00 00 00  |................|
811600:  00 00 00 00 00 00 00 00  00 00 00 00 00 00 00 00  |................|
811610:  00 00 00 00 00 00 00 00  00 00 00 00 00 00 00 00  |................|
811620:  00 00 00 00 00 00 00 00  00 00 00 00 00 00 00 00  |................|
811630:  00 00 00 00 00 00 00 00  00 00 00 00 00 00 00 00  |................|
811640:  00 00 00 00 00 00 00 00  00 00 00 00 00 00 00 00  |................|
811650:  00 00 00 00 00 00 00 00  00 00 00 00 00 00 00 00  |................|
811660:  00 00 00 00 00 00 00 00  00 00 00 00 00 00 00 00  |................|
811670:  00 00 00 00 00 00 00 00  00 00 00 00 00 00 00 00  |................|
811680:  00 00 00 00 00 00 00 00  00 00 00 00 00 00 00 00  |................|
811690:  00 00 00 00 00 00 00 00  00 00 00 00 00 00 00 00  |................|
8116A0:  00 00 00 00 00 00 00 00  00 00 00 00 00 00 00 00  |................|
8116B0:  00 00 00 00 00 00 00 00  00 00 00 00 00 00 00 00  |................|
8116C0:  00 00 00 00 00 00 00 00  00 00 00 00 00 00 00 00  |................|
8116D0:  00 00 00 00 00 00 00 00  00 00 00 00 00 00 00 00  |................|
8116E0:  00 00 00 00 00 00 00 00  00 00 00 00 00 00 00 00  |................|
8116F0:  00 00 00 00 00 00 00 00  00 00 00 00 00 00 00 00  |................|
811700:  00 00 00 00 00 00 00 00  00 00 00 00 00 00 00 00  |................|
811710:  00 00 00 00 00 00 00 00  00 00 00 00 00 00 00 00  |................|
811720:  00 00 00 00 00 00 00 00  00 00 00 00 00 00 00 00  |................|
811730:  00 00 00 00 00 00 00 00  00 00 00 00 00 00 00 00  |................|
811740:  00 00 00 00 00 00 00 00  00 00 00 00 00 00 00 00  |................|
811750:  00 00 00 00 00 00 00 00  00 00 00 00 00 00 00 00  |................|
811760:  00 00 00 00 00 00 00 00  00 00 00 00 00 00 00 00  |................|
811770:  00 00 00 00 00 00 00 00  00 00 00 00 00 00 00 00  |................|
811780:  00 00 00 00 00 00 00 00  00 00 00 00 00 00 00 00  |................|
811790:  00 00 00 00 00 00 00 00  00 00 00 00 00 00 00 00  |................|
8117A0:  00 00 00 00 00 00 00 00  00 00 00 00 00 00 00 00  |................|
8117B0:  00 00 00 00 00 00 00 00  00 00 00 00 00 00 00 00  |................|
8117C0:  00 00 00 00 00 00 00 00  00 00 00 00 00 00 00 00  |................|
8117D0:  00 00 00 00 00 00 00 00  00 00 00 00 00 00 00 00  |................|
8117E0:  00 00 00 00 00 00 00 00  00 00 00 00 00 00 00 00  |................|
8117F0:  00 00 00 00 00 00 00 00  00 00 00 00 00 00 00 00  |................|
811800:  00 00 00 00 00 00 00 00  00 00 00 00 00 00 00 00  |................|
811810:  00 00 00 00 00 00 00 00  00 00 00 00 00 00 00 00  |................|
811820:  00 00 00 00 00 00 00 00  00 00 00 00 00 00 00 00  |................|
811830:  00 00 00 00 00 00 00 00  00 00 00 00 00 00 00 00  |................|
811840:  00 00 00 00 00 00 00 00  00 00 00 00 00 00 00 00  |................|
811850:  00 00 00 00 00 00 00 00  00 00 00 00 00 00 00 00  |................|
811860:  00 00 00 00 00 00 00 00  00 00 00 00 00 00 00 00  |................|
811870:  00 00 00 00 00 00 00 00  00 00 00 00 00 00 00 00  |................|
811880:  00 00 00 00 00 00 00 00  00 00 00 00 00 00 00 00  |................|
811890:  00 00 00 00 00 00 00 00  00 00 00 00 00 00 00 00  |................|
8118A0:  00 00 00 00 00 00 00 00  00 00 00 00 00 00 00 00  |................|
8118B0:  00 00 00 00 00 00 00 00  00 00 00 00 00 00 00 00  |................|
8118C0:  00 00 00 00 00 00 00 00  00 00 00 00 00 00 00 00  |................|
8118D0:  00 00 00 00 00 00 00 00  00 00 00 00 00 00 00 00  |................|
8118E0:  00 00 00 00 00 00 00 00  00 00 00 00 00 00 00 00  |................|
8118F0:  00 00 00 00 00 00 00 00  00 00 00 00 00 00 00 00  |................|
811900:  00 00 00 00 00 00 00 00  00 00 00 00 00 00 00 00  |................|
811910:  00 00 00 00 00 00 00 00  00 00 00 00 00 00 00 00  |................|
811920:  00 00 00 00 00 00 00 00  00 00 00 00 00 00 00 00  |................|
811930:  00 00 00 00 00 00 00 00  00 00 00 00 00 00 00 00  |................|
811940:  00 00 00 00 00 00 00 00  00 00 00 00 00 00 00 00  |................|
811950:  00 00 00 00 00 00 00 00  00 00 00 00 00 00 00 00  |................|
811960:  00 00 00 00 00 00 00 00  00 00 00 00 00 00 00 00  |................|
811970:  00 00 00 00 00 00 00 00  00 00 00 00 00 00 00 00  |................|
811980:  00 00 00 00 00 00 00 00  00 00 00 00 00 00 00 00  |................|
811990:  00 00 00 00 00 00 00 00  00 00 00 00 00 00 00 00  |................|
8119A0:  00 00 00 00 00 00 00 00  00 00 00 00 00 00 00 00  |................|
8119B0:  00 00 00 00 00 00 00 00  00 00 00 00 00 00 00 00  |................|
8119C0:  00 00 00 00 00 00 00 00  00 00 00 00 00 00 00 00  |................|
8119D0:  00 00 00 00 00 00 00 00  00 00 00 00 00 00 00 00  |................|
8119E0:  00 00 00 00 00 00 00 00  00 00 00 00 00 00 00 00  |................|
8119F0:  00 00 00 00 00 00 00 00  00 00 00 00 00 00 00 00  |................|
811A00:  00 00 00 00 00 00 00 00  00 00 00 00 00 00 00 00  |................|
811A10:  00 00 00 00 00 00 00 00  00 00 00 00 00 00 00 00  |................|
811A20:  00 00 00 00 00 00 00 00  00 00 00 00 00 00 00 00  |................|
811A30:  00 00 00 00 00 00 00 00  00 00 00 00 00 00 00 00  |................|
811A40:  00 00 00 00 00 00 00 00  00 00 00 00 00 00 00 00  |................|
811A50:  00 00 00 00 00 00 00 00  00 00 00 00 00 00 00 00  |................|
811A60:  00 00 00 00 00 00 00 00  00 00 00 00 00 00 00 00  |................|
811A70:  00 00 00 00 00 00 00 00  00 00 00 00 00 00 00 00  |................|
811A80:  00 00 00 00 00 00 00 00  00 00 00 00 00 00 00 00  |................|
811A90:  00 00 00 00 00 00 00 00  00 00 00 00 00 00 00 00  |................|
811AA0:  00 00 00 00 00 00 00 00  00 00 00 00 00 00 00 00  |................|
811AB0:  00 00 00 00 00 00 00 00  00 00 00 00 00 00 00 00  |................|
811AC0:  00 00 00 00 00 00 00 00  00 00 00 00 00 00 00 00  |................|
811AD0:  00 00 00 00 00 00 00 00  00 00 00 00 00 00 00 00  |................|
811AE0:  00 00 00 00 00 00 00 00  00 00 00 00 00 00 00 00  |................|
811AF0:  00 00 00 00 00 00 00 00  00 00 00 00 00 00 00 00  |................|
811B00:  00 00 00 00 00 00 00 00  00 00 00 00 00 00 00 00  |................|
811B10:  00 00 00 00 00 00 00 00  00 00 00 00 00 00 00 00  |................|
811B20:  00 00 00 00 00 00 00 00  00 00 00 00 00 00 00 00  |................|
811B30:  00 00 00 00 00 00 00 00  00 00 00 00 00 00 00 00  |................|
811B40:  00 00 00 00 00 00 00 00  00 00 00 00 00 00 00 00  |................|
811B50:  00 00 00 00 00 00 00 00  00 00 00 00 00 00 00 00  |................|
811B60:  00 00 00 00 00 00 00 00  00 00 00 00 00 00 00 00  |................|
811B70:  00 00 00 00 00 00 00 00  00 00 00 00 00 00 00 00  |................|
811B80:  00 00 00 00 00 00 00 00  00 00 00 00 00 00 00 00  |................|
811B90:  00 00 00 00 00 00 00 00  00 00 00 00 00 00 00 00  |................|
811BA0:  00 00 00 00 00 00 00 00  00 00 00 00 00 00 00 00  |................|
811BB0:  00 00 00 00 00 00 00 00  00 00 00 00 00 00 00 00  |................|
811BC0:  00 00 00 00 00 00 00 00  00 00 00 00 00 00 00 00  |................|
811BD0:  00 00 00 00 00 00 00 00  00 00 00 00 00 00 00 00  |................|
811BE0:  00 00 00 00 00 00 00 00  00 00 00 00 00 00 00 00  |................|
811BF0:  00 00 00 00 00 00 00 00  00 00 00 00 00 00 00 00  |................|
811C00:  00 00 00 00 00 00 00 00  00 00 00 00 00 00 00 00  |................|
811C10:  00 00 00 00 00 00 00 00  00 00 00 00 00 00 00 00  |................|
811C20:  00 00 00 00 00 00 00 00  00 00 00 00 00 00 00 00  |................|
811C30:  00 00 00 00 00 00 00 00  00 00 00 00 00 00 00 00  |................|
811C40:  00 00 00 00 00 00 00 00  00 00 00 00 00 00 00 00  |................|
811C50:  00 00 00 00 00 00 00 00  00 00 00 00 00 00 00 00  |................|
811C60:  00 00 00 00 00 00 00 00  00 00 00 00 00 00 00 00  |................|
811C70:  00 00 00 00 00 00 00 00  00 00 00 00 00 00 00 00  |................|
811C80:  00 00 00 00 00 00 00 00  00 00 00 00 00 00 00 00  |................|
811C90:  00 00 00 00 00 00 00 00  00 00 00 00 00 00 00 00  |................|
811CA0:  00 00 00 00 00 00 00 00  00 00 00 00 00 00 00 00  |................|
811CB0:  00 00 00 00 00 00 00 00  00 00 00 00 00 00 00 00  |................|
811CC0:  00 00 00 00 00 00 00 00  00 00 00 00 00 00 00 00  |................|
811CD0:  00 00 00 00 00 00 00 00  00 00 00 00 00 00 00 00  |................|
811CE0:  00 00 00 00 00 00 00 00  00 00 00 00 00 00 00 00  |................|
811CF0:  00 00 00 00 00 00 00 00  00 00 00 00 00 00 00 00  |................|
811D00:  00 00 00 00 00 00 00 00  00 00 00 00 00 00 00 00  |................|
811D10:  00 00 00 00 00 00 00 00  00 00 00 00 00 00 00 00  |................|
811D20:  00 00 00 00 00 00 00 00  00 00 00 00 00 00 00 00  |................|
811D30:  00 00 00 00 00 00 00 00  00 00 00 00 00 00 00 00  |................|
811D40:  00 00 00 00 00 00 00 00  00 00 00 00 00 00 00 00  |................|
811D50:  00 00 00 00 00 00 00 00  00 00 00 00 00 00 00 00  |................|
811D60:  00 00 00 00 00 00 00 00  00 00 00 00 00 00 00 00  |................|
811D70:  00 00 00 00 00 00 00 00  00 00 00 00 00 00 00 00  |................|
811D80:  00 00 00 00 00 00 00 00  00 00 00 00 00 00 00 00  |................|
811D90:  00 00 00 00 00 00 00 00  00 00 00 00 00 00 00 00  |................|
811DA0:  00 00 00 00 00 00 00 00  00 00 00 00 00 00 00 00  |................|
811DB0:  00 00 00 00 00 00 00 00  00 00 00 00 00 00 00 00  |................|
811DC0:  00 00 00 00 00 00 00 00  00 00 00 00 00 00 00 00  |................|
811DD0:  00 00 00 00 00 00 00 00  00 00 00 00 00 00 00 00  |................|
811DE0:  00 00 00 00 00 00 00 00  00 00 00 00 00 00 00 00  |................|
811DF0:  00 00 00 00 00 00 00 00  00 00 00 00 00 00 00 00  |................|
811E00:  00 00 00 00 00 00 00 00  00 00 00 00 00 00 00 00  |................|
811E10:  00 00 00 00 00 00 00 00  00 00 00 00 00 00 00 00  |................|
811E20:  00 00 00 00 00 00 00 00  00 00 00 00 00 00 00 00  |................|
811E30:  00 00 00 00 00 00 00 00  00 00 00 00 00 00 00 00  |................|
811E40:  00 00 00 00 00 00 00 00  00 00 00 00 00 00 00 00  |................|
811E50:  00 00 00 00 00 00 00 00  00 00 00 00 00 00 00 00  |................|
811E60:  00 00 00 00 00 00 00 00  00 00 00 00 00 00 00 00  |................|
811E70:  00 00 00 00 00 00 00 00  00 00 00 00 00 00 00 00  |................|
811E80:  00 00 00 00 00 00 00 00  00 00 00 00 00 00 00 00  |................|
811E90:  00 00 00 00 00 00 00 00  00 00 00 00 00 00 00 00  |................|
811EA0:  00 00 00 00 00 00 00 00  00 00 00 00 00 00 00 00  |................|
811EB0:  00 00 00 00 00 00 00 00  00 00 00 00 00 00 00 00  |................|
811EC0:  00 00 00 00 00 00 00 00  00 00 00 00 00 00 00 00  |................|
811ED0:  00 00 00 00 00 00 00 00  00 00 00 00 00 00 00 00  |................|
811EE0:  00 00 00 00 00 00 00 00  00 00 00 00 00 00 00 00  |................|
811EF0:  00 00 00 00 00 00 00 00  00 00 00 00 00 00 00 00  |................|
811F00:  00 00 00 00 00 00 00 00  00 00 00 00 00 00 00 00  |................|
811F10:  00 00 00 00 00 00 00 00  00 00 00 00 00 00 00 00  |................|
811F20:  00 00 00 00 00 00 00 00  00 00 00 00 00 00 00 00  |................|
811F30:  00 00 00 00 00 00 00 00  00 00 00 00 00 00 00 00  |................|
811F40:  00 00 00 00 00 00 00 00  00 00 00 00 00 00 00 00  |................|
811F50:  00 00 00 00 00 00 00 00  00 00 00 00 00 00 00 00  |................|
811F60:  00 00 00 00 00 00 00 00  00 00 00 00 00 00 00 00  |................|
811F70:  00 00 00 00 00 00 00 00  00 00 00 00 00 00 00 00  |................|
811F80:  00 00 00 00 00 00 00 00  00 00 00 00 00 00 00 00  |................|
811F90:  00 00 00 00 00 00 00 00  00 00 00 00 00 00 00 00  |................|
811FA0:  00 00 00 00 00 00 00 00  00 00 00 00 00 00 00 00  |................|
811FB0:  00 00 00 00 00 00 00 00  00 00 00 00 00 00 00 00  |................|
811FC0:  00 00 00 00 00 00 00 00  00 00 00 00 00 00 00 00  |................|
811FD0:  00 00 00 00 00 00 00 00  00 00 00 00 00 00 00 00  |................|
811FE0:  00 00 00 00 00 00 00 00  00 00 00 00 00 00 00 00  |................|
811FF0:  00 00 00 00 35 B2 A7 61  A7 DF E0 15 AF E0 D5 87  |....5..a........|
812000:  00 00 00 00 00 00 00 00  00 00 00 00 00 00 00 00  |................|
812010:  00 00 00 00 00 00 00 00  00 00 00 00 00 00 00 00  |................|
812020:  00 00 00 00 00 00 00 00  00 00 00 00 00 00 00 00  |................|
812030:  00 00 00 00 00 00 00 00  00 00 00 00 00 00 00 00  |................|
812040:  00 00 00 00 00 00 00 00  00 00 00 00 00 00 00 00  |................|
812050:  00 00 00 00 00 00 00 00  00 00 00 00 00 00 00 00  |................|
812060:  00 00 00 00 00 00 00 00  00 00 00 00 00 00 00 00  |................|
812070:  00 00 00 00 00 00 00 00  00 00 00 00 00 00 00 00  |................|
812080:  00 00 00 00 00 00 00 00  00 00 00 00 00 00 00 00  |................|
812090:  00 00 00 00 00 00 00 00  00 00 00 00 00 00 00 00  |................|
8120A0:  00 00 00 00 00 00 00 00  00 00 00 00 00 00 00 00  |................|
8120B0:  00 00 00 00 00 00 00 00  00 00 00 00 00 00 00 00  |................|
8120C0:  00 00 00 00 00 00 00 00  00 00 00 00 00 00 00 00  |................|
8120D0:  00 00 00 00 00 00 00 00  00 00 00 00 00 00 00 00  |................|
8120E0:  00 00 00 00 00 00 00 00  00 00 00 00 00 00 00 00  |................|
8120F0:  00 00 00 00 00 00 00 00  00 00 00 00 00 00 00 00  |................|
812100:  00 00 00 00 00 00 00 00  00 00 00 00 00 00 00 00  |................|
812110:  00 00 00 00 00 00 00 00  00 00 00 00 00 00 00 00  |................|
812120:  00 00 00 00 00 00 00 00  00 00 00 00 00 00 00 00  |................|
812130:  00 00 00 00 00 00 00 00  00 00 00 00 00 00 01 01  |................|
812140:  AA BB 00 00 00 00 00 00  00 00 00 00 00 00 00 00  |................|
812150:  00 00 00 00 00 00 00 00  00 00 00 00 00 00 00 00  |................|
812160:  00 00 00 00 00 00 00 00  00 00 00 00 00 00 00 00  |................|
812170:  00 00 00 00 00 00 00 00  00 00 00 00 00 00 00 00  |................|
812180:  00 02 00 00 00 00 00 00  00 00 00 00 00 00 00 00  |................|
812190:  00 00 00 00 00 00 00 00  00 00 00 00 00 00 00 00  |................|
8121A0:  00 00 00 00 00 00 00 00  00 00 00 00 00 00 00 00  |................|
8121B0:  00 00 00 00 00 00 00 00  00 00 00 00 00 00 00 00  |................|
8121C0:  00 00 00 00 00 00 00 00  00 00 00 00 00 00 00 00  |................|
8121D0:  00 00 00 00 00 00 00 00  00 00 00 00 00 00 00 00  |................|
8121E0:  00 00 00 00 00 00 00 00  00 00 00 00 00 00 00 00  |................|
8121F0:  00 00 00 00 00 00 00 00  00 00 00 00 00 00 00 00  |................|
812200:  00 00 00 00 00 00 00 00  00 00 00 00 00 00 00 00  |................|
812210:  00 00 00 00 00 00 00 00  00 00 00 00 00 00 00 00  |................|
812220:  00 00 00 00 00 00 00 00  00 00 00 00 00 00 00 00  |................|
812230:  00 00 00 00 00 00 00 00  00 00 00 00 00 00 00 00  |................|
812240:  00 00 00 00 00 00 00 00  00 00 00 00 00 00 00 00  |................|
812250:  00 00 00 00 00 00 00 00  00 00 00 00 00 00 00 00  |................|
812260:  00 00 00 00 00 00 00 00  00 00 00 00 00 00 00 00  |................|
812270:  00 00 00 00 00 00 00 00  00 00 00 00 00 00 00 00  |................|
812280:  00 00 00 00 00 00 00 00  00 00 00 00 00 00 00 00  |................|
812290:  00 00 00 00 00 00 00 00  00 00 00 00 00 00 00 00  |................|
8122A0:  00 00 00 00 00 00 00 00  00 00 00 00 00 00 00 00  |................|
8122B0:  00 00 00 00 00 00 00 00  00 00 00 00 00 00 00 00  |................|
8122C0:  00 00 00 00 00 00 00 00  00 00 00 00 00 00 00 00  |................|
8122D0:  00 00 00 00 00 00 00 00  00 00 00 00 00 00 00 00  |................|
8122E0:  00 00 00 00 00 00 00 00  00 00 00 00 00 00 00 00  |................|
8122F0:  00 00 00 00 00 00 00 00  00 00 00 00 00 00 00 00  |................|
812300:  00 00 00 00 00 00 00 00  00 00 00 00 00 00 00 00  |................|
812310:  00 00 00 00 00 00 00 00  00 00 00 00 00 00 00 00  |................|
812320:  00 00 00 00 00 00 00 00  00 00 00 00 00 00 00 00  |................|
812330:  00 00 00 00 00 00 00 00  00 00 00 00 00 00 00 00  |................|
812340:  00 00 00 00 00 00 00 00  00 00 00 00 00 00 00 00  |................|
812350:  00 00 00 00 00 00 00 00  00 00 00 00 00 00 00 00  |................|
812360:  00 00 00 00 00 00 00 00  00 00 00 00 00 00 00 00  |................|
812370:  00 00 00 00 00 00 00 00  00 00 00 00 00 00 00 00  |................|
812380:  00 00 00 00 00 00 00 00  00 00 00 00 00 00 00 00  |................|
812390:  00 00 00 00 00 00 00 00  00 00 00 00 00 00 00 00  |................|
8123A0:  00 00 00 00 00 00 00 00  00 00 00 00 00 00 00 00  |................|
8123B0:  00 00 00 00 00 00 00 00  00 00 00 00 00 00 00 00  |................|
8123C0:  00 00 00 00 00 00 00 00  00 00 00 00 00 00 00 00  |................|
8123D0:  00 00 00 00 00 00 00 00  00 00 00 00 00 00 00 00  |................|
8123E0:  00 00 00 00 00 00 00 00  00 00 00 00 00 00 00 00  |................|
8123F0:  00 00 00 00 00 00 00 00  00 00 00 00 00 00 00 00  |................|
812400:  00 00 00 00 00 00 00 00  00 00 00 00 00 00 00 00  |................|
812410:  00 00 00 00 00 00 00 00  00 00 00 00 00 00 00 00  |................|
812420:  00 00 00 00 00 00 00 00  00 00 00 00 00 00 00 00  |................|
812430:  00 00 00 00 00 00 00 00  00 00 00 00 00 00 00 00  |................|
812440:  00 00 00 00 00 00 00 00  00 00 00 00 00 00 00 00  |................|
812450:  00 00 00 00 00 00 00 00  00 00 00 00 00 00 00 00  |................|
812460:  00 00 00 00 00 00 00 00  00 00 00 00 00 00 00 00  |................|
812470:  00 00 00 00 00 00 00 00  00 00 00 00 00 00 00 00  |................|
812480:  00 00 00 00 00 00 00 00  00 00 00 00 00 00 00 00  |................|
812490:  00 00 00 00 00 00 00 00  00 00 00 00 00 00 00 00  |................|
8124A0:  00 00 00 00 00 00 00 00  00 00 00 00 00 00 00 00  |................|
8124B0:  00 00 00 00 00 00 00 00  00 00 00 00 00 00 00 00  |................|
8124C0:  00 00 00 00 00 00 00 00  00 00 00 00 00 00 00 00  |................|
8124D0:  00 00 00 00 00 00 00 00  00 00 00 00 00 00 00 00  |................|
8124E0:  00 00 00 00 00 00 00 00  00 00 00 00 00 00 00 00  |................|
8124F0:  00 00 00 00 00 00 00 00  00 00 00 00 00 00 00 00  |................|
812500:  00 00 00 00 00 00 00 00  00 00 00 00 00 00 00 00  |................|
812510:  00 00 00 00 00 00 00 00  00 00 00 00 00 00 00 00  |................|
812520:  00 00 00 00 00 00 00 00  00 00 00 00 00 00 00 00  |................|
812530:  00 00 00 00 00 00 00 00  00 00 00 00 00 00 00 00  |................|
812540:  00 00 00 00 00 00 00 00  00 00 00 00 00 00 00 00  |................|
812550:  00 00 00 00 00 00 00 00  00 00 00 00 00 00 00 00  |................|
812560:  00 00 00 00 00 00 00 00  00 00 00 00 00 00 00 00  |................|
812570:  00 00 00 00 00 00 00 00  00 00 00 00 00 00 00 00  |................|
812580:  00 00 00 00 00 00 00 00  00 00 00 00 00 00 00 00  |................|
812590:  00 00 00 00 00 00 00 00  00 00 00 00 00 00 00 00  |................|
8125A0:  00 00 00 00 00 00 00 00  00 00 00 00 00 00 00 00  |................|
8125B0:  00 00 00 00 00 00 00 00  00 00 00 00 00 00 00 00  |................|
8125C0:  00 00 00 00 00 00 00 00  00 00 00 00 00 00 00 00  |................|
8125D0:  00 00 00 00 00 00 00 00  00 00 00 00 00 00 00 00  |................|
8125E0:  00 00 00 00 00 00 00 00  00 00 00 00 00 00 00 00  |................|
8125F0:  00 00 00 00 00 00 00 00  00 00 00 00 00 00 00 00  |................|
812600:  00 00 00 00 00 00 00 00  00 00 00 00 00 00 00 00  |................|
812610:  00 00 00 00 00 00 00 00  00 00 00 00 00 00 00 00  |................|
812620:  00 00 00 00 00 00 00 00  00 00 00 00 00 00 00 00  |................|
812630:  00 00 00 00 00 00 00 00  00 00 00 00 00 00 00 00  |................|
812640:  00 00 00 00 00 00 00 00  00 00 00 00 00 00 00 00  |................|
812650:  00 00 00 00 00 00 00 00  00 00 00 00 00 00 00 00  |................|
812660:  00 00 00 00 00 00 00 00  00 00 00 00 00 00 00 00  |................|
812670:  00 00 00 00 00 00 00 00  00 00 00 00 00 00 00 00  |................|
812680:  00 00 00 00 00 00 00 00  00 00 00 00 00 00 00 00  |................|
812690:  00 00 00 00 00 00 00 00  00 00 00 00 00 00 00 00  |................|
8126A0:  00 00 00 00 00 00 00 00  00 00 00 00 00 00 00 00  |................|
8126B0:  00 00 00 00 00 00 00 00  00 00 00 00 00 00 00 00  |................|
8126C0:  00 00 00 00 00 00 00 00  00 00 00 00 00 00 00 00  |................|
8126D0:  00 00 00 00 00 00 00 00  00 00 00 00 00 00 00 00  |................|
8126E0:  00 00 00 00 00 00 00 00  00 00 00 00 00 00 00 00  |................|
8126F0:  00 00 00 00 00 00 00 00  00 00 00 00 00 00 00 00  |................|
812700:  00 00 00 00 00 00 00 00  00 00 00 00 00 00 00 00  |................|
812710:  00 00 00 00 00 00 00 00  00 00 00 00 00 00 00 00  |................|
812720:  00 00 00 00 00 00 00 00  00 00 00 00 00 00 00 00  |................|
812730:  00 00 00 00 00 00 00 00  00 00 00 00 00 00 00 00  |................|
812740:  00 00 00 00 00 00 00 00  00 00 00 00 00 00 00 00  |................|
812750:  00 00 00 00 00 00 00 00  00 00 00 00 00 00 00 00  |................|
812760:  00 00 00 00 00 00 00 00  00 00 00 00 00 00 00 00  |................|
812770:  00 00 00 00 00 00 00 00  00 00 00 00 00 00 00 00  |................|
812780:  00 00 00 00 00 00 00 00  00 00 00 00 00 00 00 00  |................|
812790:  00 00 00 00 00 00 00 00  00 00 00 00 00 00 00 00  |................|
8127A0:  00 00 00 00 00 00 00 00  00 00 00 00 00 00 00 00  |................|
8127B0:  00 00 00 00 00 00 00 00  00 00 00 00 00 00 00 00  |................|
8127C0:  00 00 00 00 00 00 00 00  00 00 00 00 00 00 00 00  |................|
8127D0:  00 00 00 00 00 00 00 00  00 00 00 00 00 00 00 00  |................|
8127E0:  00 00 00 00 00 00 00 00  00 00 00 00 00 00 00 00  |................|
8127F0:  00 00 00 00 00 00 00 00  00 00 00 00 00 00 00 00  |................|
812800:  00 00 00 00 00 00 00 00  00 00 00 00 00 00 00 00  |................|
812810:  00 00 00 00 00 00 00 00  00 00 00 00 00 00 00 00  |................|
812820:  00 00 00 00 00 00 00 00  00 00 00 00 00 00 00 00  |................|
812830:  00 00 00 00 00 00 00 00  00 00 00 00 00 00 00 00  |................|
812840:  00 00 00 00 00 00 00 00  00 00 00 00 00 00 00 00  |................|
812850:  00 00 00 00 00 00 00 00  00 00 00 00 00 00 00 00  |................|
812860:  00 00 00 00 00 00 00 00  00 00 00 00 00 00 00 00  |................|
812870:  00 00 00 00 00 00 00 00  00 00 00 00 00 00 00 00  |................|
812880:  00 00 00 00 00 00 00 00  00 00 00 00 00 00 00 00  |................|
812890:  00 00 00 00 00 00 00 00  00 00 00 00 00 00 00 00  |................|
8128A0:  00 00 00 00 00 00 00 00  00 00 00 00 00 00 00 00  |................|
8128B0:  00 00 00 00 00 00 00 00  00 00 00 00 00 00 00 00  |................|
8128C0:  00 00 00 00 00 00 00 00  00 00 00 00 00 00 00 00  |................|
8128D0:  00 00 00 00 00 00 00 00  00 00 00 00 00 00 00 00  |................|
8128E0:  00 00 00 00 00 00 00 00  00 00 00 00 00 00 00 00  |................|
8128F0:  00 00 00 00 00 00 00 00  00 00 00 00 00 00 00 00  |................|
812900:  00 00 00 00 00 00 00 00  00 00 00 00 00 00 00 00  |................|
812910:  00 00 00 00 00 00 00 00  00 00 00 00 00 00 00 00  |................|
812920:  00 00 00 00 00 00 00 00  00 00 00 00 00 00 00 00  |................|
812930:  00 00 00 00 00 00 00 00  00 00 00 00 00 00 00 00  |................|
812940:  00 00 00 00 00 00 00 00  00 00 00 00 00 00 00 00  |................|
812950:  00 00 00 00 00 00 00 00  00 00 00 00 00 00 00 00  |................|
812960:  00 00 00 00 00 00 00 00  00 00 00 00 00 00 00 00  |................|
812970:  00 00 00 00 00 00 00 00  00 00 00 00 00 00 00 00  |................|
812980:  00 00 00 00 00 00 00 00  00 00 00 00 00 00 00 00  |................|
812990:  00 00 00 00 00 00 00 00  00 00 00 00 00 00 00 00  |................|
8129A0:  00 00 00 00 00 00 00 00  00 00 00 00 00 00 00 00  |................|
8129B0:  00 00 00 00 00 00 00 00  00 00 00 00 00 00 00 00  |................|
8129C0:  00 00 00 00 00 00 00 00  00 00 00 00 00 00 00 00  |................|
8129D0:  00 00 00 00 00 00 00 00  00 00 00 00 00 00 00 00  |................|
8129E0:  00 00 00 00 00 00 00 00  00 00 00 00 00 00 00 00  |................|
8129F0:  00 00 00 00 00 00 00 00  00 00 00 00 00 00 00 00  |................|
812A00:  00 00 00 00 00 00 00 00  00 00 00 00 00 00 00 00  |................|
812A10:  00 00 00 00 00 00 00 00  00 00 00 00 00 00 00 00  |................|
812A20:  00 00 00 00 00 00 00 00  00 00 00 00 00 00 00 00  |................|
812A30:  00 00 00 00 00 00 00 00  00 00 00 00 00 00 00 00  |................|
812A40:  00 00 00 00 00 00 00 00  00 00 00 00 00 00 00 00  |................|
812A50:  00 00 00 00 00 00 00 00  00 00 00 00 00 00 00 00  |................|
812A60:  00 00 00 00 00 00 00 00  00 00 00 00 00 00 00 00  |................|
812A70:  00 00 00 00 00 00 00 00  00 00 00 00 00 00 00 00  |................|
812A80:  00 00 00 00 00 00 00 00  00 00 00 00 00 00 00 00  |................|
812A90:  00 00 00 00 00 00 00 00  00 00 00 00 00 00 00 00  |................|
812AA0:  00 00 00 00 00 00 00 00  00 00 00 00 00 00 00 00  |................|
812AB0:  00 00 00 00 00 00 00 00  00 00 00 00 00 00 00 00  |................|
812AC0:  00 00 00 00 00 00 00 00  00 00 00 00 00 00 00 00  |................|
812AD0:  00 00 00 00 00 00 00 00  00 00 00 00 00 00 00 00  |................|
812AE0:  00 00 00 00 00 00 00 00  00 00 00 00 00 00 00 00  |................|
812AF0:  00 00 00 00 00 00 00 00  00 00 00 00 00 00 00 00  |................|
812B00:  00 00 00 00 00 00 00 00  00 00 00 00 00 00 00 00  |................|
812B10:  00 00 00 00 00 00 00 00  00 00 00 00 00 00 00 00  |................|
812B20:  00 00 00 00 00 00 00 00  00 00 00 00 00 00 00 00  |................|
812B30:  00 00 00 00 00 00 00 00  00 00 00 00 00 00 00 00  |................|
812B40:  00 00 00 00 00 00 00 00  00 00 00 00 00 00 00 00  |................|
812B50:  00 00 00 00 00 00 00 00  00 00 00 00 00 00 00 00  |................|
812B60:  00 00 00 00 00 00 00 00  00 00 00 00 00 00 00 00  |................|
812B70:  00 00 00 00 00 00 00 00  00 00 00 00 00 00 00 00  |................|
812B80:  00 00 00 00 00 00 00 00  00 00 00 00 00 00 00 00  |................|
812B90:  00 00 00 00 00 00 00 00  00 00 00 00 00 00 00 00  |................|
812BA0:  00 00 00 00 00 00 00 00  00 00 00 00 00 00 00 00  |................|
812BB0:  00 00 00 00 00 00 00 00  00 00 00 00 00 00 00 00  |................|
812BC0:  00 00 00 00 00 00 00 00  00 00 00 00 00 00 00 00  |................|
812BD0:  00 00 00 00 00 00 00 00  00 00 00 00 00 00 00 00  |................|
812BE0:  00 00 00 00 00 00 00 00  00 00 00 00 00 00 00 00  |................|
812BF0:  00 00 00 00 00 00 00 00  00 00 00 00 00 00 00 00  |................|
812C00:  00 00 00 00 00 00 00 00  00 00 00 00 00 00 00 00  |................|
812C10:  00 00 00 00 00 00 00 00  00 00 00 00 00 00 00 00  |................|
812C20:  00 00 00 00 00 00 00 00  00 00 00 00 00 00 00 00  |................|
812C30:  00 00 00 00 00 00 00 00  00 00 00 00 00 00 00 00  |................|
812C40:  00 00 00 00 00 00 00 00  00 00 00 00 00 00 00 00  |................|
812C50:  00 00 00 00 00 00 00 00  00 00 00 00 00 00 00 00  |................|
812C60:  00 00 00 00 00 00 00 00  00 00 00 00 00 00 00 00  |................|
812C70:  00 00 00 00 00 00 00 00  00 00 00 00 00 00 00 00  |................|
812C80:  00 00 00 00 00 00 00 00  00 00 00 00 00 00 00 00  |................|
812C90:  00 00 00 00 00 00 00 00  00 00 00 00 00 00 00 00  |................|
812CA0:  00 00 00 00 00 00 00 00  00 00 00 00 00 00 00 00  |................|
812CB0:  00 00 00 00 00 00 00 00  00 00 00 00 00 00 00 00  |................|
812CC0:  00 00 00 00 00 00 00 00  00 00 00 00 00 00 00 00  |................|
812CD0:  00 00 00 00 00 00 00 00  00 00 00 00 00 00 00 00  |................|
812CE0:  00 00 00 00 00 00 00 00  00 00 00 00 00 00 00 00  |................|
812CF0:  00 00 00 00 00 00 00 00  00 00 00 00 00 00 00 00  |................|
812D00:  00 00 00 00 00 00 00 00  00 00 00 00 00 00 00 00  |................|
812D10:  00 00 00 00 00 00 00 00  00 00 00 00 00 00 00 00  |................|
812D20:  00 00 00 00 00 00 00 00  00 00 00 00 00 00 00 00  |................|
812D30:  00 00 00 00 00 00 00 00  00 00 00 00 00 00 00 00  |................|
812D40:  00 00 00 00 00 00 00 00  00 00 00 00 00 00 00 00  |................|
812D50:  00 00 00 00 00 00 00 00  00 00 00 00 00 00 00 00  |................|
812D60:  00 00 00 00 00 00 00 00  00 00 00 00 00 00 00 00  |................|
812D70:  00 00 00 00 00 00 00 00  00 00 00 00 00 00 00 00  |................|
812D80:  00 00 00 00 00 00 00 00  00 00 00 00 00 00 00 00  |................|
812D90:  00 00 00 00 00 00 00 00  00 00 00 00 00 00 00 00  |................|
812DA0:  00 00 00 00 00 00 00 00  00 00 00 00 00 00 00 00  |................|
812DB0:  00 00 00 00 00 00 00 00  00 00 00 00 00 00 00 00  |................|
812DC0:  00 00 00 00 00 00 00 00  00 00 00 00 00 00 00 00  |................|
812DD0:  00 00 00 00 00 00 00 00  00 00 00 00 00 00 00 00  |................|
812DE0:  00 00 00 00 00 00 00 00  00 00 00 00 00 00 00 00  |................|
812DF0:  00 00 00 00 00 00 00 00  00 00 00 00 00 00 00 00  |................|
812E00:  00 00 00 00 00 00 00 00  00 00 00 00 00 00 00 00  |................|
812E10:  00 00 00 00 00 00 00 00  00 00 00 00 00 00 00 00  |................|
812E20:  00 00 00 00 00 00 00 00  00 00 00 00 00 00 00 00  |................|
812E30:  00 00 00 00 00 00 00 00  00 00 00 00 00 00 00 00  |................|
812E40:  00 00 00 00 00 00 00 00  00 00 00 00 00 00 00 00  |................|
812E50:  00 00 00 00 00 00 00 00  00 00 00 00 00 00 00 00  |................|
812E60:  00 00 00 00 00 00 00 00  00 00 00 00 00 00 00 00  |................|
812E70:  00 00 00 00 00 00 00 00  00 00 00 00 00 00 00 00  |................|
812E80:  00 00 00 00 00 00 00 00  00 00 00 00 00 00 00 00  |................|
812E90:  00 00 00 00 00 00 00 00  00 00 00 00 00 00 00 00  |................|
812EA0:  00 00 00 00 00 00 00 00  00 00 00 00 00 00 00 00  |................|
812EB0:  00 00 00 00 00 00 00 00  00 00 00 00 00 00 00 00  |................|
812EC0:  00 00 00 00 00 00 00 00  00 00 00 00 00 00 00 00  |................|
812ED0:  00 00 00 00 00 00 00 00  00 00 00 00 00 00 00 00  |................|
812EE0:  00 00 00 00 00 00 00 00  00 00 00 00 00 00 00 00  |................|
812EF0:  00 00 00 00 00 00 00 00  00 00 00 00 00 00 00 00  |................|
812F00:  00 00 00 00 00 00 00 00  00 00 00 00 00 00 00 00  |................|
812F10:  00 00 00 00 00 00 00 00  00 00 00 00 00 00 00 00  |................|
812F20:  00 00 00 00 00 00 00 00  00 00 00 00 00 00 00 00  |................|
812F30:  00 00 00 00 00 00 00 00  00 00 00 00 00 00 00 00  |................|
812F40:  00 00 00 00 00 00 00 00  00 00 00 00 00 00 00 00  |................|
812F50:  00 00 00 00 00 00 00 00  00 00 00 00 00 00 00 00  |................|
812F60:  00 00 00 00 00 00 00 00  00 00 00 00 00 00 00 00  |................|
812F70:  00 00 00 00 00 00 00 00  00 00 00 00 00 00 00 00  |................|
812F80:  00 00 00 00 00 00 00 00  00 00 00 00 00 00 00 00  |................|
812F90:  00 00 00 00 00 00 00 00  00 00 00 00 00 00 00 00  |................|
812FA0:  00 00 00 00 00 00 00 00  00 00 00 00 00 00 00 00  |................|
812FB0:  00 00 00 00 00 00 00 00  00 00 00 00 00 00 00 00  |................|
812FC0:  00 00 00 00 00 00 00 00  00 00 00 00 00 00 00 00  |................|
812FD0:  00 00 00 00 00 00 00 00  00 00 00 00 00 00 00 00  |................|
812FE0:  00 00 00 00 00 00 00 00  00 00 00 00 00 00 00 00  |................|
812FF0:  00 00 00 00 00 00 00 00  00 00 00 00 00 00 00 00  |................|
813000:  00 00 00 00 00 00 00 00  00 00 00 00 00 00 00 00  |................|
813010:  00 00 00 00 00 00 00 00  00 00 00 00 00 00 00 00  |................|
813020:  00 00 00 00 00 00 00 00  00 00 00 00 00 00 00 00  |................|
813030:  00 00 00 00 00 00 00 00  00 00 00 00 00 00 00 00  |................|
813040:  00 00 00 00 00 00 00 00  00 00 00 00 00 00 00 00  |................|
813050:  00 00 00 00 00 00 00 00  00 00 00 00 00 00 00 00  |................|
813060:  00 00 00 00 00 00 00 00  00 00 00 00 00 00 00 00  |................|
813070:  00 00 00 00 00 00 00 00  00 00 00 00 00 00 00 00  |................|
813080:  00 00 00 00 00 00 00 00  00 00 00 00 00 00 00 00  |................|
813090:  00 00 00 00 00 00 00 00  00 00 00 00 00 00 00 00  |................|
8130A0:  00 00 00 00 00 00 00 00  00 00 00 00 00 00 00 00  |................|
8130B0:  00 00 00 00 00 00 00 00  00 00 00 00 00 00 00 00  |................|
8130C0:  00 00 00 00 00 00 00 00  00 00 00 00 00 00 00 00  |................|
8130D0:  00 00 00 00 00 00 00 00  00 00 00 00 00 00 00 00  |................|
8130E0:  00 00 00 00 00 00 00 00  00 00 00 00 00 00 00 00  |................|
8130F0:  00 00 00 00 00 00 00 00  00 00 00 00 00 00 00 00  |................|
813100:  00 00 00 00 00 00 00 00  00 00 00 00 00 00 00 00  |................|
813110:  00 00 00 00 00 00 00 00  00 00 00 00 00 00 00 00  |................|
813120:  00 00 00 00 00 00 00 00  00 00 00 00 00 00 00 00  |................|
813130:  00 00 00 00 00 00 00 00  00 00 00 00 00 00 00 00  |................|
813140:  00 00 00 00 00 00 00 00  00 00 00 00 00 00 00 00  |................|
813150:  00 00 00 00 00 00 00 00  00 00 00 00 00 00 00 00  |................|
813160:  00 00 00 00 00 00 00 00  00 00 00 00 00 00 00 00  |................|
813170:  00 00 00 00 00 00 00 00  00 00 00 00 00 00 00 00  |................|
813180:  00 00 00 00 00 00 00 00  00 00 00 00 00 00 00 00  |................|
813190:  00 00 00 00 00 00 00 00  00 00 00 00 00 00 00 00  |................|
8131A0:  00 00 00 00 00 00 00 00  00 00 00 00 00 00 00 00  |................|
8131B0:  00 00 00 00 00 00 00 00  00 00 00 00 00 00 00 00  |................|
8131C0:  00 00 00 00 00 00 00 00  00 00 00 00 00 00 00 00  |................|
8131D0:  00 00 00 00 00 00 00 00  00 00 00 00 00 00 00 00  |................|
8131E0:  00 00 00 00 00 00 00 00  00 00 00 00 00 00 00 00  |................|
8131F0:  00 00 00 00 00 00 00 00  00 00 00 00 00 00 00 00  |................|
813200:  00 00 00 00 00 00 00 00  00 00 00 00 00 00 00 00  |................|
813210:  00 00 00 00 00 00 00 00  00 00 00 00 00 00 00 00  |................|
813220:  00 00 00 00 00 00 00 00  00 00 00 00 00 00 00 00  |................|
813230:  00 00 00 00 00 00 00 00  00 00 00 00 00 00 00 00  |................|
813240:  00 00 00 00 00 00 00 00  00 00 00 00 00 00 00 00  |................|
813250:  00 00 00 00 00 00 00 00  00 00 00 00 00 00 00 00  |................|
813260:  00 00 00 00 00 00 00 00  00 00 00 00 00 00 00 00  |................|
813270:  00 00 00 00 00 00 00 00  00 00 00 00 00 00 00 00  |................|
813280:  00 00 00 00 00 00 00 00  00 00 00 00 00 00 00 00  |................|
813290:  00 00 00 00 00 00 00 00  00 00 00 00 00 00 00 00  |................|
8132A0:  00 00 00 00 00 00 00 00  00 00 00 00 00 00 00 00  |................|
8132B0:  00 00 00 00 00 00 00 00  00 00 00 00 00 00 00 00  |................|
8132C0:  00 00 00 00 00 00 00 00  00 00 00 00 00 00 00 00  |................|
8132D0:  00 00 00 00 00 00 00 00  00 00 00 00 00 00 00 00  |................|
8132E0:  00 00 00 00 00 00 00 00  00 00 00 00 00 00 00 00  |................|
8132F0:  00 00 00 00 00 00 00 00  00 00 00 00 00 00 00 00  |................|
813300:  00 00 00 00 00 00 00 00  00 00 00 00 00 00 00 00  |................|
813310:  00 00 00 00 00 00 00 00  00 00 00 00 00 00 00 00  |................|
813320:  00 00 00 00 00 00 00 00  00 00 00 00 00 00 00 00  |................|
813330:  00 00 00 00 00 00 00 00  00 00 00 00 00 00 00 00  |................|
813340:  00 00 00 00 00 00 00 00  00 00 00 00 00 00 00 00  |................|
813350:  00 00 00 00 00 00 00 00  00 00 00 00 00 00 00 00  |................|
813360:  00 00 00 00 00 00 00 00  00 00 00 00 00 00 00 00  |................|
813370:  00 00 00 00 00 00 00 00  00 00 00 00 00 00 00 00  |................|
813380:  00 00 00 00 00 00 00 00  00 00 00 00 00 00 00 00  |................|
813390:  00 00 00 00 00 00 00 00  00 00 00 00 00 00 00 00  |................|
8133A0:  00 00 00 00 00 00 00 00  00 00 00 00 00 00 00 00  |................|
8133B0:  00 00 00 00 00 00 00 00  00 00 00 00 00 00 00 00  |................|
8133C0:  00 00 00 00 00 00 00 00  00 00 00 00 00 00 00 00  |................|
8133D0:  00 00 00 00 00 00 00 00  00 00 00 00 00 00 00 00  |................|
8133E0:  00 00 00 00 00 00 00 00  00 00 00 00 00 00 00 00  |................|
8133F0:  00 00 00 00 00 00 00 00  00 00 00 00 00 00 00 00  |................|
813400:  00 00 00 00 00 00 00 00  00 00 00 00 00 00 00 00  |................|
813410:  00 00 00 00 00 00 00 00  00 00 00 00 00 00 00 00  |................|
813420:  00 00 00 00 00 00 00 00  00 00 00 00 00 00 00 00  |................|
813430:  00 00 00 00 00 00 00 00  00 00 00 00 00 00 00 00  |................|
813440:  00 00 00 00 00 00 00 00  00 00 00 00 00 00 00 00  |................|
813450:  00 00 00 00 00 00 00 00  00 00 00 00 00 00 00 00  |................|
813460:  00 00 00 00 00 00 00 00  00 00 00 00 00 00 00 00  |................|
813470:  00 00 00 00 00 00 00 00  00 00 00 00 00 00 00 00  |................|
813480:  00 00 00 00 00 00 00 00  00 00 00 00 00 00 00 00  |................|
813490:  00 00 00 00 00 00 00 00  00 00 00 00 00 00 00 00  |................|
8134A0:  00 00 00 00 00 00 00 00  00 00 00 00 00 00 00 00  |................|
8134B0:  00 00 00 00 00 00 00 00  00 00 00 00 00 00 00 00  |................|
8134C0:  00 00 00 00 00 00 00 00  00 00 00 00 00 00 00 00  |................|
8134D0:  00 00 00 00 00 00 00 00  00 00 00 00 00 00 00 00  |................|
8134E0:  00 00 00 00 00 00 00 00  00 00 00 00 00 00 00 00  |................|
8134F0:  00 00 00 00 00 00 00 00  00 00 00 00 00 00 00 00  |................|
813500:  00 00 00 00 00 00 00 00  00 00 00 00 00 00 00 00  |................|
813510:  00 00 00 00 00 00 00 00  00 00 00 00 00 00 00 00  |................|
813520:  00 00 00 00 00 00 00 00  00 00 00 00 00 00 00 00  |................|
813530:  00 00 00 00 00 00 00 00  00 00 00 00 00 00 00 00  |................|
813540:  00 00 00 00 00 00 00 00  00 00 00 00 00 00 00 00  |................|
813550:  00 00 00 00 00 00 00 00  00 00 00 00 00 00 00 00  |................|
813560:  00 00 00 00 00 00 00 00  00 00 00 00 00 00 00 00  |................|
813570:  00 00 00 00 00 00 00 00  00 00 00 00 00 00 00 00  |................|
813580:  00 00 00 00 00 00 00 00  00 00 00 00 00 00 00 00  |................|
813590:  00 00 00 00 00 00 00 00  00 00 00 00 00 00 00 00  |................|
8135A0:  00 00 00 00 00 00 00 00  00 00 00 00 00 00 00 00  |................|
8135B0:  00 00 00 00 00 00 00 00  00 00 00 00 00 00 00 00  |................|
8135C0:  00 00 00 00 00 00 00 00  00 00 00 00 00 00 00 00  |................|
8135D0:  00 00 00 00 00 00 00 00  00 00 00 00 00 00 00 00  |................|
8135E0:  00 00 00 00 00 00 00 00  00 00 00 00 00 00 00 00  |................|
8135F0:  00 00 00 00 00 00 00 00  00 00 00 00 00 00 00 00  |................|
813600:  00 00 00 00 00 00 00 00  00 00 00 00 00 00 00 00  |................|
813610:  00 00 00 00 00 00 00 00  00 00 00 00 00 00 00 00  |................|
813620:  00 00 00 00 00 00 00 00  00 00 00 00 00 00 00 00  |................|
813630:  00 00 00 00 00 00 00 00  00 00 00 00 00 00 00 00  |................|
813640:  00 00 00 00 00 00 00 00  00 00 00 00 00 00 00 00  |................|
813650:  00 00 00 00 00 00 00 00  00 00 00 00 00 00 00 00  |................|
813660:  00 00 00 00 00 00 00 00  00 00 00 00 00 00 00 00  |................|
813670:  00 00 00 00 00 00 00 00  00 00 00 00 00 00 00 00  |................|
813680:  00 00 00 00 00 00 00 00  00 00 00 00 00 00 00 00  |................|
813690:  00 00 00 00 00 00 00 00  00 00 00 00 00 00 00 00  |................|
8136A0:  00 00 00 00 00 00 00 00  00 00 00 00 00 00 00 00  |................|
8136B0:  00 00 00 00 00 00 00 00  00 00 00 00 00 00 00 00  |................|
8136C0:  00 00 00 00 00 00 00 00  00 00 00 00 00 00 00 00  |................|
8136D0:  00 00 00 00 00 00 00 00  00 00 00 00 00 00 00 00  |................|
8136E0:  00 00 00 00 00 00 00 00  00 00 00 00 00 00 00 00  |................|
8136F0:  00 00 00 00 00 00 00 00  00 00 00 00 00 00 00 00  |................|
813700:  00 00 00 00 00 00 00 00  00 00 00 00 00 00 00 00  |................|
813710:  00 00 00 00 00 00 00 00  00 00 00 00 00 00 00 00  |................|
813720:  00 00 00 00 00 00 00 00  00 00 00 00 00 00 00 00  |................|
813730:  00 00 00 00 00 00 00 00  00 00 00 00 00 00 00 00  |................|
813740:  00 00 00 00 00 00 00 00  00 00 00 00 00 00 00 00  |................|
813750:  00 00 00 00 00 00 00 00  00 00 00 00 00 00 00 00  |................|
813760:  00 00 00 00 00 00 00 00  00 00 00 00 00 00 00 00  |................|
813770:  00 00 00 00 00 00 00 00  00 00 00 00 00 00 00 00  |................|
813780:  00 00 00 00 00 00 00 00  00 00 00 00 00 00 00 00  |................|
813790:  00 00 00 00 00 00 00 00  00 00 00 00 00 00 00 00  |................|
8137A0:  00 00 00 00 00 00 00 00  00 00 00 00 00 00 00 00  |................|
8137B0:  00 00 00 00 00 00 00 00  00 00 00 00 00 00 00 00  |................|
8137C0:  00 00 00 00 00 00 00 00  00 00 00 00 00 00 00 00  |................|
8137D0:  00 00 00 00 00 00 00 00  00 00 00 00 00 00 00 00  |................|
8137E0:  00 00 00 00 00 00 00 00  00 00 00 00 00 00 00 00  |................|
8137F0:  00 00 00 00 00 00 00 00  00 00 00 00 00 00 00 00  |................|
813800:  00 00 00 00 00 00 00 00  00 00 00 00 00 00 00 00  |................|
813810:  00 00 00 00 00 00 00 00  00 00 00 00 00 00 00 00  |................|
813820:  00 00 00 00 00 00 00 00  00 00 00 00 00 00 00 00  |................|
813830:  00 00 00 00 00 00 00 00  00 00 00 00 00 00 00 00  |................|
813840:  00 00 00 00 00 00 00 00  00 00 00 00 00 00 00 00  |................|
813850:  00 00 00 00 00 00 00 00  00 00 00 00 00 00 00 00  |................|
813860:  00 00 00 00 00 00 00 00  00 00 00 00 00 00 00 00  |................|
813870:  00 00 00 00 00 00 00 00  00 00 00 00 00 00 00 00  |................|
813880:  00 00 00 00 00 00 00 00  00 00 00 00 00 00 00 00  |................|
813890:  00 00 00 00 00 00 00 00  00 00 00 00 00 00 00 00  |................|
8138A0:  00 00 00 00 00 00 00 00  00 00 00 00 00 00 00 00  |................|
8138B0:  00 00 00 00 00 00 00 00  00 00 00 00 00 00 00 00  |................|
8138C0:  00 00 00 00 00 00 00 00  00 00 00 00 00 00 00 00  |................|
8138D0:  00 00 00 00 00 00 00 00  00 00 00 00 00 00 00 00  |................|
8138E0:  00 00 00 00 00 00 00 00  00 00 00 00 00 00 00 00  |................|
8138F0:  00 00 00 00 00 00 00 00  00 00 00 00 00 00 00 00  |................|
813900:  00 00 00 00 00 00 00 00  00 00 00 00 00 00 00 00  |................|
813910:  00 00 00 00 00 00 00 00  00 00 00 00 00 00 00 00  |................|
813920:  00 00 00 00 00 00 00 00  00 00 00 00 00 00 00 00  |................|
813930:  00 00 00 00 00 00 00 00  00 00 00 00 00 00 00 00  |................|
813940:  00 00 00 00 00 00 00 00  00 00 00 00 00 00 00 00  |................|
813950:  00 00 00 00 00 00 00 00  00 00 00 00 00 00 00 00  |................|
813960:  00 00 00 00 00 00 00 00  00 00 00 00 00 00 00 00  |................|
813970:  00 00 00 00 00 00 00 00  00 00 00 00 00 00 00 00  |................|
813980:  00 00 00 00 00 00 00 00  00 00 00 00 00 00 00 00  |................|
813990:  00 00 00 00 00 00 00 00  00 00 00 00 00 00 00 00  |................|
8139A0:  00 00 00 00 00 00 00 00  00 00 00 00 00 00 00 00  |................|
8139B0:  00 00 00 00 00 00 00 00  00 00 00 00 00 00 00 00  |................|
8139C0:  00 00 00 00 00 00 00 00  00 00 00 00 00 00 00 00  |................|
8139D0:  00 00 00 00 00 00 00 00  00 00 00 00 00 00 00 00  |................|
8139E0:  00 00 00 00 00 00 00 00  00 00 00 00 00 00 00 00  |................|
8139F0:  00 00 00 00 00 00 00 00  00 00 00 00 00 00 00 00  |................|
813A00:  00 00 00 00 00 00 00 00  00 00 00 00 00 00 00 00  |................|
813A10:  00 00 00 00 00 00 00 00  00 00 00 00 00 00 00 00  |................|
813A20:  00 00 00 00 00 00 00 00  00 00 00 00 00 00 00 00  |................|
813A30:  00 00 00 00 00 00 00 00  00 00 00 00 00 00 00 00  |................|
813A40:  00 00 00 00 00 00 00 00  00 00 00 00 00 00 00 00  |................|
813A50:  00 00 00 00 00 00 00 00  00 00 00 00 00 00 00 00  |................|
813A60:  00 00 00 00 00 00 00 00  00 00 00 00 00 00 00 00  |................|
813A70:  00 00 00 00 00 00 00 00  00 00 00 00 00 00 00 00  |................|
813A80:  00 00 00 00 00 00 00 00  00 00 00 00 00 00 00 00  |................|
813A90:  00 00 00 00 00 00 00 00  00 00 00 00 00 00 00 00  |................|
813AA0:  00 00 00 00 00 00 00 00  00 00 00 00 00 00 00 00  |................|
813AB0:  00 00 00 00 00 00 00 00  00 00 00 00 00 00 00 00  |................|
813AC0:  00 00 00 00 00 00 00 00  00 00 00 00 00 00 00 00  |................|
813AD0:  00 00 00 00 00 00 00 00  00 00 00 00 00 00 00 00  |................|
813AE0:  00 00 00 00 00 00 00 00  00 00 00 00 00 00 00 00  |................|
813AF0:  00 00 00 00 00 00 00 00  00 00 00 00 00 00 00 00  |................|
813B00:  00 00 00 00 00 00 00 00  00 00 00 00 00 00 00 00  |................|
813B10:  00 00 00 00 00 00 00 00  00 00 00 00 00 00 00 00  |................|
813B20:  00 00 00 00 00 00 00 00  00 00 00 00 00 00 00 00  |................|
813B30:  00 00 00 00 00 00 00 00  00 00 00 00 00 00 00 00  |................|
813B40:  00 00 00 00 00 00 00 00  00 00 00 00 00 00 00 00  |................|
813B50:  00 00 00 00 00 00 00 00  00 00 00 00 00 00 00 00  |................|
813B60:  00 00 00 00 00 00 00 00  00 00 00 00 00 00 00 00  |................|
813B70:  00 00 00 00 00 00 00 00  00 00 00 00 00 00 00 00  |................|
813B80:  00 00 00 00 00 00 00 00  00 00 00 00 00 00 00 00  |................|
813B90:  00 00 00 00 00 00 00 00  00 00 00 00 00 00 00 00  |................|
813BA0:  00 00 00 00 00 00 00 00  00 00 00 00 00 00 00 00  |................|
813BB0:  00 00 00 00 00 00 00 00  00 00 00 00 00 00 00 00  |................|
813BC0:  00 00 00 00 00 00 00 00  00 00 00 00 00 00 00 00  |................|
813BD0:  00 00 00 00 00 00 00 00  00 00 00 00 00 00 00 00  |................|
813BE0:  00 00 00 00 00 00 00 00  00 00 00 00 00 00 00 00  |................|
813BF0:  00 00 00 00 00 00 00 00  00 00 00 00 00 00 00 00  |................|
813C00:  00 00 00 00 00 00 00 00  00 00 00 00 00 00 00 00  |................|
813C10:  00 00 00 00 00 00 00 00  00 00 00 00 00 00 00 00  |................|
813C20:  00 00 00 00 00 00 00 00  00 00 00 00 00 00 00 00  |................|
813C30:  00 00 00 00 00 00 00 00  00 00 00 00 00 00 00 00  |................|
813C40:  00 00 00 00 00 00 00 00  00 00 00 00 00 00 00 00  |................|
813C50:  00 00 00 00 00 00 00 00  00 00 00 00 00 00 00 00  |................|
813C60:  00 00 00 00 00 00 00 00  00 00 00 00 00 00 00 00  |................|
813C70:  00 00 00 00 00 00 00 00  00 00 00 00 00 00 00 00  |................|
813C80:  00 00 00 00 00 00 00 00  00 00 00 00 00 00 00 00  |................|
813C90:  00 00 00 00 00 00 00 00  00 00 00 00 00 00 00 00  |................|
813CA0:  00 00 00 00 00 00 00 00  00 00 00 00 00 00 00 00  |................|
813CB0:  00 00 00 00 00 00 00 00  00 00 00 00 00 00 00 00  |................|
813CC0:  00 00 00 00 00 00 00 00  00 00 00 00 00 00 00 00  |................|
813CD0:  00 00 00 00 00 00 00 00  00 00 00 00 00 00 00 00  |................|
813CE0:  00 00 00 00 00 00 00 00  00 00 00 00 00 00 00 00  |................|
813CF0:  00 00 00 00 00 00 00 00  00 00 00 00 00 00 00 00  |................|
813D00:  00 00 00 00 00 00 00 00  00 00 00 00 00 00 00 00  |................|
813D10:  00 00 00 00 00 00 00 00  00 00 00 00 00 00 00 00  |................|
813D20:  00 00 00 00 00 00 00 00  00 00 00 00 00 00 00 00  |................|
813D30:  00 00 00 00 00 00 00 00  00 00 00 00 00 00 00 00  |................|
813D40:  00 00 00 00 00 00 00 00  00 00 00 00 00 00 00 00  |................|
813D50:  00 00 00 00 00 00 00 00  00 00 00 00 00 00 00 00  |................|
813D60:  00 00 00 00 00 00 00 00  00 00 00 00 00 00 00 00  |................|
813D70:  00 00 00 00 00 00 00 00  00 00 00 00 00 00 00 00  |................|
813D80:  00 00 00 00 00 00 00 00  00 00 00 00 00 00 00 00  |................|
813D90:  00 00 00 00 00 00 00 00  00 00 00 00 00 00 00 00  |................|
813DA0:  00 00 00 00 00 00 00 00  00 00 00 00 00 00 00 00  |................|
813DB0:  00 00 00 00 00 00 00 00  00 00 00 00 00 00 00 00  |................|
813DC0:  00 00 00 00 00 00 00 00  00 00 00 00 00 00 00 00  |................|
813DD0:  00 00 00 00 00 00 00 00  00 00 00 00 00 00 00 00  |................|
813DE0:  00 00 00 00 00 00 00 00  00 00 00 00 00 00 00 00  |................|
813DF0:  00 00 00 00 00 00 00 00  00 00 00 00 00 00 00 00  |................|
813E00:  00 00 00 00 00 00 00 00  00 00 00 00 00 00 00 00  |................|
813E10:  00 00 00 00 00 00 00 00  00 00 00 00 00 00 00 00  |................|
813E20:  00 00 00 00 00 00 00 00  00 00 00 00 00 00 00 00  |................|
813E30:  00 00 00 00 00 00 00 00  00 00 00 00 00 00 00 00  |................|
813E40:  00 00 00 00 00 00 00 00  00 00 00 00 00 00 00 00  |................|
813E50:  00 00 00 00 00 00 00 00  00 00 00 00 00 00 00 00  |................|
813E60:  00 00 00 00 00 00 00 00  00 00 00 00 00 00 00 00  |................|
813E70:  00 00 00 00 00 00 00 00  00 00 00 00 00 00 00 00  |................|
813E80:  00 00 00 00 00 00 00 00  00 00 00 00 00 00 00 00  |................|
813E90:  00 00 00 00 00 00 00 00  00 00 00 00 00 00 00 00  |................|
813EA0:  00 00 00 00 00 00 00 00  00 00 00 00 00 00 00 00  |................|
813EB0:  00 00 00 00 00 00 00 00  00 00 00 00 00 00 00 00  |................|
813EC0:  00 00 00 00 00 00 00 00  00 00 00 00 00 00 00 00  |................|
813ED0:  00 00 00 00 00 00 00 00  00 00 00 00 00 00 00 00  |................|
813EE0:  00 00 00 00 00 00 00 00  00 00 00 00 00 00 00 00  |................|
813EF0:  00 00 00 00 00 00 00 00  00 00 00 00 00 00 00 00  |................|
813F00:  00 00 00 00 00 00 00 00  00 00 00 00 00 00 00 00  |................|
813F10:  00 00 00 00 00 00 00 00  00 00 00 00 00 00 00 00  |................|
813F20:  00 00 00 00 00 00 00 00  00 00 00 00 00 00 00 00  |................|
813F30:  00 00 00 00 00 00 00 00  00 00 00 00 00 00 00 00  |................|
813F40:  00 00 00 00 00 00 00 00  00 00 00 00 00 00 00 00  |................|
813F50:  00 00 00 00 00 00 00 00  00 00 00 00 00 00 00 00  |................|
813F60:  00 00 00 00 00 00 00 00  00 00 00 00 00 00 00 00  |................|
813F70:  00 00 00 00 00 00 00 00  00 00 00 00 00 00 00 00  |................|
813F80:  00 00 00 00 00 00 00 00  00 00 00 00 00 00 00 00  |................|
813F90:  00 00 00 00 00 00 00 00  00 00 00 00 00 00 00 00  |................|
813FA0:  00 00 00 00 00 00 00 00  00 00 00 00 00 00 00 00  |................|
813FB0:  00 00 00 00 00 00 00 00  00 00 00 00 00 00 00 00  |................|
813FC0:  00 00 00 00 00 00 00 00  00 00 00 00 00 00 00 00  |................|
813FD0:  00 00 00 00 00 00 00 00  00 00 00 00 00 00 00 00  |................|
813FE0:  00 00 00 00 00 00 00 00  00 00 00 00 00 00 00 00  |................|
813FF0:  00 00 00 00 00 00 00 00  00 00 00 00 00 00 00 00  |................|
814000:  00 00 00 00 00 00 00 00  00 00 00 00 00 00 00 00  |................|
814010:  00 00 00 00 00 00 00 00  00 00 00 00 00 00 00 00  |................|
814020:  00 00 00 00 00 00 00 00  00 00 00 00 00 00 00 00  |................|
814030:  00 00 00 00 00 00 00 00  00 00 00 00 00 00 00 00  |................|
814040:  00 00 00 00 00 00 00 00  00 00 00 00 00 00 00 00  |................|
814050:  00 00 00 00 00 00 00 00  00 00 00 00 00 00 00 00  |................|
814060:  00 00 00 00 00 00 00 00  00 00 00 00 00 00 00 00  |................|
814070:  00 00 00 00 00 00 00 00  00 00 00 00 00 00 00 00  |................|
814080:  00 00 00 00 00 00 00 00  00 00 00 00 00 00 00 00  |................|
814090:  00 00 00 00 00 00 00 00  00 00 00 00 00 00 00 00  |................|
8140A0:  00 00 00 00 00 00 00 00  00 00 00 00 00 00 00 00  |................|
8140B0:  00 00 00 00 00 00 00 00  00 00 00 00 00 00 00 00  |................|
8140C0:  00 00 00 00 00 00 00 00  00 00 00 00 00 00 00 00  |................|
8140D0:  00 00 00 00 00 00 00 00  00 00 00 00 00 00 00 00  |................|
8140E0:  00 00 00 00 00 00 00 00  00 00 00 00 00 00 00 00  |................|
8140F0:  00 00 00 00 00 00 00 00  00 00 00 00 00 00 00 00  |................|
814100:  00 00 00 00 00 00 00 00  00 00 00 00 00 00 00 00  |................|
814110:  00 00 00 00 00 00 00 00  00 00 00 00 00 00 00 00  |................|
814120:  00 00 00 00 00 00 00 00  00 00 00 00 00 00 00 00  |................|
814130:  00 00 00 00 00 00 00 00  00 00 00 00 00 00 00 00  |................|
814140:  00 00 00 00 00 00 00 00  00 00 00 00 00 00 00 00  |................|
814150:  00 00 00 00 00 00 00 00  00 00 00 00 00 00 00 00  |................|
814160:  00 00 00 00 00 00 00 00  00 00 00 00 00 00 00 00  |................|
814170:  00 00 00 00 00 00 00 00  00 00 00 00 00 00 00 00  |................|
814180:  00 00 00 00 00 00 00 00  00 00 00 00 00 00 00 00  |................|
814190:  00 00 00 00 00 00 00 00  00 00 00 00 00 00 00 00  |................|
8141A0:  00 00 00 00 00 00 00 00  00 00 00 00 00 00 00 00  |................|
8141B0:  00 00 00 00 00 00 00 00  00 00 00 00 00 00 00 00  |................|
8141C0:  00 00 00 00 00 00 00 00  00 00 00 00 00 00 00 00  |................|
8141D0:  00 00 00 00 00 00 00 00  00 00 00 00 00 00 00 00  |................|
8141E0:  00 00 00 00 00 00 00 00  00 00 00 00 00 00 00 00  |................|
8141F0:  00 00 00 00 00 00 00 00  00 00 00 00 00 00 00 00  |................|
814200:  00 FF 00 00 00 00 00 00  00 00 00 00 00 00 00 00  |................|
814210:  02 00 80 FF FF FF 00 00  00 00 00 00 00 00 00 00  |................|
814220:  00 00 00 00 00 00 00 00  00 00 00 00 00 00 00 00  |................|
814230:  00 00 00 00 00 00 00 00  00 00 00 00 00 00 00 00  |................|
814240:  00 00 00 00 00 00 00 00  00 00 00 00 00 00 00 00  |................|
814250:  00 00 00 00 00 00 00 00  00 00 00 00 00 00 00 00  |................|
814260:  00 00 00 00 00 00 00 00  00 00 00 00 00 00 00 00  |................|
814270:  00 00 00 00 00 00 00 00  00 00 00 00 00 00 00 00  |................|
814280:  00 00 00 00 00 00 00 00  00 00 00 00 00 00 00 00  |................|
814290:  00 00 00 00 00 00 00 00  00 00 00 00 00 00 00 00  |................|
8142A0:  00 00 00 00 00 00 00 00  00 00 00 00 00 00 00 00  |................|
8142B0:  00 00 00 00 00 00 00 00  00 00 00 00 00 00 00 00  |................|
8142C0:  00 00 00 00 00 00 00 00  00 00 00 00 00 00 00 00  |................|
8142D0:  00 00 00 00 00 00 00 00  00 00 00 00 00 00 00 00  |................|
8142E0:  00 00 00 00 00 00 00 00  00 00 00 00 00 00 00 00  |................|
8142F0:  00 00 00 00 00 00 00 00  00 00 00 00 00 00 00 00  |................|
814300:  09 18 52 00 00 00 00 FF  FF FF FF FF FF FF FF FF  |..R.............|
814310:  FF FF FF FF FF FF FF FF  FF FF FF FF FF FF FF FF  |................|
814320:  FF FF FF FF FF FF FF FF  FF FF FF FF FF FF FF FF  |................|
814330:  FF FF FF FF FF FF FF FF  FF FF FF FF FF FF FF FF  |................|
814340:  FF FF FF FF FF FF FF FF  FF FF FF FF FF FF FF FF  |................|
814350:  FF FF FF FF FF FF FF FF  FF FF FF FF FF FF FF FF  |................|
814360:  FF FF FF FF FF FF FF FF  FF FF FF FF FF FF FF FF  |................|
814370:  FF FF FF FF FF FF FF FF  FF FF FF FF FF FF FF FF  |................|
814380:  00 00 00 00 00 00 00 00  00 00 00 00 00 00 00 00  |................|
814390:  00 00 00 00 00 00 00 00  00 00 00 00 00 00 00 00  |................|
8143A0:  00 00 00 00 00 00 00 00  00 00 00 00 00 00 00 00  |................|
8143B0:  00 00 00 00 00 00 00 00  00 00 00 00 00 00 00 00  |................|
8143C0:  00 00 00 00 00 00 00 00  00 00 00 00 00 00 00 00  |................|
8143D0:  00 00 00 00 00 00 00 00  00 00 00 00 00 00 00 00  |................|
8143E0:  00 00 00 00 00 00 00 00  00 00 00 00 00 00 00 00  |................|
8143F0:  00 00 00 00 00 00 00 00  00 00 00 00 00 00 00 00  |................|
814400:  00 00 00 00 00 00 00 00  00 00 00 00 00 00 00 00  |................|
814410:  00 00 00 00 00 00 00 00  00 00 00 00 00 00 00 00  |................|
814420:  00 00 00 00 00 00 00 00  00 00 00 00 00 00 00 00  |................|
814430:  00 00 00 00 00 00 00 00  00 00 00 00 00 00 00 00  |................|
814440:  00 00 00 00 00 00 00 00  00 00 00 00 00 00 00 00  |................|
814450:  00 00 00 00 00 00 00 00  00 00 00 00 00 00 00 00  |................|
814460:  00 00 00 00 00 00 00 00  00 00 00 00 00 00 00 00  |................|
814470:  00 00 00 00 00 00 00 00  00 00 00 00 00 00 00 00  |................|
814480:  00 00 00 00 00 00 00 00  00 00 00 00 00 00 00 00  |................|
814490:  00 00 00 00 00 00 00 00  00 00 00 00 00 00 00 00  |................|
8144A0:  00 00 00 00 00 00 00 00  00 00 00 00 00 00 00 00  |................|
8144B0:  00 00 00 00 00 00 00 00  00 00 00 00 00 00 00 00  |................|
8144C0:  00 00 00 00 00 00 00 00  00 00 00 00 00 00 00 00  |................|
8144D0:  00 00 00 00 00 00 00 00  00 00 00 00 00 00 00 00  |................|
8144E0:  00 00 00 00 00 00 00 00  00 00 00 00 00 00 00 00  |................|
8144F0:  00 00 00 00 00 00 00 00  00 00 00 00 00 00 00 00  |................|
814500:  00 00 00 00 00 00 00 00  00 00 00 00 00 00 00 00  |................|
814510:  00 00 00 00 00 00 00 00  00 00 00 00 00 00 00 00  |................|
814520:  00 00 00 00 00 00 00 00  00 00 00 00 00 00 00 00  |................|
814530:  00 00 00 00 00 00 00 00  00 00 00 00 00 00 00 00  |................|
814540:  00 00 00 00 00 00 00 00  00 00 00 00 00 00 00 00  |................|
814550:  00 00 00 00 00 00 00 00  00 00 00 00 00 00 00 00  |................|
814560:  00 00 00 00 00 00 00 00  00 00 00 00 00 00 00 00  |................|
814570:  00 00 00 00 00 00 00 00  00 00 00 00 00 00 00 00  |................|
814580:  00 00 00 00 00 00 00 00  00 00 00 00 00 00 00 00  |................|
814590:  00 00 00 00 00 00 00 00  00 00 00 00 00 00 00 00  |................|
8145A0:  00 00 00 00 00 00 00 00  00 00 00 00 00 00 00 00  |................|
8145B0:  00 00 00 00 00 00 00 00  00 00 00 00 00 00 00 00  |................|
8145C0:  00 00 00 00 00 00 00 00  00 00 00 00 00 00 00 00  |................|
8145D0:  00 00 00 00 00 00 00 00  00 00 00 00 00 00 00 00  |................|
8145E0:  00 00 00 00 00 00 00 00  00 00 00 00 00 00 00 00  |................|
8145F0:  00 00 00 00 00 00 00 00  00 00 00 00 00 00 00 00  |................|
814600:  00 00 00 00 00 00 00 00  00 00 00 00 00 00 00 00  |................|
814610:  00 00 00 00 00 00 00 00  00 00 00 00 00 00 00 00  |................|
814620:  00 00 00 00 00 00 00 00  00 00 00 00 00 00 00 00  |................|
814630:  00 00 00 00 00 00 00 00  00 00 00 00 00 00 00 00  |................|
814640:  00 00 00 00 00 00 00 00  00 00 00 00 00 00 00 00  |................|
814650:  00 00 00 00 00 00 00 00  00 00 00 00 00 00 00 00  |................|
814660:  00 00 00 00 00 00 00 00  00 00 00 00 00 00 00 00  |................|
814670:  00 00 00 00 00 00 00 00  00 00 00 00 00 00 00 00  |................|
814680:  00 00 00 00 00 00 00 00  00 00 00 00 00 00 00 00  |................|
814690:  00 00 00 00 00 00 00 00  00 00 00 00 00 00 00 00  |................|
8146A0:  00 00 00 00 00 00 00 00  00 00 00 00 00 00 00 00  |................|
8146B0:  00 00 00 00 00 00 00 00  00 00 00 00 00 00 00 00  |................|
8146C0:  00 00 00 00 00 00 00 00  00 00 00 00 00 00 00 00  |................|
8146D0:  00 00 00 00 00 00 00 00  00 00 00 00 00 00 00 00  |................|
8146E0:  00 00 00 00 00 00 00 00  00 00 00 00 00 00 00 00  |................|
8146F0:  00 00 00 00 00 00 00 00  00 00 00 00 00 00 00 00  |................|
814700:  00 00 00 00 00 00 00 00  00 00 00 00 00 00 00 00  |................|
814710:  00 00 00 00 00 00 00 00  00 00 00 00 00 00 00 00  |................|
814720:  00 00 00 00 00 00 00 00  00 00 00 00 00 00 00 00  |................|
814730:  00 00 00 00 00 00 00 00  00 00 00 00 00 00 00 00  |................|
814740:  00 00 00 00 00 00 00 00  00 00 00 00 00 00 00 00  |................|
814750:  00 00 00 00 00 00 00 00  00 00 00 00 00 00 00 00  |................|
814760:  00 00 00 00 00 00 00 00  00 00 00 00 00 00 00 00  |................|
814770:  00 00 00 00 00 00 00 00  00 00 00 00 00 00 00 00  |................|
814780:  00 00 00 00 00 00 00 00  00 00 00 00 00 00 00 00  |................|
814790:  00 00 00 00 00 00 00 00  00 00 00 00 00 00 00 00  |................|
8147A0:  00 00 00 00 00 00 00 00  00 00 00 00 00 00 00 00  |................|
8147B0:  00 00 00 00 00 00 00 00  00 00 00 00 00 00 00 00  |................|
8147C0:  00 00 00 00 00 00 00 00  00 00 00 00 00 00 00 00  |................|
8147D0:  00 00 00 00 00 00 00 00  00 00 00 00 00 00 00 00  |................|
8147E0:  00 00 00 00 00 00 00 00  00 00 00 00 00 00 00 00  |................|
8147F0:  00 00 00 00 00 00 00 00  00 00 00 00 00 00 00 00  |................|
814800:  00 00 00 00 00 00 00 00  00 00 00 00 00 00 00 00  |................|
814810:  00 00 00 00 00 00 00 00  00 00 00 00 00 00 00 00  |................|
814820:  00 00 00 00 00 00 00 00  00 00 00 00 00 00 00 00  |................|
814830:  00 00 00 00 00 00 00 00  00 00 00 00 00 00 00 00  |................|
814840:  00 00 00 00 00 00 00 00  00 00 00 00 00 00 00 00  |................|
814850:  00 00 00 00 00 00 00 00  00 00 00 00 00 00 00 00  |................|
814860:  00 00 00 00 00 00 00 00  00 00 00 00 00 00 00 00  |................|
814870:  00 00 00 00 00 00 00 00  00 00 00 00 00 00 00 00  |................|
814880:  00 00 00 00 00 00 00 00  00 00 00 00 00 00 00 00  |................|
814890:  00 00 00 00 00 00 00 00  00 00 00 00 00 00 00 00  |................|
8148A0:  00 00 00 00 00 00 00 00  00 00 00 00 00 00 00 00  |................|
8148B0:  00 00 00 00 00 00 00 00  00 00 00 00 00 00 00 00  |................|
8148C0:  00 00 00 00 00 00 00 00  00 00 00 00 00 00 00 00  |................|
8148D0:  00 00 00 00 00 00 00 00  00 00 00 00 00 00 00 00  |................|
8148E0:  00 00 00 00 00 00 00 00  00 00 00 00 00 00 00 00  |................|
8148F0:  00 00 00 00 00 00 00 00  00 00 00 00 00 00 00 00  |................|
814900:  00 00 00 00 00 00 00 00  00 00 00 00 00 00 00 00  |................|
814910:  00 00 00 00 00 00 00 00  00 00 00 00 00 00 00 00  |................|
814920:  00 00 00 00 00 00 00 00  00 00 00 00 00 00 00 00  |................|
814930:  00 00 00 00 00 00 00 00  00 00 00 00 00 00 00 00  |................|
814940:  00 00 00 00 00 00 00 00  00 00 00 00 00 00 00 00  |................|
814950:  00 00 00 00 00 00 00 00  00 00 00 00 00 00 00 00  |................|
814960:  00 00 00 00 00 00 00 00  00 00 00 00 00 00 00 00  |................|
814970:  00 00 00 00 00 00 00 00  00 00 00 00 00 00 00 00  |................|
814980:  00 00 00 00 00 00 00 00  00 00 00 00 00 00 00 00  |................|
814990:  00 00 00 00 00 00 00 00  00 00 00 00 00 00 00 00  |................|
8149A0:  00 00 00 00 00 00 00 00  00 00 00 00 00 00 00 00  |................|
8149B0:  00 00 00 00 00 00 00 00  00 00 00 00 00 00 00 00  |................|
8149C0:  00 00 00 00 00 00 00 00  00 00 00 00 00 00 00 00  |................|
8149D0:  00 00 00 00 00 00 00 00  00 00 00 00 00 00 00 00  |................|
8149E0:  00 00 00 00 00 00 00 00  00 00 00 00 00 00 00 00  |................|
8149F0:  00 00 00 00 00 00 00 00  00 00 00 00 00 00 00 00  |................|
814A00:  00 00 00 00 00 00 00 00  00 00 00 00 00 00 00 00  |................|
814A10:  00 00 00 00 00 00 00 00  00 00 00 00 00 00 00 00  |................|
814A20:  00 00 00 00 00 00 00 00  00 00 00 00 00 00 00 00  |................|
814A30:  00 00 00 00 00 00 00 00  00 00 00 00 00 00 00 00  |................|
814A40:  00 00 00 00 00 00 00 00  00 00 00 00 00 00 00 00  |................|
814A50:  00 00 00 00 00 00 00 00  00 00 00 00 00 00 00 00  |................|
814A60:  00 00 00 00 00 00 00 00  00 00 00 00 00 00 00 00  |................|
814A70:  00 00 00 00 00 00 00 00  00 00 00 00 00 00 00 00  |................|
814A80:  00 00 00 00 00 00 00 00  00 00 00 00 00 00 00 00  |................|
814A90:  00 00 00 00 00 00 00 00  00 00 00 00 00 00 00 00  |................|
814AA0:  00 00 00 00 00 00 00 00  00 00 00 00 00 00 00 00  |................|
814AB0:  00 00 00 00 00 00 00 00  00 00 00 00 00 00 00 00  |................|
814AC0:  00 00 00 00 00 00 00 00  00 00 00 00 00 00 00 00  |................|
814AD0:  00 00 00 00 00 00 00 00  00 00 00 00 00 00 00 00  |................|
814AE0:  00 00 00 00 00 00 00 00  00 00 00 00 00 00 00 00  |................|
814AF0:  00 00 00 00 00 00 00 00  00 00 00 00 00 00 00 00  |................|
814B00:  00 00 00 00 00 00 00 00  00 00 00 00 00 00 00 00  |................|
814B10:  00 00 00 00 00 00 00 00  00 00 00 00 00 00 00 00  |................|
814B20:  00 00 00 00 00 00 00 00  00 00 00 00 00 00 00 00  |................|
814B30:  00 00 00 00 00 00 00 00  00 00 00 00 00 00 00 00  |................|
814B40:  00 00 00 00 00 00 00 00  00 00 00 00 00 00 00 00  |................|
814B50:  00 00 00 00 00 00 00 00  00 00 00 00 00 00 00 00  |................|
814B60:  00 00 00 00 00 00 00 00  00 00 00 00 00 00 00 00  |................|
814B70:  00 00 00 00 00 00 00 00  00 00 00 00 00 00 00 00  |................|
814B80:  00 00 00 00 00 00 00 00  00 00 00 00 00 00 00 00  |................|
814B90:  00 00 00 00 00 00 00 00  00 00 00 00 00 00 00 00  |................|
814BA0:  00 00 00 00 00 00 00 00  00 00 00 00 00 00 00 00  |................|
814BB0:  00 00 00 00 00 00 00 00  00 00 00 00 00 00 00 00  |................|
814BC0:  00 00 00 00 00 00 00 00  00 00 00 00 00 00 00 00  |................|
814BD0:  00 00 00 00 00 00 00 00  00 00 00 00 00 00 00 00  |................|
814BE0:  00 00 00 00 00 00 00 00  00 00 00 00 00 00 00 00  |................|
814BF0:  00 00 00 00 00 00 00 00  00 00 00 00 00 00 00 00  |................|
814C00:  00 00 00 00 00 00 00 00  00 00 00 00 00 00 00 00  |................|
814C10:  00 00 00 00 00 00 00 00  00 00 00 00 00 00 00 00  |................|
814C20:  00 00 00 00 00 00 00 00  00 00 00 00 00 00 00 00  |................|
814C30:  00 00 00 00 00 00 00 00  00 00 00 00 00 00 00 00  |................|
814C40:  00 00 00 00 00 00 00 00  00 00 00 00 00 00 00 00  |................|
814C50:  00 00 00 00 00 00 00 00  00 00 00 00 00 00 00 00  |................|
814C60:  00 00 00 00 00 00 00 00  00 00 00 00 00 00 00 00  |................|
814C70:  00 00 00 00 00 00 00 00  00 00 00 00 00 00 00 00  |................|
814C80:  00 00 00 00 00 00 00 00  00 00 00 00 00 00 00 00  |................|
814C90:  00 00 00 00 00 00 00 00  00 00 00 00 00 00 00 00  |................|
814CA0:  00 00 00 00 00 00 00 00  00 00 00 00 00 00 00 00  |................|
814CB0:  00 00 00 00 00 00 00 00  00 00 00 00 00 00 00 00  |................|
814CC0:  00 00 00 00 00 00 00 00  00 00 00 00 00 00 00 00  |................|
814CD0:  00 00 00 00 00 00 00 00  00 00 00 00 00 00 00 00  |................|
814CE0:  00 00 00 00 00 00 00 00  00 00 00 00 00 00 00 00  |................|
814CF0:  00 00 00 00 00 00 00 00  00 00 00 00 00 00 00 00  |................|
814D00:  00 00 00 00 00 00 00 00  00 00 00 00 00 00 00 00  |................|
814D10:  00 00 00 00 00 00 00 00  00 00 00 00 00 00 00 00  |................|
814D20:  00 00 00 00 00 00 00 00  00 00 00 00 00 00 00 00  |................|
814D30:  00 00 00 00 00 00 00 00  00 00 00 00 00 00 00 00  |................|
814D40:  00 00 00 00 00 00 00 00  00 00 00 00 00 00 00 00  |................|
814D50:  00 00 00 00 00 00 00 00  00 00 00 00 00 00 00 00  |................|
814D60:  00 00 00 00 00 00 00 00  00 00 00 00 00 00 00 00  |................|
814D70:  00 00 00 00 00 00 00 00  00 00 00 00 00 00 00 00  |................|
814D80:  00 00 00 00 00 00 00 00  00 00 00 00 00 00 00 00  |................|
814D90:  00 00 00 00 00 00 00 00  00 00 00 00 00 00 00 00  |................|
814DA0:  00 00 00 00 00 00 00 00  00 00 00 00 00 00 00 00  |................|
814DB0:  00 00 00 00 00 00 00 00  00 00 00 00 00 00 00 00  |................|
814DC0:  00 00 00 00 00 00 00 00  00 00 00 00 00 00 00 00  |................|
814DD0:  00 00 00 00 00 00 00 00  00 00 00 00 00 00 00 00  |................|
814DE0:  00 00 00 00 00 00 00 00  00 00 00 00 00 00 00 00  |................|
814DF0:  00 00 00 00 00 00 00 00  00 00 00 00 00 00 00 00  |................|
814E00:  00 00 00 00 00 00 00 00  00 00 00 00 00 00 00 00  |................|
814E10:  00 00 00 00 00 00 00 00  00 00 00 00 00 00 00 00  |................|
814E20:  00 00 00 00 00 00 00 00  00 00 00 00 00 00 00 00  |................|
814E30:  00 00 00 00 00 00 00 00  00 00 00 00 00 00 00 00  |................|
814E40:  00 00 00 00 00 00 00 00  00 00 00 00 00 00 00 00  |................|
814E50:  00 00 00 00 00 00 00 00  00 00 00 00 00 00 00 00  |................|
814E60:  00 00 00 00 00 00 00 00  00 00 00 00 00 00 00 00  |................|
814E70:  00 00 00 00 00 00 00 00  00 00 00 00 00 00 00 00  |................|
814E80:  00 00 00 00 00 00 00 00  00 00 00 00 00 00 00 00  |................|
814E90:  00 00 00 00 00 00 00 00  00 00 00 00 00 00 00 00  |................|
814EA0:  00 00 00 00 00 00 00 00  00 00 00 00 00 00 00 00  |................|
814EB0:  00 00 00 00 00 00 00 00  00 00 00 00 00 00 00 00  |................|
814EC0:  00 00 00 00 00 00 00 00  00 00 00 00 00 00 00 00  |................|
814ED0:  00 00 00 00 00 00 00 00  00 00 00 00 00 00 00 00  |................|
814EE0:  00 00 00 00 00 00 00 00  00 00 00 00 00 00 00 00  |................|
814EF0:  00 00 00 00 00 00 00 00  00 00 00 00 00 00 00 00  |................|
814F00:  00 00 00 00 00 00 00 00  00 00 00 00 00 00 00 00  |................|
814F10:  00 00 00 00 00 00 00 00  00 00 00 00 00 00 00 00  |................|
814F20:  00 00 00 00 00 00 00 00  00 00 00 00 00 00 00 00  |................|
814F30:  00 00 00 00 00 00 00 00  00 00 00 00 00 00 00 00  |................|
814F40:  00 00 00 00 00 00 00 00  00 00 00 00 00 00 00 00  |................|
814F50:  00 00 00 00 00 00 00 00  00 00 00 00 00 00 00 00  |................|
814F60:  00 00 00 00 00 00 00 00  00 00 00 00 00 00 00 00  |................|
814F70:  00 00 00 00 00 00 00 00  00 00 00 00 00 00 00 00  |................|
814F80:  00 00 00 00 00 00 00 00  00 00 00 00 00 00 00 00  |................|
814F90:  00 00 00 00 00 00 00 00  00 00 00 00 00 00 00 00  |................|
814FA0:  00 00 00 00 00 00 00 00  00 00 00 00 00 00 00 00  |................|
814FB0:  00 00 00 00 00 00 00 00  00 00 00 00 00 00 00 00  |................|
814FC0:  00 00 00 00 00 00 00 00  00 00 00 00 00 00 00 00  |................|
814FD0:  00 00 00 00 00 00 00 00  00 00 00 00 00 00 00 00  |................|
814FE0:  00 00 00 00 00 00 00 00  00 00 00 00 00 00 00 00  |................|
814FF0:  00 00 00 00 00 00 00 00  00 00 00 00 00 00 00 00  |................|
815000:  00 00 00 00 00 00 00 00  00 00 00 00 00 00 00 00  |................|
815010:  00 00 00 00 00 00 00 00  00 00 00 00 00 00 00 00  |................|
815020:  00 00 00 00 00 00 00 00  00 00 00 00 00 00 00 00  |................|
815030:  00 00 00 00 00 00 00 00  00 00 00 00 00 00 00 00  |................|
815040:  00 00 00 00 00 00 00 00  00 00 00 00 00 00 00 00  |................|
815050:  00 00 00 00 00 00 00 00  00 00 00 00 00 00 00 00  |................|
815060:  00 00 00 00 00 00 00 00  00 00 00 00 00 00 00 00  |................|
815070:  00 00 00 00 00 00 00 00  00 00 00 00 00 00 00 00  |................|
815080:  00 00 00 00 00 00 00 00  00 00 00 00 00 00 00 00  |................|
815090:  00 00 00 00 00 00 00 00  00 00 00 00 00 00 00 00  |................|
8150A0:  00 00 00 00 00 00 00 00  00 00 00 00 00 00 00 00  |................|
8150B0:  00 00 00 00 00 00 00 00  00 00 00 00 00 00 00 00  |................|
8150C0:  00 00 00 00 00 00 00 00  00 00 00 00 00 00 00 00  |................|
8150D0:  00 00 00 00 00 00 00 00  00 00 00 00 00 00 00 00  |................|
8150E0:  00 00 00 00 00 00 00 00  00 00 00 00 00 00 00 00  |................|
8150F0:  00 00 00 00 00 00 00 00  00 00 00 00 00 00 00 00  |................|
815100:  00 00 00 00 00 00 00 00  00 00 00 00 00 00 00 00  |................|
815110:  00 00 00 00 00 00 00 00  00 00 00 00 00 00 00 00  |................|
815120:  00 00 00 00 00 00 00 00  00 00 00 00 00 00 00 00  |................|
815130:  00 00 00 00 00 00 00 00  00 00 00 00 00 00 00 00  |................|
815140:  00 00 00 00 00 00 00 00  00 00 00 00 00 00 00 00  |................|
815150:  00 00 00 00 00 00 00 00  00 00 00 00 00 00 00 00  |................|
815160:  00 00 00 00 00 00 00 00  00 00 00 00 00 00 00 00  |................|
815170:  00 00 00 00 00 00 00 00  00 00 00 00 00 00 00 00  |................|
815180:  00 00 00 00 00 00 00 00  00 00 00 00 00 00 00 00  |................|
815190:  00 00 00 00 00 00 00 00  00 00 00 00 00 00 00 00  |................|
8151A0:  00 00 00 00 00 00 00 00  00 00 00 00 00 00 00 00  |................|
8151B0:  00 00 00 00 00 00 00 00  00 00 00 00 00 00 00 00  |................|
8151C0:  00 00 00 00 00 00 00 00  00 00 00 00 00 00 00 00  |................|
8151D0:  00 00 00 00 00 00 00 00  00 00 00 00 00 00 00 00  |................|
8151E0:  00 00 00 00 00 00 00 00  00 00 00 00 00 00 00 00  |................|
8151F0:  00 00 00 00 00 00 00 00  00 00 00 00 00 00 00 00  |................|
815200:  00 00 00 00 00 00 00 00  00 00 00 00 00 00 00 00  |................|
815210:  00 00 00 00 00 00 00 00  00 00 00 00 00 00 00 00  |................|
815220:  00 00 00 00 00 00 00 00  00 00 00 00 00 00 00 00  |................|
815230:  00 00 00 00 00 00 00 00  00 00 00 00 00 00 00 00  |................|
815240:  00 00 00 00 00 00 00 00  00 00 00 00 00 00 00 00  |................|
815250:  00 00 00 00 00 00 00 00  00 00 00 00 00 00 00 00  |................|
815260:  00 00 00 00 00 00 00 00  00 00 00 00 00 00 00 00  |................|
815270:  00 00 00 00 00 00 00 00  00 00 00 00 00 00 00 00  |................|
815280:  00 00 00 00 00 00 00 00  00 00 00 00 00 00 00 00  |................|
815290:  00 00 00 00 00 00 00 00  00 00 00 00 00 00 00 00  |................|
8152A0:  00 00 00 00 00 00 00 00  00 00 00 00 00 00 00 00  |................|
8152B0:  00 00 00 00 00 00 00 00  00 00 00 00 00 00 00 00  |................|
8152C0:  00 00 00 00 00 00 00 00  00 00 00 00 00 00 00 00  |................|
8152D0:  00 00 00 00 00 00 00 00  00 00 00 00 00 00 00 00  |................|
8152E0:  00 00 00 00 00 00 00 00  00 00 00 00 00 00 00 00  |................|
8152F0:  00 00 00 00 00 00 00 00  00 00 00 00 00 00 00 00  |................|
815300:  00 00 00 00 00 00 00 00  00 00 00 00 00 00 00 00  |................|
815310:  00 00 00 00 00 00 00 00  00 00 00 00 00 00 00 00  |................|
815320:  00 00 00 00 00 00 00 00  00 00 00 00 00 00 00 00  |................|
815330:  00 00 00 00 00 00 00 00  00 00 00 00 00 00 00 00  |................|
815340:  00 00 00 00 00 00 00 00  00 00 00 00 00 00 00 00  |................|
815350:  00 00 00 00 00 00 00 00  00 00 00 00 00 00 00 00  |................|
815360:  00 00 00 00 00 00 00 00  00 00 00 00 00 00 00 00  |................|
815370:  00 00 00 00 00 00 00 00  00 00 00 00 00 00 00 00  |................|
815380:  00 00 00 00 00 00 00 00  00 00 00 00 00 00 00 00  |................|
815390:  00 00 00 00 00 00 00 00  00 00 00 00 00 00 00 00  |................|
8153A0:  00 00 00 00 00 00 00 00  00 00 00 00 00 00 00 00  |................|
8153B0:  00 00 00 00 00 00 00 00  00 00 00 00 00 00 00 00  |................|
8153C0:  00 00 00 00 00 00 00 00  00 00 00 00 00 00 00 00  |................|
8153D0:  00 00 00 00 00 00 00 00  00 00 00 00 00 00 00 00  |................|
8153E0:  00 00 00 00 00 00 00 00  00 00 00 00 00 00 00 00  |................|
8153F0:  00 00 00 00 00 00 00 00  00 00 00 00 00 00 00 00  |................|
815400:  00 00 00 00 00 00 00 00  00 00 00 00 00 00 00 00  |................|
815410:  00 00 00 00 00 00 00 00  00 00 00 00 00 00 00 00  |................|
815420:  00 00 00 00 00 00 00 00  00 00 00 00 00 00 00 00  |................|
815430:  00 00 00 00 00 00 00 00  00 00 00 00 00 00 00 00  |................|
815440:  00 00 00 00 00 00 00 00  00 00 00 00 00 00 00 00  |................|
815450:  00 00 00 00 00 00 00 00  00 00 00 00 00 00 00 00  |................|
815460:  00 00 00 00 00 00 00 00  00 00 00 00 00 00 00 00  |................|
815470:  00 00 00 00 00 00 00 00  00 00 00 00 00 00 00 00  |................|
815480:  00 00 00 00 00 00 00 00  00 00 00 00 00 00 00 00  |................|
815490:  00 00 00 00 00 00 00 00  00 00 00 00 00 00 00 00  |................|
8154A0:  00 00 00 00 00 00 00 00  00 00 00 00 00 00 00 00  |................|
8154B0:  00 00 00 00 00 00 00 00  00 00 00 00 00 00 00 00  |................|
8154C0:  00 00 00 00 00 00 00 00  00 00 00 00 00 00 00 00  |................|
8154D0:  00 00 00 00 00 00 00 00  00 00 00 00 00 00 00 00  |................|
8154E0:  00 00 00 00 00 00 00 00  00 00 00 00 00 00 00 00  |................|
8154F0:  00 00 00 00 00 00 00 00  00 00 00 00 00 00 00 00  |................|
815500:  00 00 00 00 00 00 00 00  00 00 00 00 00 00 00 00  |................|
815510:  00 00 00 00 00 00 00 00  00 00 00 00 00 00 00 00  |................|
815520:  00 00 00 00 00 00 00 00  00 00 00 00 00 00 00 00  |................|
815530:  00 00 00 00 00 00 00 00  00 00 00 00 00 00 00 00  |................|
815540:  00 00 00 00 00 00 00 00  00 00 00 00 00 00 00 00  |................|
815550:  00 00 00 00 00 00 00 00  00 00 00 00 00 00 00 00  |................|
815560:  00 00 00 00 00 00 00 00  00 00 00 00 00 00 00 00  |................|
815570:  00 00 00 00 00 00 00 00  00 00 00 00 00 00 00 00  |................|
815580:  00 00 00 00 00 00 00 00  00 00 00 00 00 00 00 00  |................|
815590:  00 00 00 00 00 00 00 00  00 00 00 00 00 00 00 00  |................|
8155A0:  00 00 00 00 00 00 00 00  00 00 00 00 00 00 00 00  |................|
8155B0:  00 00 00 00 00 00 00 00  00 00 00 00 00 00 00 00  |................|
8155C0:  00 00 00 00 00 00 00 00  00 00 00 00 00 00 00 00  |................|
8155D0:  00 00 00 00 00 00 00 00  00 00 00 00 00 00 00 00  |................|
8155E0:  00 00 00 00 00 00 00 00  00 00 00 00 00 00 00 00  |................|
8155F0:  00 00 00 00 00 00 00 00  00 00 00 00 00 00 00 00  |................|
815600:  00 00 00 00 00 00 00 00  00 00 00 00 00 00 00 00  |................|
815610:  00 00 00 00 00 00 00 00  00 00 00 00 00 00 00 00  |................|
815620:  00 00 00 00 00 00 00 00  00 00 00 00 00 00 00 00  |................|
815630:  00 00 00 00 00 00 00 00  00 00 00 00 00 00 00 00  |................|
815640:  00 00 00 00 00 00 00 00  00 00 00 00 00 00 00 00  |................|
815650:  00 00 00 00 00 00 00 00  00 00 00 00 00 00 00 00  |................|
815660:  00 00 00 00 00 00 00 00  00 00 00 00 00 00 00 00  |................|
815670:  00 00 00 00 00 00 00 00  00 00 00 00 00 00 00 00  |................|
815680:  00 00 00 00 00 00 00 00  00 00 00 00 00 00 00 00  |................|
815690:  00 00 00 00 00 00 00 00  00 00 00 00 00 00 00 00  |................|
8156A0:  00 00 00 00 00 00 00 00  00 00 00 00 00 00 00 00  |................|
8156B0:  00 00 00 00 00 00 00 00  00 00 00 00 00 00 00 00  |................|
8156C0:  00 00 00 00 00 00 00 00  00 00 00 00 00 00 00 00  |................|
8156D0:  00 00 00 00 00 00 00 00  00 00 00 00 00 00 00 00  |................|
8156E0:  00 00 00 00 00 00 00 00  00 00 00 00 00 00 00 00  |................|
8156F0:  00 00 00 00 00 00 00 00  00 00 00 00 00 00 00 00  |................|
815700:  00 00 00 00 00 00 00 00  00 00 00 00 00 00 00 00  |................|
815710:  00 00 00 00 00 00 00 00  00 00 00 00 00 00 00 00  |................|
815720:  00 00 00 00 00 00 00 00  00 00 00 00 00 00 00 00  |................|
815730:  00 00 00 00 00 00 00 00  00 00 00 00 00 00 00 00  |................|
815740:  00 00 00 00 00 00 00 00  00 00 00 00 00 00 00 00  |................|
815750:  00 00 00 00 00 00 00 00  00 00 00 00 00 00 00 00  |................|
815760:  00 00 00 00 00 00 00 00  00 00 00 00 00 00 00 00  |................|
815770:  00 00 00 00 00 00 00 00  00 00 00 00 00 00 00 00  |................|
815780:  00 00 00 00 00 00 00 00  00 00 00 00 00 00 00 00  |................|
815790:  00 00 00 00 00 00 00 00  00 00 00 00 00 00 00 00  |................|
8157A0:  00 00 00 00 00 00 00 00  00 00 00 00 00 00 00 00  |................|
8157B0:  00 00 00 00 00 00 00 00  00 00 00 00 00 00 00 00  |................|
8157C0:  00 00 00 00 00 00 00 00  00 00 00 00 00 00 00 00  |................|
8157D0:  00 00 00 00 00 00 00 00  00 00 00 00 00 00 00 00  |................|
8157E0:  00 00 00 00 00 00 00 00  00 00 00 00 00 00 00 00  |................|
8157F0:  00 00 00 00 00 00 00 00  00 00 00 00 00 00 00 00  |................|
815800:  00 00 00 00 00 00 00 00  00 00 00 00 00 00 00 00  |................|
815810:  00 00 00 00 00 00 00 00  00 00 00 00 00 00 00 00  |................|
815820:  00 00 00 00 00 00 00 00  00 00 00 00 00 00 00 00  |................|
815830:  00 00 00 00 00 00 00 00  00 00 00 00 00 00 00 00  |................|
815840:  00 00 00 00 00 00 00 00  00 00 00 00 00 00 00 00  |................|
815850:  00 00 00 00 00 00 00 00  00 00 00 00 00 00 00 00  |................|
815860:  00 00 00 00 00 00 00 00  00 00 00 00 00 00 00 00  |................|
815870:  00 00 00 00 00 00 00 00  00 00 00 00 00 00 00 00  |................|
815880:  00 00 00 00 00 00 00 00  00 00 00 00 00 00 00 00  |................|
815890:  00 00 00 00 00 00 00 00  00 00 00 00 00 00 00 00  |................|
8158A0:  00 00 00 00 00 00 00 00  00 00 00 00 00 00 00 00  |................|
8158B0:  00 00 00 00 00 00 00 00  00 00 00 00 00 00 00 00  |................|
8158C0:  00 00 00 00 00 00 00 00  00 00 00 00 00 00 00 00  |................|
8158D0:  00 00 00 00 00 00 00 00  00 00 00 00 00 00 00 00  |................|
8158E0:  00 00 00 00 00 00 00 00  00 00 00 00 00 00 00 00  |................|
8158F0:  00 00 00 00 00 00 00 00  00 00 00 00 00 00 00 00  |................|
815900:  00 00 00 00 00 00 00 00  00 00 00 00 00 00 00 00  |................|
815910:  00 00 00 00 00 00 00 00  00 00 00 00 00 00 00 00  |................|
815920:  00 00 00 00 00 00 00 00  00 00 00 00 00 00 00 00  |................|
815930:  00 00 00 00 00 00 00 00  00 00 00 00 00 00 00 00  |................|
815940:  00 00 00 00 00 00 00 00  00 00 00 00 00 00 00 00  |................|
815950:  00 00 00 00 00 00 00 00  00 00 00 00 00 00 00 00  |................|
815960:  00 00 00 00 00 00 00 00  00 00 00 00 00 00 00 00  |................|
815970:  00 00 00 00 00 00 00 00  00 00 00 00 00 00 00 00  |................|
815980:  00 00 00 00 00 00 00 00  00 00 00 00 00 00 00 00  |................|
815990:  00 00 00 00 00 00 00 00  00 00 00 00 00 00 00 00  |................|
8159A0:  00 00 00 00 00 00 00 00  00 00 00 00 00 00 00 00  |................|
8159B0:  00 00 00 00 00 00 00 00  00 00 00 00 00 00 00 00  |................|
8159C0:  00 00 00 00 00 00 00 00  00 00 00 00 00 00 00 00  |................|
8159D0:  00 00 00 00 00 00 00 00  00 00 00 00 00 00 00 00  |................|
8159E0:  00 00 00 00 00 00 00 00  00 00 00 00 00 00 00 00  |................|
8159F0:  00 00 00 00 00 00 00 00  00 00 00 00 00 00 00 00  |................|
815A00:  00 00 00 00 00 00 00 00  00 00 00 00 00 00 00 00  |................|
815A10:  00 00 00 00 00 00 00 00  00 00 00 00 00 00 00 00  |................|
815A20:  00 00 00 00 00 00 00 00  00 00 00 00 00 00 00 00  |................|
815A30:  00 00 00 00 00 00 00 00  00 00 00 00 00 00 00 00  |................|
815A40:  00 00 00 00 00 00 00 00  00 00 00 00 00 00 00 00  |................|
815A50:  00 00 00 00 00 00 00 00  00 00 00 00 00 00 00 00  |................|
815A60:  00 00 00 00 00 00 00 00  00 00 00 00 00 00 00 00  |................|
815A70:  00 00 00 00 00 00 00 00  00 00 00 00 00 00 00 00  |................|
815A80:  00 00 00 00 00 00 00 00  00 00 00 00 00 00 00 00  |................|
815A90:  00 00 00 00 00 00 00 00  00 00 00 00 00 00 00 00  |................|
815AA0:  00 00 00 00 00 00 00 00  00 00 00 00 00 00 00 00  |................|
815AB0:  00 00 00 00 00 00 00 00  00 00 00 00 00 00 00 00  |................|
815AC0:  00 00 00 00 00 00 00 00  00 00 00 00 00 00 00 00  |................|
815AD0:  00 00 00 00 00 00 00 00  00 00 00 00 00 00 00 00  |................|
815AE0:  00 00 00 00 00 00 00 00  00 00 00 00 00 00 00 00  |................|
815AF0:  00 00 00 00 00 00 00 00  00 00 00 00 00 00 00 00  |................|
815B00:  00 00 00 00 00 00 00 00  00 00 00 00 00 00 00 00  |................|
815B10:  00 00 00 00 00 00 00 00  00 00 00 00 00 00 00 00  |................|
815B20:  00 00 00 00 00 00 00 00  00 00 00 00 00 00 00 00  |................|
815B30:  00 00 00 00 00 00 00 00  00 00 00 00 00 00 00 00  |................|
815B40:  00 00 00 00 00 00 00 00  00 00 00 00 00 00 00 00  |................|
815B50:  00 00 00 00 00 00 00 00  00 00 00 00 00 00 00 00  |................|
815B60:  00 00 00 00 00 00 00 00  00 00 00 00 00 00 00 00  |................|
815B70:  00 00 00 00 00 00 00 00  00 00 00 00 00 00 00 00  |................|
815B80:  00 00 00 00 00 00 00 00  00 00 00 00 00 00 00 00  |................|
815B90:  00 00 00 00 00 00 00 00  00 00 00 00 00 00 00 00  |................|
815BA0:  00 00 00 00 00 00 00 00  00 00 00 00 00 00 00 00  |................|
815BB0:  00 00 00 00 00 00 00 00  00 00 00 00 00 00 00 00  |................|
815BC0:  00 00 00 00 00 00 00 00  00 00 00 00 00 00 00 00  |................|
815BD0:  00 00 00 00 00 00 00 00  00 00 00 00 00 00 00 00  |................|
815BE0:  00 00 00 00 00 00 00 00  00 00 00 00 00 00 00 00  |................|
815BF0:  00 00 00 00 00 00 00 00  00 00 00 00 00 00 00 00  |................|
815C00:  00 00 00 00 00 00 00 00  00 00 00 00 00 00 00 00  |................|
815C10:  00 00 00 00 00 00 00 00  00 00 00 00 00 00 00 00  |................|
815C20:  00 00 00 00 00 00 00 00  00 00 00 00 00 00 00 00  |................|
815C30:  00 00 00 00 00 00 00 00  00 00 00 00 00 00 00 00  |................|
815C40:  00 00 00 00 00 00 00 00  00 00 00 00 00 00 00 00  |................|
815C50:  00 00 00 00 00 00 00 00  00 00 00 00 00 00 00 00  |................|
815C60:  00 00 00 00 00 00 00 00  00 00 00 00 00 00 00 00  |................|
815C70:  00 00 00 00 00 00 00 00  00 00 00 00 00 00 00 00  |................|
815C80:  00 00 00 00 00 00 00 00  00 00 00 00 00 00 00 00  |................|
815C90:  00 00 00 00 00 00 00 00  00 00 00 00 00 00 00 00  |................|
815CA0:  00 00 00 00 00 00 00 00  00 00 00 00 00 00 00 00  |................|
815CB0:  00 00 00 00 00 00 00 00  00 00 00 00 00 00 00 00  |................|
815CC0:  00 00 00 00 00 00 00 00  00 00 00 00 00 00 00 00  |................|
815CD0:  00 00 00 00 00 00 00 00  00 00 00 00 00 00 00 00  |................|
815CE0:  00 00 00 00 00 00 00 00  00 00 00 00 00 00 00 00  |................|
815CF0:  00 00 00 00 00 00 00 00  00 00 00 00 00 00 00 00  |................|
815D00:  00 00 00 00 00 00 00 00  00 00 00 00 00 00 00 00  |................|
815D10:  00 00 00 00 00 00 00 00  00 00 00 00 00 00 00 00  |................|
815D20:  00 00 00 00 00 00 00 00  00 00 00 00 00 00 00 00  |................|
815D30:  00 00 00 00 00 00 00 00  00 00 00 00 00 00 00 00  |................|
815D40:  00 00 00 00 00 00 00 00  00 00 00 00 00 00 00 00  |................|
815D50:  00 00 00 00 00 00 00 00  00 00 00 00 00 00 00 00  |................|
815D60:  00 00 00 00 00 00 00 00  00 00 00 00 00 00 00 00  |................|
815D70:  00 00 00 00 00 00 00 00  00 00 00 00 00 00 00 00  |................|
815D80:  00 00 00 00 00 00 00 00  00 00 00 00 00 00 00 00  |................|
815D90:  00 00 00 00 00 00 00 00  00 00 00 00 00 00 00 00  |................|
815DA0:  00 00 00 00 00 00 00 00  00 00 00 00 00 00 00 00  |................|
815DB0:  00 00 00 00 00 00 00 00  00 00 00 00 00 00 00 00  |................|
815DC0:  00 00 00 00 00 00 00 00  00 00 00 00 00 00 00 00  |................|
815DD0:  00 00 00 00 00 00 00 00  00 00 00 00 00 00 00 00  |................|
815DE0:  00 00 00 00 00 00 00 00  00 00 00 00 00 00 00 00  |................|
815DF0:  00 00 00 00 00 00 00 00  00 00 00 00 00 00 00 00  |................|
815E00:  00 00 00 00 00 00 00 00  00 00 00 00 00 00 00 00  |................|
815E10:  00 00 00 00 00 00 00 00  00 00 00 00 00 00 00 00  |................|
815E20:  00 00 00 00 00 00 00 00  00 00 00 00 00 00 00 00  |................|
815E30:  00 00 00 00 00 00 00 00  00 00 00 00 00 00 00 00  |................|
815E40:  00 00 00 00 00 00 00 00  00 00 00 00 00 00 00 00  |................|
815E50:  00 00 00 00 00 00 00 00  00 00 00 00 00 00 00 00  |................|
815E60:  00 00 00 00 00 00 00 00  00 00 00 00 00 00 00 00  |................|
815E70:  00 00 00 00 00 00 00 00  00 00 00 00 00 00 00 00  |................|
815E80:  00 00 00 00 00 00 00 00  00 00 00 00 00 00 00 00  |................|
815E90:  00 00 00 00 00 00 00 00  00 00 00 00 00 00 00 00  |................|
815EA0:  00 00 00 00 00 00 00 00  00 00 00 00 00 00 00 00  |................|
815EB0:  00 00 00 00 00 00 00 00  00 00 00 00 00 00 00 00  |................|
815EC0:  00 00 00 00 00 00 00 00  00 00 00 00 00 00 00 00  |................|
815ED0:  00 00 00 00 00 00 00 00  00 00 00 00 00 00 00 00  |................|
815EE0:  00 00 00 00 00 00 00 00  00 00 00 00 00 00 00 00  |................|
815EF0:  00 00 00 00 00 00 00 00  00 00 00 00 00 00 00 00  |................|
815F00:  00 00 00 00 00 00 00 00  00 00 00 00 00 00 00 00  |................|
815F10:  00 00 00 00 00 00 00 00  00 00 00 00 00 00 00 00  |................|
815F20:  00 00 00 00 00 00 00 00  00 00 00 00 00 00 00 00  |................|
815F30:  00 00 00 00 00 00 00 00  00 00 00 00 00 00 00 00  |................|
815F40:  00 00 00 00 00 00 00 00  00 00 00 00 00 00 00 00  |................|
815F50:  00 00 00 00 00 00 00 00  00 00 00 00 00 00 00 00  |................|
815F60:  00 00 00 00 00 00 00 00  00 00 00 00 00 00 00 00  |................|
815F70:  00 00 00 00 00 00 00 00  00 00 00 00 00 00 00 00  |................|
815F80:  00 00 00 00 00 00 00 00  00 00 00 00 00 00 00 00  |................|
815F90:  00 00 00 00 00 00 00 00  00 00 00 00 00 00 00 00  |................|
815FA0:  00 00 00 00 00 00 00 00  00 00 00 00 00 00 00 00  |................|
815FB0:  00 00 00 00 00 00 00 00  00 00 00 00 00 00 00 00  |................|
815FC0:  00 00 00 00 00 00 00 00  00 00 00 00 00 00 00 00  |................|
815FD0:  00 00 00 00 00 00 00 00  00 00 00 00 00 00 00 00  |................|
815FE0:  00 00 00 00 00 00 00 00  00 00 00 00 00 00 00 00  |................|
815FF0:  00 00 00 00 00 00 00 00  00 00 00 00 00 00 00 00  |................|
816000:  00 00 00 00 00 00 00 00  00 00 00 00 00 00 00 00  |................|
816010:  00 00 00 00 00 00 00 00  00 00 00 00 00 00 00 00  |................|
816020:  00 00 00 00 00 00 00 00  00 00 00 00 00 00 00 00  |................|
816030:  00 00 00 00 00 00 00 00  00 00 00 00 00 00 00 00  |................|
816040:  00 00 00 00 00 00 00 00  00 00 00 00 00 00 00 00  |................|
816050:  00 00 00 00 00 00 00 00  00 00 00 00 00 00 00 00  |................|
816060:  00 00 00 00 00 00 00 00  00 00 00 00 00 00 00 00  |................|
816070:  00 00 00 00 00 00 00 00  00 00 00 00 00 00 00 00  |................|
816080:  00 00 00 00 00 00 00 00  00 00 00 00 00 00 00 00  |................|
816090:  00 00 00 00 00 00 00 00  00 00 00 00 00 00 00 00  |................|
8160A0:  00 00 00 00 00 00 00 00  00 00 00 00 00 00 00 00  |................|
8160B0:  00 00 00 00 00 00 00 00  00 00 00 00 00 00 00 00  |................|
8160C0:  00 00 00 00 00 00 00 00  00 00 00 00 00 00 00 00  |................|
8160D0:  00 00 00 00 00 00 00 00  00 00 00 00 00 00 00 00  |................|
8160E0:  00 00 00 00 00 00 00 00  00 00 00 00 00 00 00 00  |................|
8160F0:  00 00 00 00 00 00 00 00  00 00 00 00 00 00 00 00  |................|
816100:  00 00 00 00 00 00 00 00  00 00 00 00 00 00 00 00  |................|
816110:  00 00 00 00 00 00 00 00  00 00 00 00 00 00 00 00  |................|
816120:  00 00 00 00 00 00 00 00  00 00 00 00 00 00 00 00  |................|
816130:  00 00 00 00 00 00 00 00  00 00 00 00 00 00 00 00  |................|
816140:  00 00 00 00 00 00 00 00  00 00 00 00 00 00 00 00  |................|
816150:  00 00 00 00 00 00 00 00  00 00 00 00 00 00 00 00  |................|
816160:  00 00 00 00 00 00 00 00  00 00 00 00 00 00 00 00  |................|
816170:  00 00 00 00 00 00 00 00  00 00 00 00 00 00 00 00  |................|
816180:  00 00 00 00 00 00 00 00  00 00 00 00 00 00 00 00  |................|
816190:  00 00 00 00 00 00 00 00  00 00 00 00 00 00 00 00  |................|
8161A0:  00 00 00 00 00 00 00 00  00 00 00 00 00 00 00 00  |................|
8161B0:  00 00 00 00 00 00 00 00  00 00 00 00 00 00 00 00  |................|
8161C0:  00 00 00 00 00 00 00 00  00 00 00 00 00 00 00 00  |................|
8161D0:  00 00 00 00 00 00 00 00  00 00 00 00 00 00 00 00  |................|
8161E0:  00 00 00 00 00 00 00 00  00 00 00 00 00 00 00 00  |................|
8161F0:  00 00 00 00 00 00 00 00  00 00 00 00 00 00 00 00  |................|
816200:  00 00 00 00 00 00 00 00  00 00 00 00 00 00 00 00  |................|
816210:  00 00 00 00 00 00 00 00  00 00 00 00 00 00 00 00  |................|
816220:  00 00 00 00 00 00 00 00  00 00 00 00 00 00 00 00  |................|
816230:  00 00 00 00 00 00 00 00  00 00 00 00 00 00 00 00  |................|
816240:  00 00 00 00 00 00 00 00  00 00 00 00 00 00 00 00  |................|
816250:  00 00 00 00 00 00 00 00  00 00 00 00 00 00 00 00  |................|
816260:  00 00 00 00 00 00 00 00  00 00 00 00 00 00 00 00  |................|
816270:  00 00 00 00 00 00 00 00  00 00 00 00 00 00 00 00  |................|
816280:  00 00 00 00 00 00 00 00  00 00 00 00 00 00 00 00  |................|
816290:  00 00 00 00 00 00 00 00  00 00 00 00 00 00 00 00  |................|
8162A0:  00 00 00 00 00 00 00 00  00 00 00 00 00 00 00 00  |................|
8162B0:  00 00 00 00 00 00 00 00  00 00 00 00 00 00 00 00  |................|
8162C0:  00 00 00 00 00 00 00 00  00 00 00 00 00 00 00 00  |................|
8162D0:  00 00 00 00 00 00 00 00  00 00 00 00 00 00 00 00  |................|
8162E0:  00 00 00 00 00 00 00 00  00 00 00 00 00 00 00 00  |................|
8162F0:  00 00 00 00 00 00 00 00  00 00 00 00 00 00 00 00  |................|
816300:  00 00 00 00 00 00 00 00  00 00 00 00 00 00 00 00  |................|
816310:  00 00 00 00 00 00 00 00  00 00 00 00 00 00 00 00  |................|
816320:  00 00 00 00 00 00 00 00  00 00 00 00 00 00 00 00  |................|
816330:  00 00 00 00 00 00 00 00  00 00 00 00 00 00 00 00  |................|
816340:  00 00 00 00 00 00 00 00  00 00 00 00 00 00 00 00  |................|
816350:  00 00 00 00 00 00 00 00  00 00 00 00 00 00 00 00  |................|
816360:  00 00 00 00 00 00 00 00  00 00 00 00 00 00 00 00  |................|
816370:  00 00 00 00 00 00 00 00  00 00 00 00 00 00 00 00  |................|
816380:  00 00 00 00 00 00 00 00  00 00 00 00 00 00 00 00  |................|
816390:  00 00 00 00 00 00 00 00  00 00 00 00 00 00 00 00  |................|
8163A0:  00 00 00 00 00 00 00 00  00 00 00 00 00 00 00 00  |................|
8163B0:  00 00 00 00 00 00 00 00  00 00 00 00 00 00 00 00  |................|
8163C0:  00 00 00 00 00 00 00 00  00 00 00 00 00 00 00 00  |................|
8163D0:  00 00 00 00 00 00 00 00  00 00 00 00 00 00 00 00  |................|
8163E0:  00 00 00 00 00 00 00 00  00 00 00 00 00 00 00 00  |................|
8163F0:  00 00 00 00 00 00 00 00  00 00 00 00 00 00 00 00  |................|
816400:  00 00 00 00 00 00 00 00  00 00 00 00 00 00 00 00  |................|
816410:  00 00 00 00 00 00 00 00  00 00 00 00 00 00 00 00  |................|
816420:  00 00 00 00 00 00 00 00  00 00 00 00 00 00 00 00  |................|
816430:  00 00 00 00 00 00 00 00  00 00 00 00 00 00 00 00  |................|
816440:  00 00 00 00 00 00 00 00  00 00 00 00 00 00 00 00  |................|
816450:  00 00 00 00 00 00 00 00  00 00 00 00 00 00 00 00  |................|
816460:  00 00 00 00 00 00 00 00  00 00 00 00 00 00 00 00  |................|
816470:  00 00 00 00 00 00 00 00  00 00 00 00 00 00 00 00  |................|
816480:  00 00 00 00 00 00 00 00  00 00 00 00 00 00 00 00  |................|
816490:  00 00 00 00 00 00 00 00  00 00 00 00 00 00 00 00  |................|
8164A0:  00 00 00 00 00 00 00 00  00 00 00 00 00 00 00 00  |................|
8164B0:  00 00 00 00 00 00 00 00  00 00 00 00 00 00 00 00  |................|
8164C0:  00 00 00 00 00 00 00 00  00 00 00 00 00 00 00 00  |................|
8164D0:  00 00 00 00 00 00 00 00  00 00 00 00 00 00 00 00  |................|
8164E0:  00 00 00 00 00 00 00 00  00 00 00 00 00 00 00 00  |................|
8164F0:  00 00 00 00 00 00 00 00  00 00 00 00 00 00 00 00  |................|
816500:  00 00 00 00 00 00 00 00  00 00 00 00 00 00 00 00  |................|
816510:  00 00 00 00 00 00 00 00  00 00 00 00 00 00 00 00  |................|
816520:  00 00 00 00 00 00 00 00  00 00 00 00 00 00 00 00  |................|
816530:  00 00 00 00 00 00 00 00  00 00 00 00 00 00 00 00  |................|
816540:  00 00 00 00 00 00 00 00  00 00 00 00 00 00 00 00  |................|
816550:  00 00 00 00 00 00 00 00  00 00 00 00 00 00 00 00  |................|
816560:  00 00 00 00 00 00 00 00  00 00 00 00 00 00 00 00  |................|
816570:  00 00 00 00 00 00 00 00  00 00 00 00 00 00 00 00  |................|
816580:  00 00 00 00 00 00 00 00  00 00 00 00 00 00 00 00  |................|
816590:  00 00 00 00 00 00 00 00  00 00 00 00 00 00 00 00  |................|
8165A0:  00 00 00 00 00 00 00 00  00 00 00 00 00 00 00 00  |................|
8165B0:  00 00 00 00 00 00 00 00  00 00 00 00 00 00 00 00  |................|
8165C0:  00 00 00 00 00 00 00 00  00 00 00 00 00 00 00 00  |................|
8165D0:  00 00 00 00 00 00 00 00  00 00 00 00 00 00 00 00  |................|
8165E0:  00 00 00 00 00 00 00 00  00 00 00 00 00 00 00 00  |................|
8165F0:  00 00 00 00 00 00 00 00  00 00 00 00 00 00 00 00  |................|
816600:  00 00 00 00 00 00 00 00  00 00 00 00 00 00 00 00  |................|
816610:  00 00 00 00 00 00 00 00  00 00 00 00 00 00 00 00  |................|
816620:  00 00 00 00 00 00 00 00  00 00 00 00 00 00 00 00  |................|
816630:  00 00 00 00 00 00 00 00  00 00 00 00 00 00 00 00  |................|
816640:  00 00 00 00 00 00 00 00  00 00 00 00 00 00 00 00  |................|
816650:  00 00 00 00 00 00 00 00  00 00 00 00 00 00 00 00  |................|
816660:  00 00 00 00 00 00 00 00  00 00 00 00 00 00 00 00  |................|
816670:  00 00 00 00 00 00 00 00  00 00 00 00 00 00 00 00  |................|
816680:  00 00 00 00 00 00 00 00  00 00 00 00 00 00 00 00  |................|
816690:  00 00 00 00 00 00 00 00  00 00 00 00 00 00 00 00  |................|
8166A0:  00 00 00 00 00 00 00 00  00 00 00 00 00 00 00 00  |................|
8166B0:  00 00 00 00 00 00 00 00  00 00 00 00 00 00 00 00  |................|
8166C0:  00 00 00 00 00 00 00 00  00 00 00 00 00 00 00 00  |................|
8166D0:  00 00 00 00 00 00 00 00  00 00 00 00 00 00 00 00  |................|
8166E0:  00 00 00 00 00 00 00 00  00 00 00 00 00 00 00 00  |................|
8166F0:  00 00 00 00 00 00 00 00  00 00 00 00 00 00 00 00  |................|
816700:  00 00 00 00 00 00 00 00  00 00 00 00 00 00 00 00  |................|
816710:  00 00 00 00 00 00 00 00  00 00 00 00 00 00 00 00  |................|
816720:  00 00 00 00 00 00 00 00  00 00 00 00 00 00 00 00  |................|
816730:  00 00 00 00 00 00 00 00  00 00 00 00 00 00 00 00  |................|
816740:  00 00 00 00 00 00 00 00  00 00 00 00 00 00 00 00  |................|
816750:  00 00 00 00 00 00 00 00  00 00 00 00 00 00 00 00  |................|
816760:  00 00 00 00 00 00 00 00  00 00 00 00 00 00 00 00  |................|
816770:  00 00 00 00 00 00 00 00  00 00 00 00 00 00 00 00  |................|
816780:  00 00 00 00 00 00 00 00  00 00 00 00 00 00 00 00  |................|
816790:  00 00 00 00 00 00 00 00  00 00 00 00 00 00 00 00  |................|
8167A0:  00 00 00 00 00 00 00 00  00 00 00 00 00 00 00 00  |................|
8167B0:  00 00 00 00 00 00 00 00  00 00 00 00 00 00 00 00  |................|
8167C0:  00 00 00 00 00 00 00 00  00 00 00 00 00 00 00 00  |................|
8167D0:  00 00 00 00 00 00 00 00  00 00 00 00 00 00 00 00  |................|
8167E0:  00 00 00 00 00 00 00 00  00 00 00 00 00 00 00 00  |................|
8167F0:  00 00 00 00 00 00 00 00  00 00 00 00 00 00 00 00  |................|
816800:  00 00 00 00 00 00 00 00  00 00 00 00 00 00 00 00  |................|
816810:  00 00 00 00 00 00 00 00  00 00 00 00 00 00 00 00  |................|
816820:  00 00 00 00 00 00 00 00  00 00 00 00 00 00 00 00  |................|
816830:  00 00 00 00 00 00 00 00  00 00 00 00 00 00 00 00  |................|
816840:  00 00 00 00 00 00 00 00  00 00 00 00 00 00 00 00  |................|
816850:  00 00 00 00 00 00 00 00  00 00 00 00 00 00 00 00  |................|
816860:  00 00 00 00 00 00 00 00  00 00 00 00 00 00 00 00  |................|
816870:  00 00 00 00 00 00 00 00  00 00 00 00 00 00 00 00  |................|
816880:  00 00 00 00 00 00 00 00  00 00 00 00 00 00 00 00  |................|
816890:  00 00 00 00 00 00 00 00  00 00 00 00 00 00 00 00  |................|
8168A0:  00 00 00 00 00 00 00 00  00 00 00 00 00 00 00 00  |................|
8168B0:  00 00 00 00 00 00 00 00  00 00 00 00 00 00 00 00  |................|
8168C0:  00 00 00 00 00 00 00 00  00 00 00 00 00 00 00 00  |................|
8168D0:  00 00 00 00 00 00 00 00  00 00 00 00 00 00 00 00  |................|
8168E0:  00 00 00 00 00 00 00 00  00 00 00 00 00 00 00 00  |................|
8168F0:  00 00 00 00 00 00 00 00  00 00 00 00 00 00 00 00  |................|
816900:  00 00 00 00 00 00 00 00  00 00 00 00 00 00 00 00  |................|
816910:  00 00 00 00 00 00 00 00  00 00 00 00 00 00 00 00  |................|
816920:  00 00 00 00 00 00 00 00  00 00 00 00 00 00 00 00  |................|
816930:  00 00 00 00 00 00 00 00  00 00 00 00 00 00 00 00  |................|
816940:  00 00 00 00 00 00 00 00  00 00 00 00 00 00 00 00  |................|
816950:  00 00 00 00 00 00 00 00  00 00 00 00 00 00 00 00  |................|
816960:  00 00 00 00 00 00 00 00  00 00 00 00 00 00 00 00  |................|
816970:  00 00 00 00 00 00 00 00  00 00 00 00 00 00 00 00  |................|
816980:  00 00 00 00 00 00 00 00  00 00 00 00 00 00 00 00  |................|
816990:  00 00 00 00 00 00 00 00  00 00 00 00 00 00 00 00  |................|
8169A0:  00 00 00 00 00 00 00 00  00 00 00 00 00 00 00 00  |................|
8169B0:  00 00 00 00 00 00 00 00  00 00 00 00 00 00 00 00  |................|
8169C0:  00 00 00 00 00 00 00 00  00 00 00 00 00 00 00 00  |................|
8169D0:  00 00 00 00 00 00 00 00  00 00 00 00 00 00 00 00  |................|
8169E0:  00 00 00 00 00 00 00 00  00 00 00 00 00 00 00 00  |................|
8169F0:  00 00 00 00 00 00 00 00  00 00 00 00 00 00 00 00  |................|
816A00:  00 00 00 00 00 00 00 00  00 00 00 00 00 00 00 00  |................|
816A10:  00 00 00 00 00 00 00 00  00 00 00 00 00 00 00 00  |................|
816A20:  00 00 00 00 00 00 00 00  00 00 00 00 00 00 00 00  |................|
816A30:  00 00 00 00 00 00 00 00  00 00 00 00 00 00 00 00  |................|
816A40:  00 00 00 00 00 00 00 00  00 00 00 00 00 00 00 00  |................|
816A50:  00 00 00 00 00 00 00 00  00 00 00 00 00 00 00 00  |................|
816A60:  00 00 00 00 00 00 00 00  00 00 00 00 00 00 00 00  |................|
816A70:  00 00 00 00 00 00 00 00  00 00 00 00 00 00 00 00  |................|
816A80:  00 00 00 00 00 00 00 00  00 00 00 00 00 00 00 00  |................|
816A90:  00 00 00 00 00 00 00 00  00 00 00 00 00 00 00 00  |................|
816AA0:  00 00 00 00 00 00 00 00  00 00 00 00 00 00 00 00  |................|
816AB0:  00 00 00 00 00 00 00 00  00 00 00 00 00 00 00 00  |................|
816AC0:  00 00 00 00 00 00 00 00  00 00 00 00 00 00 00 00  |................|
816AD0:  00 00 00 00 00 00 00 00  00 00 00 00 00 00 00 00  |................|
816AE0:  00 00 00 00 00 00 00 00  00 00 00 00 00 00 00 00  |................|
816AF0:  00 00 00 00 00 00 00 00  00 00 00 00 00 00 00 00  |................|
816B00:  00 00 00 00 00 00 00 00  00 00 00 00 00 00 00 00  |................|
816B10:  00 00 00 00 00 00 00 00  00 00 00 00 00 00 00 00  |................|
816B20:  00 00 00 00 00 00 00 00  00 00 00 00 00 00 00 00  |................|
816B30:  00 00 00 00 00 00 00 00  00 00 00 00 00 00 00 00  |................|
816B40:  00 00 00 00 00 00 00 00  00 00 00 00 00 00 00 00  |................|
816B50:  00 00 00 00 00 00 00 00  00 00 00 00 00 00 00 00  |................|
816B60:  00 00 00 00 00 00 00 00  00 00 00 00 00 00 00 00  |................|
816B70:  00 00 00 00 00 00 00 00  00 00 00 00 00 00 00 00  |................|
816B80:  00 00 00 00 00 00 00 00  00 00 00 00 00 00 00 00  |................|
816B90:  00 00 00 00 00 00 00 00  00 00 00 00 00 00 00 00  |................|
816BA0:  00 00 00 00 00 00 00 00  00 00 00 00 00 00 00 00  |................|
816BB0:  00 00 00 00 00 00 00 00  00 00 00 00 00 00 00 00  |................|
816BC0:  00 00 00 00 00 00 00 00  00 00 00 00 00 00 00 00  |................|
816BD0:  00 00 00 00 00 00 00 00  00 00 00 00 00 00 00 00  |................|
816BE0:  00 00 00 00 00 00 00 00  00 00 00 00 00 00 00 00  |................|
816BF0:  00 00 00 00 00 00 00 00  00 00 00 00 00 00 00 00  |................|
816C00:  00 00 00 00 00 00 00 00  00 00 00 00 00 00 00 00  |................|
816C10:  00 00 00 00 00 00 00 00  00 00 00 00 00 00 00 00  |................|
816C20:  00 00 00 00 00 00 00 00  00 00 00 00 00 00 00 00  |................|
816C30:  00 00 00 00 00 00 00 00  00 00 00 00 00 00 00 00  |................|
816C40:  00 00 00 00 00 00 00 00  00 00 00 00 00 00 00 00  |................|
816C50:  00 00 00 00 00 00 00 00  00 00 00 00 00 00 00 00  |................|
816C60:  00 00 00 00 00 00 00 00  00 00 00 00 00 00 00 00  |................|
816C70:  00 00 00 00 00 00 00 00  00 00 00 00 00 00 00 00  |................|
816C80:  00 00 00 00 00 00 00 00  00 00 00 00 00 00 00 00  |................|
816C90:  00 00 00 00 00 00 00 00  00 00 00 00 00 00 00 00  |................|
816CA0:  00 00 00 00 00 00 00 00  00 00 00 00 00 00 00 00  |................|
816CB0:  00 00 00 00 00 00 00 00  00 00 00 00 00 00 00 00  |................|
816CC0:  00 00 00 00 00 00 00 00  00 00 00 00 00 00 00 00  |................|
816CD0:  00 00 00 00 00 00 00 00  00 00 00 00 00 00 00 00  |................|
816CE0:  00 00 00 00 00 00 00 00  00 00 00 00 00 00 00 00  |................|
816CF0:  00 00 00 00 00 00 00 00  00 00 00 00 00 00 00 00  |................|
816D00:  00 00 00 00 00 00 00 00  00 00 00 00 00 00 00 00  |................|
816D10:  00 00 00 00 00 00 00 00  00 00 00 00 00 00 00 00  |................|
816D20:  00 00 00 00 00 00 00 00  00 00 00 00 00 00 00 00  |................|
816D30:  00 00 00 00 00 00 00 00  00 00 00 00 00 00 00 00  |................|
816D40:  00 00 00 00 00 00 00 00  00 00 00 00 00 00 00 00  |................|
816D50:  00 00 00 00 00 00 00 00  00 00 00 00 00 00 00 00  |................|
816D60:  00 00 00 00 00 00 00 00  00 00 00 00 00 00 00 00  |................|
816D70:  00 00 00 00 00 00 00 00  00 00 00 00 00 00 00 00  |................|
816D80:  00 00 00 00 00 00 00 00  00 00 00 00 00 00 00 00  |................|
816D90:  00 00 00 00 00 00 00 00  00 00 00 00 00 00 00 00  |................|
816DA0:  00 00 00 00 00 00 00 00  00 00 00 00 00 00 00 00  |................|
816DB0:  00 00 00 00 00 00 00 00  00 00 00 00 00 00 00 00  |................|
816DC0:  00 00 00 00 00 00 00 00  00 00 00 00 00 00 00 00  |................|
816DD0:  00 00 00 00 00 00 00 00  00 00 00 00 00 00 00 00  |................|
816DE0:  00 00 00 00 00 00 00 00  00 00 00 00 00 00 00 00  |................|
816DF0:  00 00 00 00 00 00 00 00  00 00 00 00 00 00 00 00  |................|
816E00:  00 00 00 00 00 00 00 00  00 00 00 00 00 00 00 00  |................|
816E10:  00 00 00 00 00 00 00 00  00 00 00 00 00 00 00 00  |................|
816E20:  00 00 00 00 00 00 00 00  00 00 00 00 00 00 00 00  |................|
816E30:  00 00 00 00 00 00 00 00  00 00 00 00 00 00 00 00  |................|
816E40:  00 00 00 00 00 00 00 00  00 00 00 00 00 00 00 00  |................|
816E50:  00 00 00 00 00 00 00 00  00 00 00 00 00 00 00 00  |................|
816E60:  00 00 00 00 00 00 00 00  00 00 00 00 00 00 00 00  |................|
816E70:  00 00 00 00 00 00 00 00  00 00 00 00 00 00 00 00  |................|
816E80:  00 00 00 00 00 00 00 00  00 00 00 00 00 00 00 00  |................|
816E90:  00 00 00 00 00 00 00 00  00 00 00 00 00 00 00 00  |................|
816EA0:  00 00 00 00 00 00 00 00  00 00 00 00 00 00 00 00  |................|
816EB0:  00 00 00 00 00 00 00 00  00 00 00 00 00 00 00 00  |................|
816EC0:  00 00 00 00 00 00 00 00  00 00 00 00 00 00 00 00  |................|
816ED0:  00 00 00 00 00 00 00 00  00 00 00 00 00 00 00 00  |................|
816EE0:  00 00 00 00 00 00 00 00  00 00 00 00 00 00 00 00  |................|
816EF0:  00 00 00 00 00 00 00 00  00 00 00 00 00 00 00 00  |................|
816F00:  00 00 00 00 00 00 00 00  00 00 00 00 00 00 00 00  |................|
816F10:  00 00 00 00 00 00 00 00  00 00 00 00 00 00 00 00  |................|
816F20:  00 00 00 00 00 00 00 00  00 00 00 00 00 00 00 00  |................|
816F30:  00 00 00 00 00 00 00 00  00 00 00 00 00 00 00 00  |................|
816F40:  00 00 00 00 00 00 00 00  00 00 00 00 00 00 00 00  |................|
816F50:  00 00 00 00 00 00 00 00  00 00 00 00 00 00 00 00  |................|
816F60:  00 00 00 00 00 00 00 00  00 00 00 00 00 00 00 00  |................|
816F70:  00 00 00 00 00 00 00 00  00 00 00 00 00 00 00 00  |................|
816F80:  00 00 00 00 00 00 00 00  00 00 00 00 00 00 00 00  |................|
816F90:  00 00 00 00 00 00 00 00  00 00 00 00 00 00 00 00  |................|
816FA0:  00 00 00 00 00 00 00 00  00 00 00 00 00 00 00 00  |................|
816FB0:  00 00 00 00 00 00 00 00  00 00 00 00 00 00 00 00  |................|
816FC0:  00 00 00 00 00 00 00 00  00 00 00 00 00 00 00 00  |................|
816FD0:  00 00 00 00 00 00 00 00  00 00 00 00 00 00 00 00  |................|
816FE0:  00 00 00 00 00 00 00 00  00 00 00 00 00 00 00 00  |................|
816FF0:  00 00 00 00 00 00 00 00  00 00 00 00 00 00 00 00  |................|
817000:  00 00 00 00 00 00 00 00  00 00 00 00 00 00 00 00  |................|
817010:  00 00 00 00 00 00 00 00  00 00 00 00 00 00 00 00  |................|
817020:  00 00 00 00 00 00 00 00  00 00 00 00 00 00 00 00  |................|
817030:  00 00 00 00 00 00 00 00  00 00 00 00 00 00 00 00  |................|
817040:  00 00 00 00 00 00 00 00  00 00 00 00 00 00 00 00  |................|
817050:  00 00 00 00 00 00 00 00  00 00 00 00 00 00 00 00  |................|
817060:  00 00 00 00 00 00 00 00  00 00 00 00 00 00 00 00  |................|
817070:  00 00 00 00 00 00 00 00  00 00 00 00 00 00 00 00  |................|
817080:  00 00 00 00 00 00 00 00  00 00 00 00 00 00 00 00  |................|
817090:  00 00 00 00 00 00 00 00  00 00 00 00 00 00 00 00  |................|
8170A0:  00 00 00 00 00 00 00 00  00 00 00 00 00 00 00 00  |................|
8170B0:  00 00 00 00 00 00 00 00  00 00 00 00 00 00 00 00  |................|
8170C0:  00 00 00 00 00 00 00 00  00 00 00 00 00 00 00 00  |................|
8170D0:  00 00 00 00 00 00 00 00  00 00 00 00 00 00 00 00  |................|
8170E0:  00 00 00 00 00 00 00 00  00 00 00 00 00 00 00 00  |................|
8170F0:  00 00 00 00 00 00 00 00  00 00 00 00 00 00 00 00  |................|
817100:  00 00 00 00 00 00 00 00  00 00 00 00 00 00 00 00  |................|
817110:  00 00 00 00 00 00 00 00  00 00 00 00 00 00 00 00  |................|
817120:  00 00 00 00 00 00 00 00  00 00 00 00 00 00 00 00  |................|
817130:  00 00 00 00 00 00 00 00  00 00 00 00 00 00 00 00  |................|
817140:  00 00 00 00 00 00 00 00  00 00 00 00 00 00 00 00  |................|
817150:  00 00 00 00 00 00 00 00  00 00 00 00 00 00 00 00  |................|
817160:  00 00 00 00 00 00 00 00  00 00 00 00 00 00 00 00  |................|
817170:  00 00 00 00 00 00 00 00  00 00 00 00 00 00 00 00  |................|
817180:  00 00 00 00 00 00 00 00  00 00 00 00 00 00 00 00  |................|
817190:  00 00 00 00 00 00 00 00  00 00 00 00 00 00 00 00  |................|
8171A0:  00 00 00 00 00 00 00 00  00 00 00 00 00 00 00 00  |................|
8171B0:  00 00 00 00 00 00 00 00  00 00 00 00 00 00 00 00  |................|
8171C0:  00 00 00 00 00 00 00 00  00 00 00 00 00 00 00 00  |................|
8171D0:  00 00 00 00 00 00 00 00  00 00 00 00 00 00 00 00  |................|
8171E0:  00 00 00 00 00 00 00 00  00 00 00 00 00 00 00 00  |................|
8171F0:  00 00 00 00 00 00 00 00  00 00 00 00 00 00 00 00  |................|
817200:  00 00 00 00 00 00 00 00  00 00 00 00 00 00 00 00  |................|
817210:  00 00 00 00 00 00 00 00  00 00 00 00 00 00 00 00  |................|
817220:  00 00 00 00 00 00 00 00  00 00 00 00 00 00 00 00  |................|
817230:  00 00 00 00 00 00 00 00  00 00 00 00 00 00 00 00  |................|
817240:  00 00 00 00 00 00 00 00  00 00 00 00 00 00 00 00  |................|
817250:  00 00 00 00 00 00 00 00  00 00 00 00 00 00 00 00  |................|
817260:  00 00 00 00 00 00 00 00  00 00 00 00 00 00 00 00  |................|
817270:  00 00 00 00 00 00 00 00  00 00 00 00 00 00 00 00  |................|
817280:  00 00 00 00 00 00 00 00  00 00 00 00 00 00 00 00  |................|
817290:  00 00 00 00 00 00 00 00  00 00 00 00 00 00 00 00  |................|
8172A0:  00 00 00 00 00 00 00 00  00 00 00 00 00 00 00 00  |................|
8172B0:  00 00 00 00 00 00 00 00  00 00 00 00 00 00 00 00  |................|
8172C0:  00 00 00 00 00 00 00 00  00 00 00 00 00 00 00 00  |................|
8172D0:  00 00 00 00 00 00 00 00  00 00 00 00 00 00 00 00  |................|
8172E0:  00 00 00 00 00 00 00 00  00 00 00 00 00 00 00 00  |................|
8172F0:  00 00 00 00 00 00 00 00  00 00 00 00 00 00 00 00  |................|
817300:  00 00 00 00 00 00 00 00  00 00 00 00 00 00 00 00  |................|
817310:  00 00 00 00 00 00 00 00  00 00 00 00 00 00 00 00  |................|
817320:  00 00 00 00 00 00 00 00  00 00 00 00 00 00 00 00  |................|
817330:  00 00 00 00 00 00 00 00  00 00 00 00 00 00 00 00  |................|
817340:  00 00 00 00 00 00 00 00  00 00 00 00 00 00 00 00  |................|
817350:  00 00 00 00 00 00 00 00  00 00 00 00 00 00 00 00  |................|
817360:  00 00 00 00 00 00 00 00  00 00 00 00 00 00 00 00  |................|
817370:  00 00 00 00 00 00 00 00  00 00 00 00 00 00 00 00  |................|
817380:  00 00 00 00 00 00 00 00  00 00 00 00 00 00 00 00  |................|
817390:  00 00 00 00 00 00 00 00  00 00 00 00 00 00 00 00  |................|
8173A0:  00 00 00 00 00 00 00 00  00 00 00 00 00 00 00 00  |................|
8173B0:  00 00 00 00 00 00 00 00  00 00 00 00 00 00 00 00  |................|
8173C0:  00 00 00 00 00 00 00 00  00 00 00 00 00 00 00 00  |................|
8173D0:  00 00 00 00 00 00 00 00  00 00 00 00 00 00 00 00  |................|
8173E0:  00 00 00 00 00 00 00 00  00 00 00 00 00 00 00 00  |................|
8173F0:  00 00 00 00 00 00 00 00  00 00 00 00 00 00 00 00  |................|
817400:  00 00 00 00 00 00 00 00  00 00 00 00 00 00 00 00  |................|
817410:  00 00 00 00 00 00 00 00  00 00 00 00 00 00 00 00  |................|
817420:  00 00 00 00 00 00 00 00  00 00 00 00 00 00 00 00  |................|
817430:  00 00 00 00 00 00 00 00  00 00 00 00 00 00 00 00  |................|
817440:  00 00 00 00 00 00 00 00  00 00 00 00 00 00 00 00  |................|
817450:  00 00 00 00 00 00 00 00  00 00 00 00 00 00 00 00  |................|
817460:  00 00 00 00 00 00 00 00  00 00 00 00 00 00 00 00  |................|
817470:  00 00 00 00 00 00 00 00  00 00 00 00 00 00 00 00  |................|
817480:  00 00 00 00 00 00 00 00  00 00 00 00 00 00 00 00  |................|
817490:  00 00 00 00 00 00 00 00  00 00 00 00 00 00 00 00  |................|
8174A0:  00 00 00 00 00 00 00 00  00 00 00 00 00 00 00 00  |................|
8174B0:  00 00 00 00 00 00 00 00  00 00 00 00 00 00 00 00  |................|
8174C0:  00 00 00 00 00 00 00 00  00 00 00 00 00 00 00 00  |................|
8174D0:  00 00 00 00 00 00 00 00  00 00 00 00 00 00 00 00  |................|
8174E0:  00 00 00 00 00 00 00 00  00 00 00 00 00 00 00 00  |................|
8174F0:  00 00 00 00 00 00 00 00  00 00 00 00 00 00 00 00  |................|
817500:  00 00 00 00 00 00 00 00  00 00 00 00 00 00 00 00  |................|
817510:  00 00 00 00 00 00 00 00  00 00 00 00 00 00 00 00  |................|
817520:  00 00 00 00 00 00 00 00  00 00 00 00 00 00 00 00  |................|
817530:  00 00 00 00 00 00 00 00  00 00 00 00 00 00 00 00  |................|
817540:  00 00 00 00 00 00 00 00  00 00 00 00 00 00 00 00  |................|
817550:  00 00 00 00 00 00 00 00  00 00 00 00 00 00 00 00  |................|
817560:  00 00 00 00 00 00 00 00  00 00 00 00 00 00 00 00  |................|
817570:  00 00 00 00 00 00 00 00  00 00 00 00 00 00 00 00  |................|
817580:  00 00 00 00 00 00 00 00  00 00 00 00 00 00 00 00  |................|
817590:  00 00 00 00 00 00 00 00  00 00 00 00 00 00 00 00  |................|
8175A0:  00 00 00 00 00 00 00 00  00 00 00 00 00 00 00 00  |................|
8175B0:  00 00 00 00 00 00 00 00  00 00 00 00 00 00 00 00  |................|
8175C0:  00 00 00 00 00 00 00 00  00 00 00 00 00 00 00 00  |................|
8175D0:  00 00 00 00 00 00 00 00  00 00 00 00 00 00 00 00  |................|
8175E0:  00 00 00 00 00 00 00 00  00 00 00 00 00 00 00 00  |................|
8175F0:  00 00 00 00 00 00 00 00  00 00 00 00 00 00 00 00  |................|
817600:  00 00 00 00 00 00 00 00  00 00 00 00 00 00 00 00  |................|
817610:  00 00 00 00 00 00 00 00  00 00 00 00 00 00 00 00  |................|
817620:  00 00 00 00 00 00 00 00  00 00 00 00 00 00 00 00  |................|
817630:  00 00 00 00 00 00 00 00  00 00 00 00 00 00 00 00  |................|
817640:  00 00 00 00 00 00 00 00  00 00 00 00 00 00 00 00  |................|
817650:  00 00 00 00 00 00 00 00  00 00 00 00 00 00 00 00  |................|
817660:  00 00 00 00 00 00 00 00  00 00 00 00 00 00 00 00  |................|
817670:  00 00 00 00 00 00 00 00  00 00 00 00 00 00 00 00  |................|
817680:  00 00 00 00 00 00 00 00  00 00 00 00 00 00 00 00  |................|
817690:  00 00 00 00 00 00 00 00  00 00 00 00 00 00 00 00  |................|
8176A0:  00 00 00 00 00 00 00 00  00 00 00 00 00 00 00 00  |................|
8176B0:  00 00 00 00 00 00 00 00  00 00 00 00 00 00 00 00  |................|
8176C0:  00 00 00 00 00 00 00 00  00 00 00 00 00 00 00 00  |................|
8176D0:  00 00 00 00 00 00 00 00  00 00 00 00 00 00 00 00  |................|
8176E0:  00 00 00 00 00 00 00 00  00 00 00 00 00 00 00 00  |................|
8176F0:  00 00 00 00 00 00 00 00  00 00 00 00 00 00 00 00  |................|
817700:  00 00 00 00 00 00 00 00  00 00 00 00 00 00 00 00  |................|
817710:  00 00 00 00 00 00 00 00  00 00 00 00 00 00 00 00  |................|
817720:  00 00 00 00 00 00 00 00  00 00 00 00 00 00 00 00  |................|
817730:  00 00 00 00 00 00 00 00  00 00 00 00 00 00 00 00  |................|
817740:  00 00 00 00 00 00 00 00  00 00 00 00 00 00 00 00  |................|
817750:  00 00 00 00 00 00 00 00  00 00 00 00 00 00 00 00  |................|
817760:  00 00 00 00 00 00 00 00  00 00 00 00 00 00 00 00  |................|
817770:  00 00 00 00 00 00 00 00  00 00 00 00 00 00 00 00  |................|
817780:  00 00 00 00 00 00 00 00  00 00 00 00 00 00 00 00  |................|
817790:  00 00 00 00 00 00 00 00  00 00 00 00 00 00 00 00  |................|
8177A0:  00 00 00 00 00 00 00 00  00 00 00 00 00 00 00 00  |................|
8177B0:  00 00 00 00 00 00 00 00  00 00 00 00 00 00 00 00  |................|
8177C0:  00 00 00 00 00 00 00 00  00 00 00 00 00 00 00 00  |................|
8177D0:  00 00 00 00 00 00 00 00  00 00 00 00 00 00 00 00  |................|
8177E0:  00 00 00 00 00 00 00 00  00 00 00 00 00 00 00 00  |................|
8177F0:  00 00 00 00 00 00 00 00  00 00 00 00 00 00 00 00  |................|
817800:  00 00 00 00 00 00 00 00  00 00 00 00 00 00 00 00  |................|
817810:  00 00 00 00 00 00 00 00  00 00 00 00 00 00 00 00  |................|
817820:  00 00 00 00 00 00 00 00  00 00 00 00 00 00 00 00  |................|
817830:  00 00 00 00 00 00 00 00  00 00 00 00 00 00 00 00  |................|
817840:  00 00 00 00 00 00 00 00  00 00 00 00 00 00 00 00  |................|
817850:  00 00 00 00 00 00 00 00  00 00 00 00 00 00 00 00  |................|
817860:  00 00 00 00 00 00 00 00  00 00 00 00 00 00 00 00  |................|
817870:  00 00 00 00 00 00 00 00  00 00 00 00 00 00 00 00  |................|
817880:  00 00 00 00 00 00 00 00  00 00 00 00 00 00 00 00  |................|
817890:  00 00 00 00 00 00 00 00  00 00 00 00 00 00 00 00  |................|
8178A0:  00 00 00 00 00 00 00 00  00 00 00 00 00 00 00 00  |................|
8178B0:  00 00 00 00 00 00 00 00  00 00 00 00 00 00 00 00  |................|
8178C0:  00 00 00 00 00 00 00 00  00 00 00 00 00 00 00 00  |................|
8178D0:  00 00 00 00 00 00 00 00  00 00 00 00 00 00 00 00  |................|
8178E0:  00 00 00 00 00 00 00 00  00 00 00 00 00 00 00 00  |................|
8178F0:  00 00 00 00 00 00 00 00  00 00 00 00 00 00 00 00  |................|
817900:  00 00 00 00 00 00 00 00  00 00 00 00 00 00 00 00  |................|
817910:  00 00 00 00 00 00 00 00  00 00 00 00 00 00 00 00  |................|
817920:  00 00 00 00 00 00 00 00  00 00 00 00 00 00 00 00  |................|
817930:  00 00 00 00 00 00 00 00  00 00 00 00 00 00 00 00  |................|
817940:  00 00 00 00 00 00 00 00  00 00 00 00 00 00 00 00  |................|
817950:  00 00 00 00 00 00 00 00  00 00 00 00 00 00 00 00  |................|
817960:  00 00 00 00 00 00 00 00  00 00 00 00 00 00 00 00  |................|
817970:  00 00 00 00 00 00 00 00  00 00 00 00 00 00 00 00  |................|
817980:  00 00 00 00 00 00 00 00  00 00 00 00 00 00 00 00  |................|
817990:  00 00 00 00 00 00 00 00  00 00 00 00 00 00 00 00  |................|
8179A0:  00 00 00 00 00 00 00 00  00 00 00 00 00 00 00 00  |................|
8179B0:  00 00 00 00 00 00 00 00  00 00 00 00 00 00 00 00  |................|
8179C0:  00 00 00 00 00 00 00 00  00 00 00 00 00 00 00 00  |................|
8179D0:  00 00 00 00 00 00 00 00  00 00 00 00 00 00 00 00  |................|
8179E0:  00 00 00 00 00 00 00 00  00 00 00 00 00 00 00 00  |................|
8179F0:  00 00 00 00 00 00 00 00  00 00 00 00 00 00 00 00  |................|
817A00:  00 00 00 00 00 00 00 00  00 00 00 00 00 00 00 00  |................|
817A10:  00 00 00 00 00 00 00 00  00 00 00 00 00 00 00 00  |................|
817A20:  00 00 00 00 00 00 00 00  00 00 00 00 00 00 00 00  |................|
817A30:  00 00 00 00 00 00 00 00  00 00 00 00 00 00 00 00  |................|
817A40:  00 00 00 00 00 00 00 00  00 00 00 00 00 00 00 00  |................|
817A50:  00 00 00 00 00 00 00 00  00 00 00 00 00 00 00 00  |................|
817A60:  00 00 00 00 00 00 00 00  00 00 00 00 00 00 00 00  |................|
817A70:  00 00 00 00 00 00 00 00  00 00 00 00 00 00 00 00  |................|
817A80:  00 00 00 00 00 00 00 00  00 00 00 00 00 00 00 00  |................|
817A90:  00 00 00 00 00 00 00 00  00 00 00 00 00 00 00 00  |................|
817AA0:  00 00 00 00 00 00 00 00  00 00 00 00 00 00 00 00  |................|
817AB0:  00 00 00 00 00 00 00 00  00 00 00 00 00 00 00 00  |................|
817AC0:  00 00 00 00 00 00 00 00  00 00 00 00 00 00 00 00  |................|
817AD0:  00 00 00 00 00 00 00 00  00 00 00 00 00 00 00 00  |................|
817AE0:  00 00 00 00 00 00 00 00  00 00 00 00 00 00 00 00  |................|
817AF0:  00 00 00 00 00 00 00 00  00 00 00 00 00 00 00 00  |................|
817B00:  00 00 00 00 00 00 00 00  00 00 00 00 00 00 00 00  |................|
817B10:  00 00 00 00 00 00 00 00  00 00 00 00 00 00 00 00  |................|
817B20:  00 00 00 00 00 00 00 00  00 00 00 00 00 00 00 00  |................|
817B30:  00 00 00 00 00 00 00 00  00 00 00 00 00 00 00 00  |................|
817B40:  00 00 00 00 00 00 00 00  00 00 00 00 00 00 00 00  |................|
817B50:  00 00 00 00 00 00 00 00  00 00 00 00 00 00 00 00  |................|
817B60:  00 00 00 00 00 00 00 00  00 00 00 00 00 00 00 00  |................|
817B70:  00 00 00 00 00 00 00 00  00 00 00 00 00 00 00 00  |................|
817B80:  00 00 00 00 00 00 00 00  00 00 00 00 00 00 00 00  |................|
817B90:  00 00 00 00 00 00 00 00  00 00 00 00 00 00 00 00  |................|
817BA0:  00 00 00 00 00 00 00 00  00 00 00 00 00 00 00 00  |................|
817BB0:  00 00 00 00 00 00 00 00  00 00 00 00 00 00 00 00  |................|
817BC0:  00 00 00 00 00 00 00 00  00 00 00 00 00 00 00 00  |................|
817BD0:  00 00 00 00 00 00 00 00  00 00 00 00 00 00 00 00  |................|
817BE0:  00 00 00 00 00 00 00 00  00 00 00 00 00 00 00 00  |................|
817BF0:  00 00 00 00 00 00 00 00  00 00 00 00 00 00 00 00  |................|
817C00:  00 00 00 00 00 00 00 00  00 00 00 00 00 00 00 00  |................|
817C10:  00 00 00 00 00 00 00 00  00 00 00 00 00 00 00 00  |................|
817C20:  00 00 00 00 00 00 00 00  00 00 00 00 00 00 00 00  |................|
817C30:  00 00 00 00 00 00 00 00  00 00 00 00 00 00 00 00  |................|
817C40:  00 00 00 00 00 00 00 00  00 00 00 00 00 00 00 00  |................|
817C50:  00 00 00 00 00 00 00 00  00 00 00 00 00 00 00 00  |................|
817C60:  00 00 00 00 00 00 00 00  00 00 00 00 00 00 00 00  |................|
817C70:  00 00 00 00 00 00 00 00  00 00 00 00 00 00 00 00  |................|
817C80:  00 00 00 00 00 00 00 00  00 00 00 00 00 00 00 00  |................|
817C90:  00 00 00 00 00 00 00 00  00 00 00 00 00 00 00 00  |................|
817CA0:  00 00 00 00 00 00 00 00  00 00 00 00 00 00 00 00  |................|
817CB0:  00 00 00 00 00 00 00 00  00 00 00 00 00 00 00 00  |................|
817CC0:  00 00 00 00 00 00 00 00  00 00 00 00 00 00 00 00  |................|
817CD0:  00 00 00 00 00 00 00 00  00 00 00 00 00 00 00 00  |................|
817CE0:  00 00 00 00 00 00 00 00  00 00 00 00 00 00 00 00  |................|
817CF0:  00 00 00 00 00 00 00 00  00 00 00 00 00 00 00 00  |................|
817D00:  00 00 00 00 00 00 00 00  00 00 00 00 00 00 00 00  |................|
817D10:  00 00 00 00 00 00 00 00  00 00 00 00 00 00 00 00  |................|
817D20:  00 00 00 00 00 00 00 00  00 00 00 00 00 00 00 00  |................|
817D30:  00 00 00 00 00 00 00 00  00 00 00 00 00 00 00 00  |................|
817D40:  00 00 00 00 00 00 00 00  00 00 00 00 00 00 00 00  |................|
817D50:  00 00 00 00 00 00 00 00  00 00 00 00 00 00 00 00  |................|
817D60:  00 00 00 00 00 00 00 00  00 00 00 00 00 00 00 00  |................|
817D70:  00 00 00 00 00 00 00 00  00 00 00 00 00 00 00 00  |................|
817D80:  00 00 00 00 00 00 00 00  00 00 00 00 00 00 00 00  |................|
817D90:  00 00 00 00 00 00 00 00  00 00 00 00 00 00 00 00  |................|
817DA0:  00 00 00 00 00 00 00 00  00 00 00 00 00 00 00 00  |................|
817DB0:  00 00 00 00 00 00 00 00  00 00 00 00 00 00 00 00  |................|
817DC0:  00 00 00 00 00 00 00 00  00 00 00 00 00 00 00 00  |................|
817DD0:  00 00 00 00 00 00 00 00  00 00 00 00 00 00 00 00  |................|
817DE0:  00 00 00 00 00 00 00 00  00 00 00 00 00 00 00 00  |................|
817DF0:  00 00 00 00 00 00 00 00  00 00 00 00 00 00 00 00  |................|
817E00:  00 00 00 00 00 00 00 00  00 00 00 00 00 00 00 00  |................|
817E10:  00 00 00 00 00 00 00 00  00 00 00 00 00 00 00 00  |................|
817E20:  00 00 00 00 00 00 00 00  00 00 00 00 00 00 00 00  |................|
817E30:  00 00 00 00 00 00 00 00  00 00 00 00 00 00 00 00  |................|
817E40:  00 00 00 00 00 00 00 00  00 00 00 00 00 00 00 00  |................|
817E50:  00 00 00 00 00 00 00 00  00 00 00 00 00 00 00 00  |................|
817E60:  00 00 00 00 00 00 00 00  00 00 00 00 00 00 00 00  |................|
817E70:  00 00 00 00 00 00 00 00  00 00 00 00 00 00 00 00  |................|
817E80:  00 00 00 00 00 00 00 00  00 00 00 00 00 00 00 00  |................|
817E90:  00 00 00 00 00 00 00 00  00 00 00 00 00 00 00 00  |................|
817EA0:  00 00 00 00 00 00 00 00  00 00 00 00 00 00 00 00  |................|
817EB0:  00 00 00 00 00 00 00 00  00 00 00 00 00 00 00 00  |................|
817EC0:  00 00 00 00 00 00 00 00  00 00 00 00 00 00 00 00  |................|
817ED0:  00 00 00 00 00 00 00 00  00 00 00 00 00 00 00 00  |................|
817EE0:  00 00 00 00 00 00 00 00  00 00 00 00 00 00 00 00  |................|
817EF0:  00 00 00 00 00 00 00 00  00 00 00 00 00 00 00 00  |................|
817F00:  00 00 00 00 00 00 00 00  00 00 00 00 00 00 00 00  |................|
817F10:  00 00 00 00 00 00 00 00  00 00 00 00 00 00 00 00  |................|
817F20:  00 00 00 00 00 00 00 00  00 00 00 00 00 00 00 00  |................|
817F30:  00 00 00 00 00 00 00 00  00 00 00 00 00 00 00 00  |................|
817F40:  00 00 00 00 00 00 00 00  00 00 00 00 00 00 00 00  |................|
817F50:  00 00 00 00 00 00 00 00  00 00 00 00 00 00 00 00  |................|
817F60:  00 00 00 00 00 00 00 00  00 00 00 00 00 00 00 00  |................|
817F70:  00 00 00 00 00 00 00 00  00 00 00 00 00 00 00 00  |................|
817F80:  00 00 00 00 00 00 00 00  00 00 00 00 00 00 00 00  |................|
817F90:  00 00 00 00 00 00 00 00  00 00 00 00 00 00 00 00  |................|
817FA0:  00 00 00 00 00 00 00 00  00 00 00 00 00 00 00 00  |................|
817FB0:  00 00 00 00 00 00 00 00  00 00 00 00 00 00 00 00  |................|
817FC0:  00 00 00 00 00 00 00 00  00 00 00 00 00 00 00 00  |................|
817FD0:  00 00 00 00 00 00 00 00  00 00 00 00 00 00 00 00  |................|
817FE0:  00 00 00 00 00 00 00 00  00 00 00 00 00 00 00 00  |................|
817FF0:  00 00 00 00 00 00 00 00  00 00 00 00 00 00 00 00  |................|

===============================================
       END OF DEBUG DUMP
===============================================
